# File generated by ImageToStl.com - Free Image and 3D model conversion tools

o obj1
v -0.8999225 -0.52453728 0.90821508
v -0.90244007 -0.52102402 0.90821508
v -0.89787541 -0.52274203 0.90414017
v -0.8967679 -0.52749188 0.90821508
v -0.90406428 -0.52196175 0.91274288
v -0.90133256 -0.52577387 0.91274288
v -0.9020514 -0.52640427 0.91754957
v -0.90489229 -0.52243981 0.91754957
v -0.89790962 -0.5289798 0.91274288
v -0.89849166 -0.52973833 0.91754957
v -0.9020514 -0.52640427 0.92245043
v -0.90489229 -0.52243981 0.92245043
v -0.90133256 -0.52577387 0.92725712
v -0.90406428 -0.52196175 0.92725712
v -0.89849166 -0.52973833 0.92245043
v -0.89790962 -0.5289798 0.92725712
v -0.8999225 -0.52453728 0.93178492
v -0.90244007 -0.52102402 0.93178492
v -0.8967679 -0.52749188 0.93178492
v -0.89787541 -0.52274203 0.93585983
v -0.89392701 -0.53145634 0.91274288
v -0.89434989 -0.53231385 0.91754957
v -0.89309751 -0.52977428 0.90821508
v -0.88953777 -0.53310833 0.91274288
v -0.88905236 -0.53129676 0.90821508
v -0.88978523 -0.53403187 0.91754957
v -0.89511039 -0.52533176 0.90414017
v -0.89526996 -0.52045711 0.90067474
v -0.89300077 -0.52258245 0.90067474
v -0.89189326 -0.5273323 0.90414017
v -0.89036054 -0.52422425 0.90067474
v -0.88834766 -0.52866677 0.90414017
v -0.88478792 -0.53200083 0.90821508
v -0.88082346 -0.52915993 0.90414017
v -0.88046807 -0.53185941 0.90821508
v -0.88491058 -0.53387229 0.91274288
v -0.88497312 -0.53482635 0.91754957
v -0.88022327 -0.53371884 0.91274288
v -0.88009847 -0.53466677 0.91754957
v -0.88460984 -0.52928388 0.90414017
v -0.88745074 -0.52531942 0.90067474
v -0.88855825 -0.52056957 0.89795197
v -0.88639607 -0.52138336 0.89795197
v -0.88438319 -0.52582587 0.90067474
v -0.88127579 -0.52572415 0.90067474
v -0.88411668 -0.52175969 0.89795197
v -0.88340699 -0.52173645 0.89795197
v -0.88127588 -0.52572348 0.90067429
v -0.89434989 -0.53231385 0.92245043
v -0.89392701 -0.53145634 0.92725712
v -0.88978523 -0.53403187 0.92245043
v -0.88953777 -0.53310833 0.92725712
v -0.89309751 -0.52977428 0.93178492
v -0.88905236 -0.53129676 0.93178492
v -0.89511039 -0.52533176 0.93585983
v -0.89189326 -0.5273323 0.93585983
v -0.88497312 -0.53482635 0.92245043
v -0.88491058 -0.53387229 0.92725712
v -0.88009847 -0.53466677 0.92245043
v -0.88022327 -0.53371884 0.92725712
v -0.88478792 -0.53200083 0.93178492
v -0.88834766 -0.52866677 0.93585983
v -0.88046807 -0.53185941 0.93178492
v -0.88082346 -0.52915993 0.93585983
v -0.88460984 -0.52928388 0.93585983
v -0.89526996 -0.52045711 0.93932526
v -0.89300077 -0.52258245 0.93932526
v -0.89036054 -0.52422425 0.93932526
v -0.88745074 -0.52531942 0.93932526
v -0.88855825 -0.52056957 0.94204803
v -0.88438319 -0.52582587 0.93932526
v -0.88639607 -0.52138336 0.94204803
v -0.88127579 -0.52572415 0.93932526
v -0.88411668 -0.52175969 0.94204803
v -0.88127588 -0.52572348 0.93932571
v -0.88340699 -0.52173645 0.94204803
v -0.87959247 -0.52887291 0.90414017
v -0.87827009 -0.53134691 0.90821508
v -0.87735922 -0.53305104 0.91274288
v -0.87689486 -0.53391979 0.91754957
v -0.88127555 -0.52572409 0.90067474
v -0.87689486 -0.53391979 0.92245043
v -0.87735922 -0.53305104 0.92725712
v -0.87827009 -0.53134691 0.93178492
v -0.87959247 -0.52887291 0.93585983
v -0.88127555 -0.52572409 0.93932526
v -0.52453728 -0.8999225 0.90821508
v -0.52749188 -0.8967679 0.90821508
v -0.52274203 -0.89787541 0.90414017
v -0.52102402 -0.90244007 0.90821508
v -0.5289798 -0.89790962 0.91274288
v -0.52577387 -0.90133256 0.91274288
v -0.52640427 -0.9020514 0.91754957
v -0.52973833 -0.89849166 0.91754957
v -0.52196175 -0.90406428 0.91274288
v -0.52243981 -0.90489229 0.91754957
v -0.52973833 -0.89849166 0.92245043
v -0.52640427 -0.9020514 0.92245043
v -0.52577387 -0.90133256 0.92725712
v -0.5289798 -0.89790962 0.92725712
v -0.52243981 -0.90489229 0.92245043
v -0.52196175 -0.90406428 0.92725712
v -0.52453728 -0.8999225 0.93178492
v -0.52749188 -0.8967679 0.93178492
v -0.52102402 -0.90244007 0.93178492
v -0.52274203 -0.89787541 0.93585983
v -0.53145634 -0.89392701 0.91274288
v -0.53231385 -0.89434989 0.91754957
v -0.52977428 -0.89309751 0.90821508
v -0.53310833 -0.88953777 0.91274288
v -0.53129676 -0.88905236 0.90821508
v -0.53403187 -0.88978523 0.91754957
v -0.53200083 -0.88478792 0.90821508
v -0.52866677 -0.88834766 0.90414017
v -0.53185941 -0.88046807 0.90821508
v -0.52915993 -0.88082346 0.90414017
v -0.53387229 -0.88491058 0.91274288
v -0.53482635 -0.88497312 0.91754957
v -0.53371884 -0.88022327 0.91274288
v -0.53466677 -0.88009847 0.91754957
v -0.52533176 -0.89511039 0.90414017
v -0.5273323 -0.89189326 0.90414017
v -0.52258245 -0.89300077 0.90067474
v -0.52531942 -0.88745074 0.90067474
v -0.52422425 -0.89036054 0.90067474
v -0.52056957 -0.88855825 0.89795197
v -0.52582587 -0.88438319 0.90067474
v -0.52928388 -0.88460984 0.90414017
v -0.52572415 -0.88127579 0.90067474
v -0.52138336 -0.88639607 0.89795197
v -0.52175969 -0.88411668 0.89795197
v -0.52173645 -0.88340699 0.89795197
v -0.52572348 -0.88127588 0.90067429
v -0.53231385 -0.89434989 0.92245043
v -0.53145634 -0.89392701 0.92725712
v -0.53403187 -0.88978523 0.92245043
v -0.53310833 -0.88953777 0.92725712
v -0.52977428 -0.89309751 0.93178492
v -0.53129676 -0.88905236 0.93178492
v -0.53466677 -0.88009847 0.92245043
v -0.53482635 -0.88497312 0.92245043
v -0.53387229 -0.88491058 0.92725712
v -0.53371884 -0.88022327 0.92725712
v -0.53200083 -0.88478792 0.93178492
v -0.52866677 -0.88834766 0.93585983
v -0.53185941 -0.88046807 0.93178492
v -0.52915993 -0.88082346 0.93585983
v -0.52533176 -0.89511039 0.93585983
v -0.5273323 -0.89189326 0.93585983
v -0.52928388 -0.88460984 0.93585983
v -0.52258245 -0.89300077 0.93932526
v -0.52422425 -0.89036054 0.93932526
v -0.52531942 -0.88745074 0.93932526
v -0.52056957 -0.88855825 0.94204803
v -0.52582587 -0.88438319 0.93932526
v -0.52572415 -0.88127579 0.93932526
v -0.52138336 -0.88639607 0.94204803
v -0.52175969 -0.88411668 0.94204803
v -0.52173645 -0.88340699 0.94204803
v -0.52572348 -0.88127588 0.93932571
v -0.53134691 -0.87827009 0.90821508
v -0.53305104 -0.87735922 0.91274288
v -0.53391979 -0.87689486 0.91754957
v -0.52887291 -0.87959247 0.90414017
v -0.52572409 -0.88127555 0.90067474
v -0.53391979 -0.87689486 0.92245043
v -0.53305104 -0.87735922 0.92725712
v -0.53134691 -0.87827009 0.93178492
v -0.52887291 -0.87959247 0.93585983
v -0.52572409 -0.88127555 0.93932526
v -0.89052012 -0.5193496 0.89795197
v -0.89220628 -0.51777034 0.89795197
v -0.8888021 -0.51478495 0.89607649
v -0.88963076 -0.51362856 0.89607649
v -0.89355195 -0.51589246 0.89795197
v -0.89450541 -0.51378814 0.89795197
v -0.89021789 -0.51233272 0.89607649
v -0.89503001 -0.51153824 0.89795197
v -0.89058749 -0.50952536 0.89607649
v -0.89054094 -0.51094724 0.89607649
v -0.88991022 -0.50956975 0.89594149
v -0.88926381 -0.51077911 0.89582026
v -0.89472927 -0.50694984 0.89795197
v -0.89073912 -0.508019 0.89624089
v -0.8951056 -0.50922923 0.89795197
v -0.89194758 -0.50575813 0.89704311
v -0.89043326 -0.50859122 0.89607649
v -0.88776376 -0.51575746 0.89607649
v -0.88655565 -0.51650871 0.89607649
v -0.88546101 -0.51789365 0.89645549
v -0.88765864 -0.51378216 0.89577397
v -0.8863856 -0.51616387 0.89600001
v -0.88611203 -0.51667568 0.89607649
v -0.88707949 -0.51486569 0.8958529
v -0.88403781 -0.52055627 0.89745243
v -0.88818646 -0.51279469 0.89574476
v -0.88870744 -0.51182 0.89575921
v -0.89391548 -0.50478766 0.89795197
v -0.89313617 -0.50353443 0.89795197
v -0.90706475 -0.51312264 0.91274288
v -0.9059998 -0.51768996 0.91274288
v -0.90801268 -0.51324744 0.91754957
v -0.90690517 -0.51799729 0.91754957
v -0.90520532 -0.51287785 0.90821508
v -0.9072182 -0.50843533 0.91274288
v -0.90817226 -0.5083728 0.91754957
v -0.90645425 -0.50380814 0.91274288
v -0.90008208 -0.51966263 0.90414017
v -0.90422386 -0.51708711 0.90821508
v -0.90164558 -0.5162119 0.90414017
v -0.89708093 -0.51792992 0.90067474
v -0.89836406 -0.51509798 0.90067474
v -0.89907006 -0.51207012 0.90067474
v -0.90250584 -0.51252245 0.90414017
v -0.90534674 -0.50855799 0.90821508
v -0.9026298 -0.50873607 0.90414017
v -0.90201268 -0.50499825 0.90414017
v -0.89917179 -0.50896272 0.90067474
v -0.89866533 -0.50589517 0.90067474
v -0.90464268 -0.50429355 0.90821508
v -0.90690517 -0.51799729 0.92245043
v -0.90801268 -0.51324744 0.92245043
v -0.9059998 -0.51768996 0.92725712
v -0.90706475 -0.51312264 0.92725712
v -0.90817226 -0.5083728 0.92245043
v -0.90737778 -0.50356068 0.92245043
v -0.9072182 -0.50843533 0.92725712
v -0.90645425 -0.50380814 0.92725712
v -0.90520532 -0.51287785 0.93178492
v -0.90422386 -0.51708711 0.93178492
v -0.90008208 -0.51966263 0.93585983
v -0.90164558 -0.5162119 0.93585983
v -0.90250584 -0.51252245 0.93585983
v -0.90534674 -0.50855799 0.93178492
v -0.90464268 -0.50429355 0.93178492
v -0.9026298 -0.50873607 0.93585983
v -0.90201268 -0.50499825 0.93585983
v -0.90737778 -0.50356068 0.91754957
v -0.90480225 -0.4994189 0.91274288
v -0.90067821 -0.50145266 0.90414017
v -0.90312019 -0.5002484 0.90821508
v -0.89757016 -0.50298538 0.90067474
v -0.89867767 -0.49823553 0.90414017
v -0.90083779 -0.49657801 0.90821508
v -0.90565976 -0.49899603 0.91754957
v -0.89830175 -0.49387031 0.90821508
v -0.89695284 -0.49639394 0.90414017
v -0.90232571 -0.49543629 0.91274288
v -0.90308424 -0.49485425 0.91754957
v -0.8992309 -0.492132 0.91274288
v -0.89956673 -0.4915037 0.91615077
v -0.90565976 -0.49899603 0.92245043
v -0.90480225 -0.4994189 0.92725712
v -0.90312019 -0.5002484 0.93178492
v -0.90067821 -0.50145266 0.93585983
v -0.90083779 -0.49657801 0.93178492
v -0.89867767 -0.49823553 0.93585983
v -0.90308424 -0.49485425 0.92245043
v -0.90232571 -0.49543629 0.92725712
v -0.8992309 -0.492132 0.92725712
v -0.89975018 -0.49129451 0.91754957
v -0.89975018 -0.49129451 0.92245043
v -0.89969838 -0.49125739 0.91754957
v -0.89969838 -0.49125739 0.92245043
v -0.89956673 -0.4915037 0.92384923
v -0.89830175 -0.49387031 0.93178492
v -0.89695284 -0.49639394 0.93585983
v -0.89592836 -0.50034515 0.90067474
v -0.89408472 -0.50175982 0.89912198
v -0.895236 -0.49960592 0.90067474
v -0.89708093 -0.51792992 0.93932526
v -0.89836406 -0.51509798 0.93932526
v -0.89907006 -0.51207012 0.93932526
v -0.89917179 -0.50896272 0.93932526
v -0.89866533 -0.50589517 0.93932526
v -0.89757016 -0.50298538 0.93932526
v -0.89450541 -0.51378814 0.94204803
v -0.89355195 -0.51589246 0.94204803
v -0.89220628 -0.51777034 0.94204803
v -0.89052012 -0.5193496 0.94204803
v -0.8888021 -0.51478495 0.94392351
v -0.88963076 -0.51362856 0.94392351
v -0.89503001 -0.51153824 0.94204803
v -0.8951056 -0.50922923 0.94204803
v -0.89472927 -0.50694984 0.94204803
v -0.89021789 -0.51233272 0.94392351
v -0.89054094 -0.51094724 0.94392351
v -0.89058749 -0.50952536 0.94392351
v -0.88926381 -0.51077911 0.94417974
v -0.88991022 -0.50956975 0.94405851
v -0.89073912 -0.508019 0.94375911
v -0.89391548 -0.50478766 0.94204803
v -0.89194758 -0.50575813 0.94295689
v -0.89043326 -0.50859122 0.94392351
v -0.88776376 -0.51575746 0.94392351
v -0.88655565 -0.51650871 0.94392351
v -0.88546101 -0.51789365 0.94354451
v -0.88707949 -0.51486569 0.9441471
v -0.88765864 -0.51378216 0.94422603
v -0.88611203 -0.51667568 0.94392351
v -0.8863856 -0.51616387 0.94399999
v -0.88403781 -0.52055627 0.94254757
v -0.88818646 -0.51279469 0.94425524
v -0.88870744 -0.51182 0.94424079
v -0.89592836 -0.50034515 0.93932526
v -0.89408472 -0.50175982 0.94087802
v -0.895236 -0.49960592 0.93932526
v -0.89313617 -0.50353443 0.94204803
v -1.02938254 -0.00626921 0.8977446
v -1.0297988 -0.00654735 0.89795197
v -1.02960803 -0.00397977 0.89737817
v -1.03088784 -0.00450989 0.89795197
v -1.03155847 -0.00229912 0.89795197
v -1.02980785 -0.0019509 0.89721263
v -1.03178492 0 0.89795197
v -1.03 0 0.89721263
v -1.03073654 -0.01606837 0.90414017
v -1.02828853 -0.01737686 0.90414017
v -1.02843742 -0.02036973 0.90821508
v -1.03224923 -0.01833227 0.90821508
v -1.03559031 -0.01559031 0.90821508
v -1.03329119 -0.01989167 0.91274288
v -1.03691648 -0.01691648 0.91274288
v -1.03382238 -0.02068665 0.91754957
v -1.03759255 -0.01759255 0.91754957
v -1.02915513 -0.02210244 0.91274288
v -1.02952102 -0.02298577 0.91754957
v -1.02778208 -0.02251895 0.91274288
v -1.03759255 -0.01759255 0.92245043
v -1.04068665 -0.01382238 0.92245043
v -1.03382238 -0.02068665 0.92245043
v -1.03691648 -0.01691648 0.92725712
v -1.03329119 -0.01989167 0.92725712
v -1.02952102 -0.02298577 0.92245043
v -1.02768113 -0.02354389 0.91754957
v -1.02915513 -0.02210244 0.92725712
v -1.02768113 -0.02354389 0.92245043
v -1.03559031 -0.01559031 0.93178492
v -1.03224923 -0.01833227 0.93178492
v -1.02843742 -0.02036973 0.93178492
v -1.03073654 -0.01606837 0.93585983
v -1.02828853 -0.01737686 0.93585983
v -1.03833227 -0.01224923 0.90821508
v -1.04036973 -0.00843742 0.90821508
v -1.03606837 -0.01073654 0.90414017
v -1.03785421 -0.00739546 0.90414017
v -1.04210244 -0.00915513 0.91274288
v -1.03989167 -0.01329119 0.91274288
v -1.04298577 -0.00952102 0.91754957
v -1.04068665 -0.01382238 0.91754957
v -1.03895393 -0.00377017 0.90414017
v -1.04162438 -0.00430136 0.90821508
v -1.04204803 0 0.90821508
v -1.03555509 -0.0030941 0.90067474
v -1.03932526 0 0.90414017
v -1.03585983 0 0.90067474
v -1.04346382 -0.00466724 0.91274288
v -1.04440156 -0.00485377 0.91754957
v -1.04392351 0 0.91274288
v -1.04487962 0 0.91754957
v -1.03366502 -0.01366502 0.90414017
v -1.03318697 -0.00881125 0.90067474
v -1.03121459 -0.01121459 0.90067474
v -1.03465257 -0.00606929 0.90067474
v -1.02871534 -0.01304342 0.90055938
v -1.02869508 -0.01324906 0.90067474
v -1.02881125 -0.01318697 0.90067474
v -1.02910339 -0.00910339 0.89867977
v -1.02929464 -0.00716168 0.89795197
v -1.04298577 -0.00952102 0.92245043
v -1.03989167 -0.01329119 0.92725712
v -1.04210244 -0.00915513 0.92725712
v -1.03833227 -0.01224923 0.93178492
v -1.04036973 -0.00843742 0.93178492
v -1.03606837 -0.01073654 0.93585983
v -1.03785421 -0.00739546 0.93585983
v -1.04440156 -0.00485377 0.92245043
v -1.04346382 -0.00466724 0.92725712
v -1.04487962 0 0.92245043
v -1.04392351 0 0.92725712
v -1.04162438 -0.00430136 0.93178492
v -1.04204803 0 0.93178492
v -1.03895393 -0.00377017 0.93585983
v -1.03932526 0 0.93585983
v -1.03366502 -0.01366502 0.93585983
v -1.02807898 -0.01950439 0.90681332
v -1.02798009 -0.02050845 0.90821508
v -1.02778208 -0.02251895 0.92725712
v -1.02798009 -0.02050845 0.93178492
v -1.02807898 -0.01950439 0.93318668
v -1.03555509 -0.0030941 0.93932526
v -1.03585983 0 0.93932526
v -1.03318697 -0.00881125 0.93932526
v -1.03121459 -0.01121459 0.93932526
v -1.03465257 -0.00606929 0.93932526
v -1.02881125 -0.01318697 0.93932526
v -1.02869508 -0.01324906 0.93932526
v -1.02871534 -0.01304342 0.93944062
v -1.0297988 -0.00654735 0.94204803
v -1.02910339 -0.00910339 0.94132023
v -1.03088784 -0.00450989 0.94204803
v -1.03155847 -0.00229912 0.94204803
v -1.03178492 0 0.94204803
v -1.02929464 -0.00716168 0.94204803
v -1.02938254 -0.00626921 0.9422554
v -1.02960803 -0.00397977 0.94262183
v -1.02980785 -0.0019509 0.94278737
v -1.03 0 0.94278737
v -0.5193496 -0.89052012 0.89795197
v -0.51575746 -0.88776376 0.89607649
v -0.51777034 -0.89220628 0.89795197
v -0.51589246 -0.89355195 0.89795197
v -0.51362856 -0.88963076 0.89607649
v -0.51378814 -0.89450541 0.89795197
v -0.51478495 -0.8888021 0.89607649
v -0.51650871 -0.88655565 0.89607649
v -0.51789365 -0.88546101 0.89645549
v -0.52055627 -0.88403781 0.89745243
v -0.51667568 -0.88611203 0.89607649
v -0.51616387 -0.8863856 0.89600001
v -0.51486569 -0.88707949 0.8958529
v -0.51378216 -0.88765864 0.89577397
v -0.51233272 -0.89021789 0.89607649
v -0.51153824 -0.89503001 0.89795197
v -0.51094724 -0.89054094 0.89607649
v -0.50922923 -0.8951056 0.89795197
v -0.51182 -0.88870744 0.89575921
v -0.51077911 -0.88926381 0.89582026
v -0.50952536 -0.89058749 0.89607649
v -0.50859122 -0.89043326 0.89607649
v -0.50694984 -0.89472927 0.89795197
v -0.50956975 -0.88991022 0.89594149
v -0.508019 -0.89073912 0.89624089
v -0.50575813 -0.89194758 0.89704311
v -0.51279469 -0.88818646 0.89574476
v -0.50478766 -0.89391548 0.89795197
v -0.50353443 -0.89313617 0.89795197
v -0.51768996 -0.9059998 0.91274288
v -0.51312264 -0.90706475 0.91274288
v -0.51324744 -0.90801268 0.91754957
v -0.51799729 -0.90690517 0.91754957
v -0.51966263 -0.90008208 0.90414017
v -0.51708711 -0.90422386 0.90821508
v -0.5162119 -0.90164558 0.90414017
v -0.51287785 -0.90520532 0.90821508
v -0.51509798 -0.89836406 0.90067474
v -0.51792992 -0.89708093 0.90067474
v -0.51252245 -0.90250584 0.90414017
v -0.50843533 -0.9072182 0.91274288
v -0.5083728 -0.90817226 0.91754957
v -0.50380814 -0.90645425 0.91274288
v -0.50855799 -0.90534674 0.90821508
v -0.51207012 -0.89907006 0.90067474
v -0.50873607 -0.9026298 0.90414017
v -0.50499825 -0.90201268 0.90414017
v -0.50896272 -0.89917179 0.90067474
v -0.50589517 -0.89866533 0.90067474
v -0.50429355 -0.90464268 0.90821508
v -0.51799729 -0.90690517 0.92245043
v -0.51324744 -0.90801268 0.92245043
v -0.51768996 -0.9059998 0.92725712
v -0.51312264 -0.90706475 0.92725712
v -0.51708711 -0.90422386 0.93178492
v -0.51966263 -0.90008208 0.93585983
v -0.51287785 -0.90520532 0.93178492
v -0.5162119 -0.90164558 0.93585983
v -0.5083728 -0.90817226 0.92245043
v -0.50356068 -0.90737778 0.92245043
v -0.50843533 -0.9072182 0.92725712
v -0.50380814 -0.90645425 0.92725712
v -0.51252245 -0.90250584 0.93585983
v -0.50855799 -0.90534674 0.93178492
v -0.50429355 -0.90464268 0.93178492
v -0.50873607 -0.9026298 0.93585983
v -0.50499825 -0.90201268 0.93585983
v -0.52045711 -0.89526996 0.90067474
v -0.50356068 -0.90737778 0.91754957
v -0.4994189 -0.90480225 0.91274288
v -0.50145266 -0.90067821 0.90414017
v -0.50298538 -0.89757016 0.90067474
v -0.5002484 -0.90312019 0.90821508
v -0.50034515 -0.89592836 0.90067474
v -0.49823553 -0.89867767 0.90414017
v -0.49657801 -0.90083779 0.90821508
v -0.49899603 -0.90565976 0.91754957
v -0.49639394 -0.89695284 0.90414017
v -0.49387031 -0.89830175 0.90821508
v -0.49543629 -0.90232571 0.91274288
v -0.49485425 -0.90308424 0.91754957
v -0.492132 -0.8992309 0.91274288
v -0.4915037 -0.89956673 0.91615077
v -0.49899603 -0.90565976 0.92245043
v -0.4994189 -0.90480225 0.92725712
v -0.5002484 -0.90312019 0.93178492
v -0.50145266 -0.90067821 0.93585983
v -0.49657801 -0.90083779 0.93178492
v -0.49823553 -0.89867767 0.93585983
v -0.49485425 -0.90308424 0.92245043
v -0.49543629 -0.90232571 0.92725712
v -0.4915037 -0.89956673 0.92384923
v -0.49129451 -0.89975018 0.91754957
v -0.49129451 -0.89975018 0.92245043
v -0.49125739 -0.89969838 0.91754957
v -0.49125739 -0.89969838 0.92245043
v -0.492132 -0.8992309 0.92725712
v -0.49387031 -0.89830175 0.93178492
v -0.49639394 -0.89695284 0.93585983
v -0.50175982 -0.89408472 0.89912198
v -0.49960592 -0.895236 0.90067474
v -0.51792992 -0.89708093 0.93932526
v -0.51509798 -0.89836406 0.93932526
v -0.51207012 -0.89907006 0.93932526
v -0.50896272 -0.89917179 0.93932526
v -0.50589517 -0.89866533 0.93932526
v -0.52045711 -0.89526996 0.93932526
v -0.51777034 -0.89220628 0.94204803
v -0.5193496 -0.89052012 0.94204803
v -0.51589246 -0.89355195 0.94204803
v -0.51378814 -0.89450541 0.94204803
v -0.51575746 -0.88776376 0.94392351
v -0.51362856 -0.88963076 0.94392351
v -0.51478495 -0.8888021 0.94392351
v -0.51650871 -0.88655565 0.94392351
v -0.51667568 -0.88611203 0.94392351
v -0.51789365 -0.88546101 0.94354451
v -0.52055627 -0.88403781 0.94254757
v -0.51616387 -0.8863856 0.94399999
v -0.51486569 -0.88707949 0.9441471
v -0.51378216 -0.88765864 0.94422603
v -0.51153824 -0.89503001 0.94204803
v -0.51233272 -0.89021789 0.94392351
v -0.50922923 -0.8951056 0.94204803
v -0.51094724 -0.89054094 0.94392351
v -0.51077911 -0.88926381 0.94417974
v -0.50956975 -0.88991022 0.94405851
v -0.50694984 -0.89472927 0.94204803
v -0.50952536 -0.89058749 0.94392351
v -0.508019 -0.89073912 0.94375911
v -0.50859122 -0.89043326 0.94392351
v -0.50575813 -0.89194758 0.94295689
v -0.51279469 -0.88818646 0.94425524
v -0.51182 -0.88870744 0.94424079
v -0.50298538 -0.89757016 0.93932526
v -0.50034515 -0.89592836 0.93932526
v -0.50478766 -0.89391548 0.94204803
v -0.50175982 -0.89408472 0.94087802
v -0.50353443 -0.89313617 0.94204803
v -0.49960592 -0.895236 0.93932526
v -0.00626921 -1.02938254 0.8977446
v -0.00397977 -1.02960803 0.89737817
v -0.00450989 -1.03088784 0.89795197
v -0.00229912 -1.03155847 0.89795197
v -0.0019509 -1.02980785 0.89721263
v 0 -1.03178492 0.89795197
v 0 -1.03 0.89721263
v -0.01737686 -1.02828853 0.90414017
v -0.01606837 -1.03073654 0.90414017
v -0.02036973 -1.02843742 0.90821508
v -0.01833227 -1.03224923 0.90821508
v -0.02210244 -1.02915513 0.91274288
v -0.02298577 -1.02952102 0.91754957
v -0.02354389 -1.02768113 0.91754957
v -0.01989167 -1.03329119 0.91274288
v -0.02068665 -1.03382238 0.91754957
v -0.01559031 -1.03559031 0.90821508
v -0.01691648 -1.03691648 0.91274288
v -0.01759255 -1.03759255 0.91754957
v -0.01382238 -1.04068665 0.92245043
v -0.01759255 -1.03759255 0.92245043
v -0.02298577 -1.02952102 0.92245043
v -0.02354389 -1.02768113 0.92245043
v -0.02068665 -1.03382238 0.92245043
v -0.02210244 -1.02915513 0.92725712
v -0.02251895 -1.02778208 0.92725712
v -0.01989167 -1.03329119 0.92725712
v -0.01691648 -1.03691648 0.92725712
v -0.01559031 -1.03559031 0.93178492
v -0.01833227 -1.03224923 0.93178492
v -0.02036973 -1.02843742 0.93178492
v -0.01606837 -1.03073654 0.93585983
v -0.01737686 -1.02828853 0.93585983
v -0.01950439 -1.02807898 0.90681332
v -0.02050845 -1.02798009 0.90821508
v -0.02251895 -1.02778208 0.91274288
v -0.02050845 -1.02798009 0.93178492
v -0.01950439 -1.02807898 0.93318668
v -0.01224923 -1.03833227 0.90821508
v -0.01073654 -1.03606837 0.90414017
v -0.00843742 -1.04036973 0.90821508
v -0.00739546 -1.03785421 0.90414017
v -0.01329119 -1.03989167 0.91274288
v -0.01382238 -1.04068665 0.91754957
v -0.00915513 -1.04210244 0.91274288
v -0.00952102 -1.04298577 0.91754957
v -0.01366502 -1.03366502 0.90414017
v -0.01324906 -1.02869508 0.90067474
v -0.01318697 -1.02881125 0.90067474
v -0.01121459 -1.03121459 0.90067474
v -0.01304342 -1.02871534 0.90055938
v -0.00881125 -1.03318697 0.90067474
v -0.00910339 -1.02910339 0.89867977
v -0.00430136 -1.04162438 0.90821508
v -0.00377017 -1.03895393 0.90414017
v -0.00606929 -1.03465257 0.90067474
v 0 -1.04204803 0.90821508
v -0.0030941 -1.03555509 0.90067474
v 0 -1.03585983 0.90067474
v 0 -1.03932526 0.90414017
v -0.00466724 -1.04346382 0.91274288
v -0.00485377 -1.04440156 0.91754957
v 0 -1.04392351 0.91274288
v 0 -1.04487962 0.91754957
v -0.00654735 -1.0297988 0.89795197
v -0.00716168 -1.02929464 0.89795197
v -0.00952102 -1.04298577 0.92245043
v -0.01329119 -1.03989167 0.92725712
v -0.00915513 -1.04210244 0.92725712
v -0.01224923 -1.03833227 0.93178492
v -0.00843742 -1.04036973 0.93178492
v -0.01073654 -1.03606837 0.93585983
v -0.00739546 -1.03785421 0.93585983
v -0.01366502 -1.03366502 0.93585983
v -0.00485377 -1.04440156 0.92245043
v -0.00466724 -1.04346382 0.92725712
v 0 -1.04487962 0.92245043
v 0 -1.04392351 0.92725712
v -0.00430136 -1.04162438 0.93178492
v -0.00377017 -1.03895393 0.93585983
v 0 -1.04204803 0.93178492
v 0 -1.03932526 0.93585983
v -0.01318697 -1.02881125 0.93932526
v -0.01324906 -1.02869508 0.93932526
v -0.01121459 -1.03121459 0.93932526
v -0.01304342 -1.02871534 0.93944062
v -0.00881125 -1.03318697 0.93932526
v -0.00910339 -1.02910339 0.94132023
v -0.00716168 -1.02929464 0.94204803
v -0.00606929 -1.03465257 0.93932526
v -0.0030941 -1.03555509 0.93932526
v 0 -1.03585983 0.93932526
v -0.00450989 -1.03088784 0.94204803
v -0.00654735 -1.0297988 0.94204803
v -0.00626921 -1.02938254 0.9422554
v -0.00397977 -1.02960803 0.94262183
v -0.00229912 -1.03155847 0.94204803
v 0 -1.03178492 0.94204803
v -0.0019509 -1.02980785 0.94278737
v 0 -1.03 0.94278737
v -1.03155847 0.00229912 0.89795197
v -1.02980785 0.0019509 0.89721263
v -1.03088784 0.00450989 0.89795197
v -1.02960803 0.00397977 0.89737817
v -1.02938254 0.00626921 0.8977446
v -1.03895393 0.00377017 0.90414017
v -1.04162438 0.00430136 0.90821508
v -1.03555509 0.0030941 0.90067474
v -1.03785421 0.00739546 0.90414017
v -1.04036973 0.00843742 0.90821508
v -1.04346382 0.00466724 0.91274288
v -1.04440156 0.00485377 0.91754957
v -1.04210244 0.00915513 0.91274288
v -1.04298577 0.00952102 0.91754957
v -1.03606837 0.01073654 0.90414017
v -1.03833227 0.01224923 0.90821508
v -1.03989167 0.01329119 0.91274288
v -1.04068665 0.01382238 0.91754957
v -1.03559031 0.01559031 0.90821508
v -1.03691648 0.01691648 0.91274288
v -1.03759255 0.01759255 0.91754957
v -1.03465257 0.00606929 0.90067474
v -1.03318697 0.00881125 0.90067474
v -1.0297988 0.00654735 0.89795197
v -1.02929464 0.00716168 0.89795197
v -1.02910339 0.00910339 0.89867977
v -1.03366502 0.01366502 0.90414017
v -1.03121459 0.01121459 0.90067474
v -1.03224923 0.01833227 0.90821508
v -1.02871534 0.01304342 0.90055938
v -1.02881125 0.01318697 0.90067474
v -1.02869508 0.01324906 0.90067474
v -1.03073654 0.01606837 0.90414017
v -1.02828853 0.01737686 0.90414017
v -1.04440156 0.00485377 0.92245043
v -1.04346382 0.00466724 0.92725712
v -1.04298577 0.00952102 0.92245043
v -1.04210244 0.00915513 0.92725712
v -1.04162438 0.00430136 0.93178492
v -1.03895393 0.00377017 0.93585983
v -1.04036973 0.00843742 0.93178492
v -1.03785421 0.00739546 0.93585983
v -1.04068665 0.01382238 0.92245043
v -1.03989167 0.01329119 0.92725712
v -1.03759255 0.01759255 0.92245043
v -1.03691648 0.01691648 0.92725712
v -1.03833227 0.01224923 0.93178492
v -1.03606837 0.01073654 0.93585983
v -1.03559031 0.01559031 0.93178492
v -1.03366502 0.01366502 0.93585983
v -1.03224923 0.01833227 0.93178492
v -1.03073654 0.01606837 0.93585983
v -1.02843742 0.02036973 0.90821508
v -1.03329119 0.01989167 0.91274288
v -1.03382238 0.02068665 0.91754957
v -1.02915513 0.02210244 0.91274288
v -1.02952102 0.02298577 0.91754957
v -1.02768113 0.02354389 0.91754957
v -1.03382238 0.02068665 0.92245043
v -1.03329119 0.01989167 0.92725712
v -1.02952102 0.02298577 0.92245043
v -1.02768113 0.02354389 0.92245043
v -1.02915513 0.02210244 0.92725712
v -1.02778208 0.02251895 0.92725712
v -1.02843742 0.02036973 0.93178492
v -1.02828853 0.01737686 0.93585983
v -1.02807898 0.01950439 0.90681332
v -1.02798009 0.02050845 0.90821508
v -1.02778208 0.02251895 0.91274288
v -1.02807898 0.01950439 0.93318668
v -1.02798009 0.02050845 0.93178492
v -1.03555509 0.0030941 0.93932526
v -1.03155847 0.00229912 0.94204803
v -1.03465257 0.00606929 0.93932526
v -1.03088784 0.00450989 0.94204803
v -1.03318697 0.00881125 0.93932526
v -1.02980785 0.0019509 0.94278737
v -1.02960803 0.00397977 0.94262183
v -1.0297988 0.00654735 0.94204803
v -1.02938254 0.00626921 0.9422554
v -1.02929464 0.00716168 0.94204803
v -1.02910339 0.00910339 0.94132023
v -1.03121459 0.01121459 0.93932526
v -1.02881125 0.01318697 0.93932526
v -1.02871534 0.01304342 0.93944062
v -1.02869508 0.01324906 0.93932526
v -0.89391548 0.50478766 0.89795197
v -0.89194758 0.50575813 0.89704311
v -0.89313617 0.50353443 0.89795197
v -0.89073912 0.508019 0.89624089
v -0.89472927 0.50694984 0.89795197
v -0.89058749 0.50952536 0.89607649
v -0.8951056 0.50922923 0.89795197
v -0.89503001 0.51153824 0.89795197
v -0.88991022 0.50956975 0.89594149
v -0.89043326 0.50859122 0.89607649
v -0.89054094 0.51094724 0.89607649
v -0.89450541 0.51378814 0.89795197
v -0.89355195 0.51589246 0.89795197
v -0.89021789 0.51233272 0.89607649
v -0.88926381 0.51077911 0.89582026
v -0.88963076 0.51362856 0.89607649
v -0.89220628 0.51777034 0.89795197
v -0.8888021 0.51478495 0.89607649
v -0.89052012 0.5193496 0.89795197
v -0.88870744 0.51182 0.89575921
v -0.88818646 0.51279469 0.89574476
v -0.88765864 0.51378216 0.89577397
v -0.88707949 0.51486569 0.8958529
v -0.88776376 0.51575746 0.89607649
v -0.8863856 0.51616387 0.89600001
v -0.88655565 0.51650871 0.89607649
v -0.88611203 0.51667568 0.89607649
v -0.88546101 0.51789365 0.89645549
v -0.88855825 0.52056957 0.89795197
v -0.88639607 0.52138336 0.89795197
v -0.88403781 0.52055627 0.89745243
v -0.88411668 0.52175969 0.89795197
v -0.88340699 0.52173645 0.89795197
v -0.90645425 0.50380814 0.91274288
v -0.90480225 0.4994189 0.91274288
v -0.90737778 0.50356068 0.91754957
v -0.90817226 0.5083728 0.91754957
v -0.90083779 0.49657801 0.90821508
v -0.89695284 0.49639394 0.90414017
v -0.89830175 0.49387031 0.90821508
v -0.89867767 0.49823553 0.90414017
v -0.90232571 0.49543629 0.91274288
v -0.90565976 0.49899603 0.91754957
v -0.90308424 0.49485425 0.91754957
v -0.8992309 0.492132 0.91274288
v -0.89956673 0.4915037 0.91615077
v -0.90067821 0.50145266 0.90414017
v -0.90312019 0.5002484 0.90821508
v -0.90464268 0.50429355 0.90821508
v -0.90201268 0.50499825 0.90414017
v -0.90534674 0.50855799 0.90821508
v -0.89757016 0.50298538 0.90067474
v -0.89866533 0.50589517 0.90067474
v -0.9072182 0.50843533 0.91274288
v -0.90737778 0.50356068 0.92245043
v -0.90565976 0.49899603 0.92245043
v -0.90817226 0.5083728 0.92245043
v -0.90480225 0.4994189 0.92725712
v -0.90645425 0.50380814 0.92725712
v -0.90308424 0.49485425 0.92245043
v -0.90232571 0.49543629 0.92725712
v -0.89975018 0.49129451 0.91754957
v -0.89975018 0.49129451 0.92245043
v -0.89969838 0.49125739 0.91754957
v -0.89969838 0.49125739 0.92245043
v -0.89956673 0.4915037 0.92384923
v -0.90083779 0.49657801 0.93178492
v -0.8992309 0.492132 0.92725712
v -0.89830175 0.49387031 0.93178492
v -0.89867767 0.49823553 0.93585983
v -0.89695284 0.49639394 0.93585983
v -0.90312019 0.5002484 0.93178492
v -0.90067821 0.50145266 0.93585983
v -0.90464268 0.50429355 0.93178492
v -0.9072182 0.50843533 0.92725712
v -0.90201268 0.50499825 0.93585983
v -0.90534674 0.50855799 0.93178492
v -0.90706475 0.51312264 0.91274288
v -0.90520532 0.51287785 0.90821508
v -0.90801268 0.51324744 0.91754957
v -0.9059998 0.51768996 0.91274288
v -0.90690517 0.51799729 0.91754957
v -0.9026298 0.50873607 0.90414017
v -0.90250584 0.51252245 0.90414017
v -0.90164558 0.5162119 0.90414017
v -0.89907006 0.51207012 0.90067474
v -0.89917179 0.50896272 0.90067474
v -0.90422386 0.51708711 0.90821508
v -0.90008208 0.51966263 0.90414017
v -0.90244007 0.52102402 0.90821508
v -0.89836406 0.51509798 0.90067474
v -0.89708093 0.51792992 0.90067474
v -0.89787541 0.52274203 0.90414017
v -0.90406428 0.52196175 0.91274288
v -0.90489229 0.52243981 0.91754957
v -0.90801268 0.51324744 0.92245043
v -0.90706475 0.51312264 0.92725712
v -0.90520532 0.51287785 0.93178492
v -0.90690517 0.51799729 0.92245043
v -0.9059998 0.51768996 0.92725712
v -0.90489229 0.52243981 0.92245043
v -0.9026298 0.50873607 0.93585983
v -0.90250584 0.51252245 0.93585983
v -0.90164558 0.5162119 0.93585983
v -0.90406428 0.52196175 0.92725712
v -0.90422386 0.51708711 0.93178492
v -0.90244007 0.52102402 0.93178492
v -0.90008208 0.51966263 0.93585983
v -0.89787541 0.52274203 0.93585983
v -0.89592836 0.50034515 0.90067474
v -0.895236 0.49960592 0.90067474
v -0.89408472 0.50175982 0.89912198
v -0.89526996 0.52045711 0.90067474
v -0.89300077 0.52258245 0.90067474
v -0.89036054 0.52422425 0.90067474
v -0.88745074 0.52531942 0.90067474
v -0.89757016 0.50298538 0.93932526
v -0.89866533 0.50589517 0.93932526
v -0.89917179 0.50896272 0.93932526
v -0.89907006 0.51207012 0.93932526
v -0.89836406 0.51509798 0.93932526
v -0.89708093 0.51792992 0.93932526
v -0.89592836 0.50034515 0.93932526
v -0.895236 0.49960592 0.93932526
v -0.89408472 0.50175982 0.94087802
v -0.89472927 0.50694984 0.94204803
v -0.89391548 0.50478766 0.94204803
v -0.89313617 0.50353443 0.94204803
v -0.89194758 0.50575813 0.94295689
v -0.8951056 0.50922923 0.94204803
v -0.89503001 0.51153824 0.94204803
v -0.89450541 0.51378814 0.94204803
v -0.89073912 0.508019 0.94375911
v -0.89058749 0.50952536 0.94392351
v -0.89043326 0.50859122 0.94392351
v -0.88991022 0.50956975 0.94405851
v -0.89054094 0.51094724 0.94392351
v -0.89021789 0.51233272 0.94392351
v -0.89355195 0.51589246 0.94204803
v -0.88926381 0.51077911 0.94417974
v -0.88963076 0.51362856 0.94392351
v -0.89526996 0.52045711 0.93932526
v -0.89220628 0.51777034 0.94204803
v -0.8888021 0.51478495 0.94392351
v -0.89052012 0.5193496 0.94204803
v -0.89300077 0.52258245 0.93932526
v -0.89036054 0.52422425 0.93932526
v -0.88855825 0.52056957 0.94204803
v -0.88870744 0.51182 0.94424079
v -0.88818646 0.51279469 0.94425524
v -0.88765864 0.51378216 0.94422603
v -0.88776376 0.51575746 0.94392351
v -0.88707949 0.51486569 0.9441471
v -0.88655565 0.51650871 0.94392351
v -0.8863856 0.51616387 0.94399999
v -0.88611203 0.51667568 0.94392351
v -0.88546101 0.51789365 0.94354451
v -0.88639607 0.52138336 0.94204803
v -0.88745074 0.52531942 0.93932526
v -0.88411668 0.52175969 0.94204803
v -0.88403781 0.52055627 0.94254757
v -0.88340699 0.52173645 0.94204803
v -0.8999225 0.52453728 0.90821508
v -0.8967679 0.52749188 0.90821508
v -0.90133256 0.52577387 0.91274288
v -0.9020514 0.52640427 0.91754957
v -0.89790962 0.5289798 0.91274288
v -0.89849166 0.52973833 0.91754957
v -0.9020514 0.52640427 0.92245043
v -0.90133256 0.52577387 0.92725712
v -0.89849166 0.52973833 0.92245043
v -0.89790962 0.5289798 0.92725712
v -0.8999225 0.52453728 0.93178492
v -0.8967679 0.52749188 0.93178492
v -0.89511039 0.52533176 0.90414017
v -0.89309751 0.52977428 0.90821508
v -0.89189326 0.5273323 0.90414017
v -0.88834766 0.52866677 0.90414017
v -0.88905236 0.53129676 0.90821508
v -0.89392701 0.53145634 0.91274288
v -0.89434989 0.53231385 0.91754957
v -0.88953777 0.53310833 0.91274288
v -0.88978523 0.53403187 0.91754957
v -0.88438319 0.52582587 0.90067474
v -0.88460984 0.52928388 0.90414017
v -0.88478792 0.53200083 0.90821508
v -0.88127579 0.52572415 0.90067474
v -0.88127588 0.52572348 0.90067429
v -0.88082346 0.52915993 0.90414017
v -0.88046807 0.53185941 0.90821508
v -0.88491058 0.53387229 0.91274288
v -0.88497312 0.53482635 0.91754957
v -0.88022327 0.53371884 0.91274288
v -0.88009847 0.53466677 0.91754957
v -0.89434989 0.53231385 0.92245043
v -0.89511039 0.52533176 0.93585983
v -0.89392701 0.53145634 0.92725712
v -0.89309751 0.52977428 0.93178492
v -0.89189326 0.5273323 0.93585983
v -0.88905236 0.53129676 0.93178492
v -0.88978523 0.53403187 0.92245043
v -0.88953777 0.53310833 0.92725712
v -0.88834766 0.52866677 0.93585983
v -0.88478792 0.53200083 0.93178492
v -0.88460984 0.52928388 0.93585983
v -0.88082346 0.52915993 0.93585983
v -0.88497312 0.53482635 0.92245043
v -0.88491058 0.53387229 0.92725712
v -0.88022327 0.53371884 0.92725712
v -0.88009847 0.53466677 0.92245043
v -0.88046807 0.53185941 0.93178492
v -0.88438319 0.52582587 0.93932526
v -0.88127579 0.52572415 0.93932526
v -0.88127588 0.52572348 0.93932571
v -0.88127555 0.52572409 0.90067474
v -0.87959247 0.52887291 0.90414017
v -0.87827009 0.53134691 0.90821508
v -0.87735922 0.53305104 0.91274288
v -0.87689486 0.53391979 0.91754957
v -0.87959247 0.52887291 0.93585983
v -0.87689486 0.53391979 0.92245043
v -0.87735922 0.53305104 0.92725712
v -0.87827009 0.53134691 0.93178492
v -0.88127555 0.52572409 0.93932526
v -0.53134691 0.87827009 0.90821508
v -0.53185941 0.88046807 0.90821508
v -0.52887291 0.87959247 0.90414017
v -0.53305104 0.87735922 0.91274288
v -0.53371884 0.88022327 0.91274288
v -0.53466677 0.88009847 0.91754957
v -0.53391979 0.87689486 0.91754957
v -0.52915993 0.88082346 0.90414017
v -0.52572415 0.88127579 0.90067474
v -0.52572409 0.88127555 0.90067474
v -0.52572348 0.88127588 0.90067429
v -0.53466677 0.88009847 0.92245043
v -0.53391979 0.87689486 0.92245043
v -0.53371884 0.88022327 0.92725712
v -0.53305104 0.87735922 0.92725712
v -0.53185941 0.88046807 0.93178492
v -0.53134691 0.87827009 0.93178492
v -0.52915993 0.88082346 0.93585983
v -0.52887291 0.87959247 0.93585983
v -0.52572415 0.88127579 0.93932526
v -0.52572409 0.88127555 0.93932526
v -0.52572348 0.88127588 0.93932571
v -0.53200083 0.88478792 0.90821508
v -0.53129676 0.88905236 0.90821508
v -0.52866677 0.88834766 0.90414017
v -0.53387229 0.88491058 0.91274288
v -0.53482635 0.88497312 0.91754957
v -0.53310833 0.88953777 0.91274288
v -0.53403187 0.88978523 0.91754957
v -0.52977428 0.89309751 0.90821508
v -0.53145634 0.89392701 0.91274288
v -0.53231385 0.89434989 0.91754957
v -0.5289798 0.89790962 0.91274288
v -0.52928388 0.88460984 0.90414017
v -0.52582587 0.88438319 0.90067474
v -0.52531942 0.88745074 0.90067474
v -0.5273323 0.89189326 0.90414017
v -0.52175969 0.88411668 0.89795197
v -0.52173645 0.88340699 0.89795197
v -0.52138336 0.88639607 0.89795197
v -0.52422425 0.89036054 0.90067474
v -0.52533176 0.89511039 0.90414017
v -0.52749188 0.8967679 0.90821508
v -0.52258245 0.89300077 0.90067474
v -0.52056957 0.88855825 0.89795197
v -0.52274203 0.89787541 0.90414017
v -0.52973833 0.89849166 0.91754957
v -0.53482635 0.88497312 0.92245043
v -0.53387229 0.88491058 0.92725712
v -0.53403187 0.88978523 0.92245043
v -0.53310833 0.88953777 0.92725712
v -0.53200083 0.88478792 0.93178492
v -0.53129676 0.88905236 0.93178492
v -0.52866677 0.88834766 0.93585983
v -0.53231385 0.89434989 0.92245043
v -0.53145634 0.89392701 0.92725712
v -0.52973833 0.89849166 0.92245043
v -0.5289798 0.89790962 0.92725712
v -0.52977428 0.89309751 0.93178492
v -0.52928388 0.88460984 0.93585983
v -0.5273323 0.89189326 0.93585983
v -0.52533176 0.89511039 0.93585983
v -0.52749188 0.8967679 0.93178492
v -0.52274203 0.89787541 0.93585983
v -0.52453728 0.8999225 0.90821508
v -0.52102402 0.90244007 0.90821508
v -0.52577387 0.90133256 0.91274288
v -0.52640427 0.9020514 0.91754957
v -0.52196175 0.90406428 0.91274288
v -0.52243981 0.90489229 0.91754957
v -0.52640427 0.9020514 0.92245043
v -0.52577387 0.90133256 0.92725712
v -0.52243981 0.90489229 0.92245043
v -0.52196175 0.90406428 0.92725712
v -0.52453728 0.8999225 0.93178492
v -0.52102402 0.90244007 0.93178492
v -0.52582587 0.88438319 0.93932526
v -0.52531942 0.88745074 0.93932526
v -0.52175969 0.88411668 0.94204803
v -0.52173645 0.88340699 0.94204803
v -0.52138336 0.88639607 0.94204803
v -0.52422425 0.89036054 0.93932526
v -0.52258245 0.89300077 0.93932526
v -0.52056957 0.88855825 0.94204803
v -0.52055627 0.88403781 0.89745243
v -0.51789365 0.88546101 0.89645549
v -0.51667568 0.88611203 0.89607649
v -0.5193496 0.89052012 0.89795197
v -0.51650871 0.88655565 0.89607649
v -0.51616387 0.8863856 0.89600001
v -0.51575746 0.88776376 0.89607649
v -0.51486569 0.88707949 0.8958529
v -0.51478495 0.8888021 0.89607649
v -0.51378216 0.88765864 0.89577397
v -0.51777034 0.89220628 0.89795197
v -0.51589246 0.89355195 0.89795197
v -0.51362856 0.88963076 0.89607649
v -0.51378814 0.89450541 0.89795197
v -0.51279469 0.88818646 0.89574476
v -0.51182 0.88870744 0.89575921
v -0.51233272 0.89021789 0.89607649
v -0.51077911 0.88926381 0.89582026
v -0.51153824 0.89503001 0.89795197
v -0.51094724 0.89054094 0.89607649
v -0.50956975 0.88991022 0.89594149
v -0.50922923 0.8951056 0.89795197
v -0.50952536 0.89058749 0.89607649
v -0.50859122 0.89043326 0.89607649
v -0.508019 0.89073912 0.89624089
v -0.50694984 0.89472927 0.89795197
v -0.50575813 0.89194758 0.89704311
v -0.50478766 0.89391548 0.89795197
v -0.50353443 0.89313617 0.89795197
v -0.52045711 0.89526996 0.90067474
v -0.51792992 0.89708093 0.90067474
v -0.51966263 0.90008208 0.90414017
v -0.51509798 0.89836406 0.90067474
v -0.51207012 0.89907006 0.90067474
v -0.50896272 0.89917179 0.90067474
v -0.50589517 0.89866533 0.90067474
v -0.51708711 0.90422386 0.90821508
v -0.5162119 0.90164558 0.90414017
v -0.51252245 0.90250584 0.90414017
v -0.51287785 0.90520532 0.90821508
v -0.51768996 0.9059998 0.91274288
v -0.51799729 0.90690517 0.91754957
v -0.51312264 0.90706475 0.91274288
v -0.51324744 0.90801268 0.91754957
v -0.50873607 0.9026298 0.90414017
v -0.50855799 0.90534674 0.90821508
v -0.50499825 0.90201268 0.90414017
v -0.50843533 0.9072182 0.91274288
v -0.50429355 0.90464268 0.90821508
v -0.5083728 0.90817226 0.91754957
v -0.50380814 0.90645425 0.91274288
v -0.51799729 0.90690517 0.92245043
v -0.51768996 0.9059998 0.92725712
v -0.51966263 0.90008208 0.93585983
v -0.51708711 0.90422386 0.93178492
v -0.5162119 0.90164558 0.93585983
v -0.51312264 0.90706475 0.92725712
v -0.51287785 0.90520532 0.93178492
v -0.51324744 0.90801268 0.92245043
v -0.51252245 0.90250584 0.93585983
v -0.50855799 0.90534674 0.93178492
v -0.50843533 0.9072182 0.92725712
v -0.50429355 0.90464268 0.93178492
v -0.50873607 0.9026298 0.93585983
v -0.50499825 0.90201268 0.93585983
v -0.5083728 0.90817226 0.92245043
v -0.50356068 0.90737778 0.91754957
v -0.50380814 0.90645425 0.92725712
v -0.50175982 0.89408472 0.89912198
v -0.50298538 0.89757016 0.90067474
v -0.50034515 0.89592836 0.90067474
v -0.49960592 0.895236 0.90067474
v -0.49639394 0.89695284 0.90414017
v -0.49823553 0.89867767 0.90414017
v -0.50145266 0.90067821 0.90414017
v -0.5002484 0.90312019 0.90821508
v -0.49657801 0.90083779 0.90821508
v -0.4994189 0.90480225 0.91274288
v -0.49899603 0.90565976 0.91754957
v -0.49387031 0.89830175 0.90821508
v -0.492132 0.8992309 0.91274288
v -0.49543629 0.90232571 0.91274288
v -0.49485425 0.90308424 0.91754957
v -0.4915037 0.89956673 0.91615077
v -0.49899603 0.90565976 0.92245043
v -0.50356068 0.90737778 0.92245043
v -0.4994189 0.90480225 0.92725712
v -0.5002484 0.90312019 0.93178492
v -0.50145266 0.90067821 0.93585983
v -0.49823553 0.89867767 0.93585983
v -0.49657801 0.90083779 0.93178492
v -0.49485425 0.90308424 0.92245043
v -0.49543629 0.90232571 0.92725712
v -0.492132 0.8992309 0.92725712
v -0.49129451 0.89975018 0.91754957
v -0.49129451 0.89975018 0.92245043
v -0.49125739 0.89969838 0.91754957
v -0.49125739 0.89969838 0.92245043
v -0.4915037 0.89956673 0.92384923
v -0.49387031 0.89830175 0.93178492
v -0.49639394 0.89695284 0.93585983
v -0.52055627 0.88403781 0.94254757
v -0.51789365 0.88546101 0.94354451
v -0.51650871 0.88655565 0.94392351
v -0.5193496 0.89052012 0.94204803
v -0.51667568 0.88611203 0.94392351
v -0.51616387 0.8863856 0.94399999
v -0.51575746 0.88776376 0.94392351
v -0.51486569 0.88707949 0.9441471
v -0.51478495 0.8888021 0.94392351
v -0.51777034 0.89220628 0.94204803
v -0.51378216 0.88765864 0.94422603
v -0.52045711 0.89526996 0.93932526
v -0.51792992 0.89708093 0.93932526
v -0.51589246 0.89355195 0.94204803
v -0.51362856 0.88963076 0.94392351
v -0.51378814 0.89450541 0.94204803
v -0.51509798 0.89836406 0.93932526
v -0.51279469 0.88818646 0.94425524
v -0.51233272 0.89021789 0.94392351
v -0.51182 0.88870744 0.94424079
v -0.51077911 0.88926381 0.94417974
v -0.51094724 0.89054094 0.94392351
v -0.51153824 0.89503001 0.94204803
v -0.50952536 0.89058749 0.94392351
v -0.50922923 0.8951056 0.94204803
v -0.51207012 0.89907006 0.93932526
v -0.50896272 0.89917179 0.93932526
v -0.50956975 0.88991022 0.94405851
v -0.50859122 0.89043326 0.94392351
v -0.50694984 0.89472927 0.94204803
v -0.508019 0.89073912 0.94375911
v -0.50575813 0.89194758 0.94295689
v -0.50589517 0.89866533 0.93932526
v -0.50478766 0.89391548 0.94204803
v -0.50353443 0.89313617 0.94204803
v -0.50298538 0.89757016 0.93932526
v -0.50175982 0.89408472 0.94087802
v -0.49960592 0.895236 0.93932526
v -0.50034515 0.89592836 0.93932526
v -0.00626921 1.02938254 0.8977446
v -0.00654735 1.0297988 0.89795197
v -0.00397977 1.02960803 0.89737817
v -0.00450989 1.03088784 0.89795197
v -0.0019509 1.02980785 0.89721263
v -0.00229912 1.03155847 0.89795197
v 0 1.03 0.89721263
v 0 1.03178492 0.89795197
v -0.01737686 1.02828853 0.90414017
v -0.01950439 1.02807898 0.90681332
v -0.02036973 1.02843742 0.90821508
v -0.02050845 1.02798009 0.90821508
v -0.02210244 1.02915513 0.91274288
v -0.02251895 1.02778208 0.91274288
v -0.02354389 1.02768113 0.91754957
v -0.02298577 1.02952102 0.91754957
v -0.02354389 1.02768113 0.92245043
v -0.02298577 1.02952102 0.92245043
v -0.02251895 1.02778208 0.92725712
v -0.02210244 1.02915513 0.92725712
v -0.02036973 1.02843742 0.93178492
v -0.02050845 1.02798009 0.93178492
v -0.01950439 1.02807898 0.93318668
v -0.01737686 1.02828853 0.93585983
v -0.01606837 1.03073654 0.90414017
v -0.01833227 1.03224923 0.90821508
v -0.01989167 1.03329119 0.91274288
v -0.02068665 1.03382238 0.91754957
v -0.01559031 1.03559031 0.90821508
v -0.01691648 1.03691648 0.91274288
v -0.01759255 1.03759255 0.91754957
v -0.02068665 1.03382238 0.92245043
v -0.01989167 1.03329119 0.92725712
v -0.01759255 1.03759255 0.92245043
v -0.01691648 1.03691648 0.92725712
v -0.01833227 1.03224923 0.93178492
v -0.01606837 1.03073654 0.93585983
v -0.01559031 1.03559031 0.93178492
v -0.01382238 1.04068665 0.91754957
v -0.01304342 1.02871534 0.90055938
v -0.01324906 1.02869508 0.90067474
v -0.01318697 1.02881125 0.90067474
v -0.01366502 1.03366502 0.90414017
v -0.01121459 1.03121459 0.90067474
v -0.01224923 1.03833227 0.90821508
v -0.00910339 1.02910339 0.89867977
v -0.00716168 1.02929464 0.89795197
v -0.00881125 1.03318697 0.90067474
v -0.01073654 1.03606837 0.90414017
v -0.00739546 1.03785421 0.90414017
v -0.00843742 1.04036973 0.90821508
v -0.01329119 1.03989167 0.91274288
v -0.00915513 1.04210244 0.91274288
v -0.00952102 1.04298577 0.91754957
v -0.00606929 1.03465257 0.90067474
v -0.0030941 1.03555509 0.90067474
v -0.00377017 1.03895393 0.90414017
v 0 1.03585983 0.90067474
v -0.00430136 1.04162438 0.90821508
v 0 1.03932526 0.90414017
v 0 1.04204803 0.90821508
v -0.00466724 1.04346382 0.91274288
v -0.00485377 1.04440156 0.91754957
v 0 1.04392351 0.91274288
v 0 1.04487962 0.91754957
v -0.01366502 1.03366502 0.93585983
v -0.01224923 1.03833227 0.93178492
v -0.01073654 1.03606837 0.93585983
v -0.01382238 1.04068665 0.92245043
v -0.01329119 1.03989167 0.92725712
v -0.00952102 1.04298577 0.92245043
v -0.00915513 1.04210244 0.92725712
v -0.00843742 1.04036973 0.93178492
v -0.00739546 1.03785421 0.93585983
v -0.00485377 1.04440156 0.92245043
v -0.00466724 1.04346382 0.92725712
v 0 1.04487962 0.92245043
v 0 1.04392351 0.92725712
v -0.00430136 1.04162438 0.93178492
v -0.00377017 1.03895393 0.93585983
v 0 1.03932526 0.93585983
v 0 1.04204803 0.93178492
v -0.01318697 1.02881125 0.93932526
v -0.01324906 1.02869508 0.93932526
v -0.01304342 1.02871534 0.93944062
v -0.01121459 1.03121459 0.93932526
v -0.00910339 1.02910339 0.94132023
v -0.00881125 1.03318697 0.93932526
v -0.00716168 1.02929464 0.94204803
v -0.00654735 1.0297988 0.94204803
v -0.00626921 1.02938254 0.9422554
v -0.00606929 1.03465257 0.93932526
v -0.00450989 1.03088784 0.94204803
v -0.00397977 1.02960803 0.94262183
v -0.0030941 1.03555509 0.93932526
v -0.0019509 1.02980785 0.94278737
v -0.00229912 1.03155847 0.94204803
v 0 1.03 0.94278737
v 0 1.03178492 0.94204803
v 0 1.03585983 0.93932526
v 0.00229912 -1.03155847 0.89795197
v 0.0019509 -1.02980785 0.89721263
v 0.00450989 -1.03088784 0.89795197
v 0.00397977 -1.02960803 0.89737817
v 0.00626921 -1.02938254 0.8977446
v 0.00654735 -1.0297988 0.89795197
v 0.00377017 -1.03895393 0.90414017
v 0.00430136 -1.04162438 0.90821508
v 0.0030941 -1.03555509 0.90067474
v 0.00739546 -1.03785421 0.90414017
v 0.00606929 -1.03465257 0.90067474
v 0.00843742 -1.04036973 0.90821508
v 0.00466724 -1.04346382 0.91274288
v 0.00485377 -1.04440156 0.91754957
v 0.00915513 -1.04210244 0.91274288
v 0.00952102 -1.04298577 0.91754957
v 0.00881125 -1.03318697 0.90067474
v 0.00716168 -1.02929464 0.89795197
v 0.01073654 -1.03606837 0.90414017
v 0.01224923 -1.03833227 0.90821508
v 0.01329119 -1.03989167 0.91274288
v 0.01382238 -1.04068665 0.91754957
v 0.01559031 -1.03559031 0.90821508
v 0.01691648 -1.03691648 0.91274288
v 0.01759255 -1.03759255 0.91754957
v 0.01121459 -1.03121459 0.90067474
v 0.01366502 -1.03366502 0.90414017
v 0.00910339 -1.02910339 0.89867977
v 0.01304342 -1.02871534 0.90055938
v 0.01318697 -1.02881125 0.90067474
v 0.01833227 -1.03224923 0.90821508
v 0.01324906 -1.02869508 0.90067474
v 0.01606837 -1.03073654 0.90414017
v 0.01737686 -1.02828853 0.90414017
v 0.00485377 -1.04440156 0.92245043
v 0.00466724 -1.04346382 0.92725712
v 0.00952102 -1.04298577 0.92245043
v 0.00915513 -1.04210244 0.92725712
v 0.00430136 -1.04162438 0.93178492
v 0.00377017 -1.03895393 0.93585983
v 0.00843742 -1.04036973 0.93178492
v 0.00739546 -1.03785421 0.93585983
v 0.01382238 -1.04068665 0.92245043
v 0.01329119 -1.03989167 0.92725712
v 0.01759255 -1.03759255 0.92245043
v 0.01691648 -1.03691648 0.92725712
v 0.01224923 -1.03833227 0.93178492
v 0.01073654 -1.03606837 0.93585983
v 0.01559031 -1.03559031 0.93178492
v 0.01366502 -1.03366502 0.93585983
v 0.01833227 -1.03224923 0.93178492
v 0.01606837 -1.03073654 0.93585983
v 0.02036973 -1.02843742 0.90821508
v 0.01989167 -1.03329119 0.91274288
v 0.02068665 -1.03382238 0.91754957
v 0.02210244 -1.02915513 0.91274288
v 0.02298577 -1.02952102 0.91754957
v 0.02251895 -1.02778208 0.91274288
v 0.02068665 -1.03382238 0.92245043
v 0.01989167 -1.03329119 0.92725712
v 0.02298577 -1.02952102 0.92245043
v 0.02354389 -1.02768113 0.91754957
v 0.02210244 -1.02915513 0.92725712
v 0.02354389 -1.02768113 0.92245043
v 0.02036973 -1.02843742 0.93178492
v 0.01737686 -1.02828853 0.93585983
v 0.01950439 -1.02807898 0.90681332
v 0.02050845 -1.02798009 0.90821508
v 0.02251895 -1.02778208 0.92725712
v 0.02050845 -1.02798009 0.93178492
v 0.01950439 -1.02807898 0.93318668
v 0.0030941 -1.03555509 0.93932526
v 0.00606929 -1.03465257 0.93932526
v 0.00229912 -1.03155847 0.94204803
v 0.00450989 -1.03088784 0.94204803
v 0.0019509 -1.02980785 0.94278737
v 0.00397977 -1.02960803 0.94262183
v 0.00881125 -1.03318697 0.93932526
v 0.00654735 -1.0297988 0.94204803
v 0.00626921 -1.02938254 0.9422554
v 0.00910339 -1.02910339 0.94132023
v 0.00716168 -1.02929464 0.94204803
v 0.01121459 -1.03121459 0.93932526
v 0.01304342 -1.02871534 0.93944062
v 0.01318697 -1.02881125 0.93932526
v 0.01324906 -1.02869508 0.93932526
v 0.50478766 -0.89391548 0.89795197
v 0.50353443 -0.89313617 0.89795197
v 0.50575813 -0.89194758 0.89704311
v 0.50694984 -0.89472927 0.89795197
v 0.508019 -0.89073912 0.89624089
v 0.50922923 -0.8951056 0.89795197
v 0.50952536 -0.89058749 0.89607649
v 0.51153824 -0.89503001 0.89795197
v 0.50956975 -0.88991022 0.89594149
v 0.50859122 -0.89043326 0.89607649
v 0.51094724 -0.89054094 0.89607649
v 0.51233272 -0.89021789 0.89607649
v 0.51077911 -0.88926381 0.89582026
v 0.51378814 -0.89450541 0.89795197
v 0.51362856 -0.88963076 0.89607649
v 0.51182 -0.88870744 0.89575921
v 0.51279469 -0.88818646 0.89574476
v 0.51378216 -0.88765864 0.89577397
v 0.51478495 -0.8888021 0.89607649
v 0.51589246 -0.89355195 0.89795197
v 0.51777034 -0.89220628 0.89795197
v 0.51575746 -0.88776376 0.89607649
v 0.5193496 -0.89052012 0.89795197
v 0.51486569 -0.88707949 0.8958529
v 0.51616387 -0.8863856 0.89600001
v 0.51650871 -0.88655565 0.89607649
v 0.51667568 -0.88611203 0.89607649
v 0.52056957 -0.88855825 0.89795197
v 0.51789365 -0.88546101 0.89645549
v 0.52138336 -0.88639607 0.89795197
v 0.52055627 -0.88403781 0.89745243
v 0.52175969 -0.88411668 0.89795197
v 0.52173645 -0.88340699 0.89795197
v 0.49387031 -0.89830175 0.90821508
v 0.49639394 -0.89695284 0.90414017
v 0.49823553 -0.89867767 0.90414017
v 0.49657801 -0.90083779 0.90821508
v 0.492132 -0.8992309 0.91274288
v 0.49543629 -0.90232571 0.91274288
v 0.4915037 -0.89956673 0.91615077
v 0.4994189 -0.90480225 0.91274288
v 0.49899603 -0.90565976 0.91754957
v 0.49485425 -0.90308424 0.91754957
v 0.50380814 -0.90645425 0.91274288
v 0.50356068 -0.90737778 0.91754957
v 0.5083728 -0.90817226 0.91754957
v 0.50145266 -0.90067821 0.90414017
v 0.50429355 -0.90464268 0.90821508
v 0.5002484 -0.90312019 0.90821508
v 0.50034515 -0.89592836 0.90067474
v 0.50298538 -0.89757016 0.90067474
v 0.50499825 -0.90201268 0.90414017
v 0.50855799 -0.90534674 0.90821508
v 0.50589517 -0.89866533 0.90067474
v 0.50843533 -0.9072182 0.91274288
v 0.49129451 -0.89975018 0.91754957
v 0.49125739 -0.89969838 0.91754957
v 0.49125739 -0.89969838 0.92245043
v 0.49129451 -0.89975018 0.92245043
v 0.49485425 -0.90308424 0.92245043
v 0.4915037 -0.89956673 0.92384923
v 0.492132 -0.8992309 0.92725712
v 0.49899603 -0.90565976 0.92245043
v 0.4994189 -0.90480225 0.92725712
v 0.49543629 -0.90232571 0.92725712
v 0.49387031 -0.89830175 0.93178492
v 0.49657801 -0.90083779 0.93178492
v 0.49639394 -0.89695284 0.93585983
v 0.49823553 -0.89867767 0.93585983
v 0.50356068 -0.90737778 0.92245043
v 0.5083728 -0.90817226 0.92245043
v 0.50380814 -0.90645425 0.92725712
v 0.5002484 -0.90312019 0.93178492
v 0.50429355 -0.90464268 0.93178492
v 0.50145266 -0.90067821 0.93585983
v 0.50843533 -0.9072182 0.92725712
v 0.50499825 -0.90201268 0.93585983
v 0.50855799 -0.90534674 0.93178492
v 0.49960592 -0.895236 0.90067474
v 0.50175982 -0.89408472 0.89912198
v 0.51312264 -0.90706475 0.91274288
v 0.51287785 -0.90520532 0.90821508
v 0.51324744 -0.90801268 0.91754957
v 0.50873607 -0.9026298 0.90414017
v 0.51252245 -0.90250584 0.90414017
v 0.50896272 -0.89917179 0.90067474
v 0.51207012 -0.89907006 0.90067474
v 0.5162119 -0.90164558 0.90414017
v 0.51509798 -0.89836406 0.90067474
v 0.51768996 -0.9059998 0.91274288
v 0.51799729 -0.90690517 0.91754957
v 0.51708711 -0.90422386 0.90821508
v 0.51792992 -0.89708093 0.90067474
v 0.51966263 -0.90008208 0.90414017
v 0.52102402 -0.90244007 0.90821508
v 0.52274203 -0.89787541 0.90414017
v 0.52196175 -0.90406428 0.91274288
v 0.52243981 -0.90489229 0.91754957
v 0.51324744 -0.90801268 0.92245043
v 0.51312264 -0.90706475 0.92725712
v 0.51287785 -0.90520532 0.93178492
v 0.50873607 -0.9026298 0.93585983
v 0.51252245 -0.90250584 0.93585983
v 0.5162119 -0.90164558 0.93585983
v 0.51799729 -0.90690517 0.92245043
v 0.51768996 -0.9059998 0.92725712
v 0.52243981 -0.90489229 0.92245043
v 0.52196175 -0.90406428 0.92725712
v 0.51708711 -0.90422386 0.93178492
v 0.51966263 -0.90008208 0.93585983
v 0.52102402 -0.90244007 0.93178492
v 0.52274203 -0.89787541 0.93585983
v 0.52045711 -0.89526996 0.90067474
v 0.52258245 -0.89300077 0.90067474
v 0.52422425 -0.89036054 0.90067474
v 0.50034515 -0.89592836 0.93932526
v 0.50298538 -0.89757016 0.93932526
v 0.50589517 -0.89866533 0.93932526
v 0.49960592 -0.895236 0.93932526
v 0.50175982 -0.89408472 0.94087802
v 0.50353443 -0.89313617 0.94204803
v 0.50478766 -0.89391548 0.94204803
v 0.50694984 -0.89472927 0.94204803
v 0.50575813 -0.89194758 0.94295689
v 0.50896272 -0.89917179 0.93932526
v 0.51207012 -0.89907006 0.93932526
v 0.51509798 -0.89836406 0.93932526
v 0.51792992 -0.89708093 0.93932526
v 0.50922923 -0.8951056 0.94204803
v 0.508019 -0.89073912 0.94375911
v 0.50859122 -0.89043326 0.94392351
v 0.51153824 -0.89503001 0.94204803
v 0.50952536 -0.89058749 0.94392351
v 0.50956975 -0.88991022 0.94405851
v 0.51094724 -0.89054094 0.94392351
v 0.51378814 -0.89450541 0.94204803
v 0.51233272 -0.89021789 0.94392351
v 0.51077911 -0.88926381 0.94417974
v 0.51182 -0.88870744 0.94424079
v 0.51362856 -0.88963076 0.94392351
v 0.51279469 -0.88818646 0.94425524
v 0.51478495 -0.8888021 0.94392351
v 0.51378216 -0.88765864 0.94422603
v 0.51589246 -0.89355195 0.94204803
v 0.51777034 -0.89220628 0.94204803
v 0.5193496 -0.89052012 0.94204803
v 0.51575746 -0.88776376 0.94392351
v 0.52045711 -0.89526996 0.93932526
v 0.52258245 -0.89300077 0.93932526
v 0.52056957 -0.88855825 0.94204803
v 0.51486569 -0.88707949 0.9441471
v 0.51650871 -0.88655565 0.94392351
v 0.51616387 -0.8863856 0.94399999
v 0.51789365 -0.88546101 0.94354451
v 0.51667568 -0.88611203 0.94392351
v 0.52138336 -0.88639607 0.94204803
v 0.52422425 -0.89036054 0.93932526
v 0.52055627 -0.88403781 0.94254757
v 0.52175969 -0.88411668 0.94204803
v 0.52173645 -0.88340699 0.94204803
v 0.52453728 -0.8999225 0.90821508
v 0.52749188 -0.8967679 0.90821508
v 0.52577387 -0.90133256 0.91274288
v 0.52640427 -0.9020514 0.91754957
v 0.5289798 -0.89790962 0.91274288
v 0.52973833 -0.89849166 0.91754957
v 0.52640427 -0.9020514 0.92245043
v 0.52577387 -0.90133256 0.92725712
v 0.52973833 -0.89849166 0.92245043
v 0.5289798 -0.89790962 0.92725712
v 0.52453728 -0.8999225 0.93178492
v 0.52749188 -0.8967679 0.93178492
v 0.52533176 -0.89511039 0.90414017
v 0.52531942 -0.88745074 0.90067474
v 0.5273323 -0.89189326 0.90414017
v 0.52977428 -0.89309751 0.90821508
v 0.53129676 -0.88905236 0.90821508
v 0.53145634 -0.89392701 0.91274288
v 0.53231385 -0.89434989 0.91754957
v 0.52582587 -0.88438319 0.90067474
v 0.52572415 -0.88127579 0.90067474
v 0.52572348 -0.88127588 0.90067429
v 0.52866677 -0.88834766 0.90414017
v 0.52928388 -0.88460984 0.90414017
v 0.53200083 -0.88478792 0.90821508
v 0.52915993 -0.88082346 0.90414017
v 0.53310833 -0.88953777 0.91274288
v 0.53403187 -0.88978523 0.91754957
v 0.53185941 -0.88046807 0.90821508
v 0.53387229 -0.88491058 0.91274288
v 0.53482635 -0.88497312 0.91754957
v 0.53371884 -0.88022327 0.91274288
v 0.53466677 -0.88009847 0.91754957
v 0.53231385 -0.89434989 0.92245043
v 0.52533176 -0.89511039 0.93585983
v 0.53145634 -0.89392701 0.92725712
v 0.52977428 -0.89309751 0.93178492
v 0.5273323 -0.89189326 0.93585983
v 0.53129676 -0.88905236 0.93178492
v 0.52866677 -0.88834766 0.93585983
v 0.53200083 -0.88478792 0.93178492
v 0.52928388 -0.88460984 0.93585983
v 0.52915993 -0.88082346 0.93585983
v 0.53403187 -0.88978523 0.92245043
v 0.53310833 -0.88953777 0.92725712
v 0.53482635 -0.88497312 0.92245043
v 0.53387229 -0.88491058 0.92725712
v 0.53466677 -0.88009847 0.92245043
v 0.53371884 -0.88022327 0.92725712
v 0.53185941 -0.88046807 0.93178492
v 0.52531942 -0.88745074 0.93932526
v 0.52582587 -0.88438319 0.93932526
v 0.52572415 -0.88127579 0.93932526
v 0.52572348 -0.88127588 0.93932571
v 0.52572409 -0.88127555 0.90067474
v 0.52887291 -0.87959247 0.90414017
v 0.53134691 -0.87827009 0.90821508
v 0.53305104 -0.87735922 0.91274288
v 0.53391979 -0.87689486 0.91754957
v 0.53134691 -0.87827009 0.93178492
v 0.52887291 -0.87959247 0.93585983
v 0.53391979 -0.87689486 0.92245043
v 0.53305104 -0.87735922 0.92725712
v 0.52572409 -0.88127555 0.93932526
v 0.87827009 -0.53134691 0.90821508
v 0.88082346 -0.52915993 0.90414017
v 0.88046807 -0.53185941 0.90821508
v 0.88022327 -0.53371884 0.91274288
v 0.87735922 -0.53305104 0.91274288
v 0.87689486 -0.53391979 0.91754957
v 0.88009847 -0.53466677 0.91754957
v 0.87959247 -0.52887291 0.90414017
v 0.88127555 -0.52572409 0.90067474
v 0.88127579 -0.52572415 0.90067474
v 0.88127588 -0.52572348 0.90067429
v 0.87689486 -0.53391979 0.92245043
v 0.88009847 -0.53466677 0.92245043
v 0.87735922 -0.53305104 0.92725712
v 0.88022327 -0.53371884 0.92725712
v 0.87827009 -0.53134691 0.93178492
v 0.88046807 -0.53185941 0.93178492
v 0.87959247 -0.52887291 0.93585983
v 0.88082346 -0.52915993 0.93585983
v 0.88127555 -0.52572409 0.93932526
v 0.88127579 -0.52572415 0.93932526
v 0.88127588 -0.52572348 0.93932571
v 0.88478792 -0.53200083 0.90821508
v 0.88834766 -0.52866677 0.90414017
v 0.88905236 -0.53129676 0.90821508
v 0.88491058 -0.53387229 0.91274288
v 0.88497312 -0.53482635 0.91754957
v 0.88953777 -0.53310833 0.91274288
v 0.88978523 -0.53403187 0.91754957
v 0.88438319 -0.52582587 0.90067474
v 0.88460984 -0.52928388 0.90414017
v 0.88745074 -0.52531942 0.90067474
v 0.88340699 -0.52173645 0.89795197
v 0.88411668 -0.52175969 0.89795197
v 0.88639607 -0.52138336 0.89795197
v 0.89189326 -0.5273323 0.90414017
v 0.89036054 -0.52422425 0.90067474
v 0.88855825 -0.52056957 0.89795197
v 0.89309751 -0.52977428 0.90821508
v 0.89392701 -0.53145634 0.91274288
v 0.89434989 -0.53231385 0.91754957
v 0.89790962 -0.5289798 0.91274288
v 0.89511039 -0.52533176 0.90414017
v 0.89300077 -0.52258245 0.90067474
v 0.8967679 -0.52749188 0.90821508
v 0.89526996 -0.52045711 0.90067474
v 0.89787541 -0.52274203 0.90414017
v 0.89849166 -0.52973833 0.91754957
v 0.88497312 -0.53482635 0.92245043
v 0.88491058 -0.53387229 0.92725712
v 0.88978523 -0.53403187 0.92245043
v 0.88953777 -0.53310833 0.92725712
v 0.88478792 -0.53200083 0.93178492
v 0.88905236 -0.53129676 0.93178492
v 0.88834766 -0.52866677 0.93585983
v 0.88460984 -0.52928388 0.93585983
v 0.89189326 -0.5273323 0.93585983
v 0.89434989 -0.53231385 0.92245043
v 0.89392701 -0.53145634 0.92725712
v 0.89849166 -0.52973833 0.92245043
v 0.89790962 -0.5289798 0.92725712
v 0.89309751 -0.52977428 0.93178492
v 0.89511039 -0.52533176 0.93585983
v 0.8967679 -0.52749188 0.93178492
v 0.89787541 -0.52274203 0.93585983
v 0.8999225 -0.52453728 0.90821508
v 0.90244007 -0.52102402 0.90821508
v 0.90133256 -0.52577387 0.91274288
v 0.9020514 -0.52640427 0.91754957
v 0.90406428 -0.52196175 0.91274288
v 0.90489229 -0.52243981 0.91754957
v 0.9020514 -0.52640427 0.92245043
v 0.90133256 -0.52577387 0.92725712
v 0.90489229 -0.52243981 0.92245043
v 0.90406428 -0.52196175 0.92725712
v 0.8999225 -0.52453728 0.93178492
v 0.90244007 -0.52102402 0.93178492
v 0.88438319 -0.52582587 0.93932526
v 0.88745074 -0.52531942 0.93932526
v 0.88340699 -0.52173645 0.94204803
v 0.88411668 -0.52175969 0.94204803
v 0.88639607 -0.52138336 0.94204803
v 0.89036054 -0.52422425 0.93932526
v 0.88855825 -0.52056957 0.94204803
v 0.89300077 -0.52258245 0.93932526
v 0.89526996 -0.52045711 0.93932526
v 0.88403781 -0.52055627 0.89745243
v 0.88546101 -0.51789365 0.89645549
v 0.88655565 -0.51650871 0.89607649
v 0.88776376 -0.51575746 0.89607649
v 0.89052012 -0.5193496 0.89795197
v 0.88611203 -0.51667568 0.89607649
v 0.8863856 -0.51616387 0.89600001
v 0.88707949 -0.51486569 0.8958529
v 0.8888021 -0.51478495 0.89607649
v 0.88765864 -0.51378216 0.89577397
v 0.88818646 -0.51279469 0.89574476
v 0.88870744 -0.51182 0.89575921
v 0.89021789 -0.51233272 0.89607649
v 0.88963076 -0.51362856 0.89607649
v 0.88926381 -0.51077911 0.89582026
v 0.89220628 -0.51777034 0.89795197
v 0.89355195 -0.51589246 0.89795197
v 0.89054094 -0.51094724 0.89607649
v 0.89450541 -0.51378814 0.89795197
v 0.88991022 -0.50956975 0.89594149
v 0.89058749 -0.50952536 0.89607649
v 0.89503001 -0.51153824 0.89795197
v 0.89043326 -0.50859122 0.89607649
v 0.89073912 -0.508019 0.89624089
v 0.89472927 -0.50694984 0.89795197
v 0.8951056 -0.50922923 0.89795197
v 0.89194758 -0.50575813 0.89704311
v 0.89391548 -0.50478766 0.89795197
v 0.89313617 -0.50353443 0.89795197
v 0.89708093 -0.51792992 0.90067474
v 0.89836406 -0.51509798 0.90067474
v 0.89907006 -0.51207012 0.90067474
v 0.89917179 -0.50896272 0.90067474
v 0.89866533 -0.50589517 0.90067474
v 0.89408472 -0.50175982 0.89912198
v 0.89757016 -0.50298538 0.90067474
v 0.89592836 -0.50034515 0.90067474
v 0.895236 -0.49960592 0.90067474
v 0.89867767 -0.49823553 0.90414017
v 0.89695284 -0.49639394 0.90414017
v 0.90008208 -0.51966263 0.90414017
v 0.90164558 -0.5162119 0.90414017
v 0.90422386 -0.51708711 0.90821508
v 0.90520532 -0.51287785 0.90821508
v 0.9059998 -0.51768996 0.91274288
v 0.90690517 -0.51799729 0.91754957
v 0.90706475 -0.51312264 0.91274288
v 0.90250584 -0.51252245 0.90414017
v 0.9026298 -0.50873607 0.90414017
v 0.90201268 -0.50499825 0.90414017
v 0.90534674 -0.50855799 0.90821508
v 0.9072182 -0.50843533 0.91274288
v 0.90464268 -0.50429355 0.90821508
v 0.90801268 -0.51324744 0.91754957
v 0.90817226 -0.5083728 0.91754957
v 0.90645425 -0.50380814 0.91274288
v 0.90690517 -0.51799729 0.92245043
v 0.9059998 -0.51768996 0.92725712
v 0.90008208 -0.51966263 0.93585983
v 0.90422386 -0.51708711 0.93178492
v 0.90164558 -0.5162119 0.93585983
v 0.90706475 -0.51312264 0.92725712
v 0.90520532 -0.51287785 0.93178492
v 0.90250584 -0.51252245 0.93585983
v 0.90534674 -0.50855799 0.93178492
v 0.9072182 -0.50843533 0.92725712
v 0.90464268 -0.50429355 0.93178492
v 0.9026298 -0.50873607 0.93585983
v 0.90201268 -0.50499825 0.93585983
v 0.90801268 -0.51324744 0.92245043
v 0.90817226 -0.5083728 0.92245043
v 0.90737778 -0.50356068 0.91754957
v 0.90645425 -0.50380814 0.92725712
v 0.90067821 -0.50145266 0.90414017
v 0.90312019 -0.5002484 0.90821508
v 0.90083779 -0.49657801 0.90821508
v 0.90480225 -0.4994189 0.91274288
v 0.90565976 -0.49899603 0.91754957
v 0.89830175 -0.49387031 0.90821508
v 0.90232571 -0.49543629 0.91274288
v 0.8992309 -0.492132 0.91274288
v 0.90308424 -0.49485425 0.91754957
v 0.89956673 -0.4915037 0.91615077
v 0.90565976 -0.49899603 0.92245043
v 0.90480225 -0.4994189 0.92725712
v 0.90737778 -0.50356068 0.92245043
v 0.90312019 -0.5002484 0.93178492
v 0.90083779 -0.49657801 0.93178492
v 0.89867767 -0.49823553 0.93585983
v 0.90067821 -0.50145266 0.93585983
v 0.90308424 -0.49485425 0.92245043
v 0.89956673 -0.4915037 0.92384923
v 0.90232571 -0.49543629 0.92725712
v 0.89969838 -0.49125739 0.91754957
v 0.89975018 -0.49129451 0.91754957
v 0.89975018 -0.49129451 0.92245043
v 0.89969838 -0.49125739 0.92245043
v 0.8992309 -0.492132 0.92725712
v 0.89830175 -0.49387031 0.93178492
v 0.89695284 -0.49639394 0.93585983
v 0.88403781 -0.52055627 0.94254757
v 0.88546101 -0.51789365 0.94354451
v 0.88655565 -0.51650871 0.94392351
v 0.89052012 -0.5193496 0.94204803
v 0.88776376 -0.51575746 0.94392351
v 0.88611203 -0.51667568 0.94392351
v 0.8863856 -0.51616387 0.94399999
v 0.88707949 -0.51486569 0.9441471
v 0.88765864 -0.51378216 0.94422603
v 0.8888021 -0.51478495 0.94392351
v 0.88963076 -0.51362856 0.94392351
v 0.88818646 -0.51279469 0.94425524
v 0.89021789 -0.51233272 0.94392351
v 0.88870744 -0.51182 0.94424079
v 0.88926381 -0.51077911 0.94417974
v 0.89220628 -0.51777034 0.94204803
v 0.89355195 -0.51589246 0.94204803
v 0.89708093 -0.51792992 0.93932526
v 0.89450541 -0.51378814 0.94204803
v 0.89836406 -0.51509798 0.93932526
v 0.89054094 -0.51094724 0.94392351
v 0.88991022 -0.50956975 0.94405851
v 0.89503001 -0.51153824 0.94204803
v 0.89058749 -0.50952536 0.94392351
v 0.89073912 -0.508019 0.94375911
v 0.89043326 -0.50859122 0.94392351
v 0.8951056 -0.50922923 0.94204803
v 0.89472927 -0.50694984 0.94204803
v 0.89194758 -0.50575813 0.94295689
v 0.89907006 -0.51207012 0.93932526
v 0.89917179 -0.50896272 0.93932526
v 0.89866533 -0.50589517 0.93932526
v 0.89391548 -0.50478766 0.94204803
v 0.89313617 -0.50353443 0.94204803
v 0.89408472 -0.50175982 0.94087802
v 0.89757016 -0.50298538 0.93932526
v 0.89592836 -0.50034515 0.93932526
v 0.895236 -0.49960592 0.93932526
v 1.02938254 -0.00626921 0.8977446
v 1.02960803 -0.00397977 0.89737817
v 1.03088784 -0.00450989 0.89795197
v 1.02980785 -0.0019509 0.89721263
v 1.03155847 -0.00229912 0.89795197
v 1.03 0 0.89721263
v 1.03178492 0 0.89795197
v 1.02828853 -0.01737686 0.90414017
v 1.02843742 -0.02036973 0.90821508
v 1.02807898 -0.01950439 0.90681332
v 1.02798009 -0.02050845 0.90821508
v 1.02778208 -0.02251895 0.91274288
v 1.02915513 -0.02210244 0.91274288
v 1.02768113 -0.02354389 0.91754957
v 1.02952102 -0.02298577 0.91754957
v 1.02768113 -0.02354389 0.92245043
v 1.02952102 -0.02298577 0.92245043
v 1.02778208 -0.02251895 0.92725712
v 1.02915513 -0.02210244 0.92725712
v 1.02798009 -0.02050845 0.93178492
v 1.02843742 -0.02036973 0.93178492
v 1.02807898 -0.01950439 0.93318668
v 1.02828853 -0.01737686 0.93585983
v 1.03073654 -0.01606837 0.90414017
v 1.03224923 -0.01833227 0.90821508
v 1.03329119 -0.01989167 0.91274288
v 1.03382238 -0.02068665 0.91754957
v 1.03559031 -0.01559031 0.90821508
v 1.03691648 -0.01691648 0.91274288
v 1.03759255 -0.01759255 0.91754957
v 1.03382238 -0.02068665 0.92245043
v 1.03329119 -0.01989167 0.92725712
v 1.03759255 -0.01759255 0.92245043
v 1.03691648 -0.01691648 0.92725712
v 1.03224923 -0.01833227 0.93178492
v 1.03073654 -0.01606837 0.93585983
v 1.03559031 -0.01559031 0.93178492
v 1.04068665 -0.01382238 0.91754957
v 1.02869508 -0.01324906 0.90067474
v 1.02881125 -0.01318697 0.90067474
v 1.02871534 -0.01304342 0.90055938
v 1.03121459 -0.01121459 0.90067474
v 1.03366502 -0.01366502 0.90414017
v 1.02910339 -0.00910339 0.89867977
v 1.0297988 -0.00654735 0.89795197
v 1.03318697 -0.00881125 0.90067474
v 1.03833227 -0.01224923 0.90821508
v 1.03465257 -0.00606929 0.90067474
v 1.03606837 -0.01073654 0.90414017
v 1.02929464 -0.00716168 0.89795197
v 1.03555509 -0.0030941 0.90067474
v 1.03785421 -0.00739546 0.90414017
v 1.03585983 0 0.90067474
v 1.04036973 -0.00843742 0.90821508
v 1.03989167 -0.01329119 0.91274288
v 1.04210244 -0.00915513 0.91274288
v 1.04298577 -0.00952102 0.91754957
v 1.03895393 -0.00377017 0.90414017
v 1.04162438 -0.00430136 0.90821508
v 1.03932526 0 0.90414017
v 1.04204803 0 0.90821508
v 1.04346382 -0.00466724 0.91274288
v 1.04440156 -0.00485377 0.91754957
v 1.04392351 0 0.91274288
v 1.04487962 0 0.91754957
v 1.03366502 -0.01366502 0.93585983
v 1.03833227 -0.01224923 0.93178492
v 1.03606837 -0.01073654 0.93585983
v 1.04068665 -0.01382238 0.92245043
v 1.03989167 -0.01329119 0.92725712
v 1.04298577 -0.00952102 0.92245043
v 1.04210244 -0.00915513 0.92725712
v 1.04036973 -0.00843742 0.93178492
v 1.03785421 -0.00739546 0.93585983
v 1.04440156 -0.00485377 0.92245043
v 1.04346382 -0.00466724 0.92725712
v 1.04487962 0 0.92245043
v 1.04392351 0 0.92725712
v 1.04162438 -0.00430136 0.93178492
v 1.03895393 -0.00377017 0.93585983
v 1.04204803 0 0.93178492
v 1.03932526 0 0.93585983
v 1.02869508 -0.01324906 0.93932526
v 1.02881125 -0.01318697 0.93932526
v 1.03121459 -0.01121459 0.93932526
v 1.02871534 -0.01304342 0.93944062
v 1.02910339 -0.00910339 0.94132023
v 1.0297988 -0.00654735 0.94204803
v 1.03318697 -0.00881125 0.93932526
v 1.03465257 -0.00606929 0.93932526
v 1.02929464 -0.00716168 0.94204803
v 1.02938254 -0.00626921 0.9422554
v 1.03088784 -0.00450989 0.94204803
v 1.02960803 -0.00397977 0.94262183
v 1.03155847 -0.00229912 0.94204803
v 1.02980785 -0.0019509 0.94278737
v 1.03 0 0.94278737
v 1.03178492 0 0.94204803
v 1.03555509 -0.0030941 0.93932526
v 1.03585983 0 0.93932526
v 0.0019509 1.02980785 0.89721263
v 0.00229912 1.03155847 0.89795197
v 0.00397977 1.02960803 0.89737817
v 0.00450989 1.03088784 0.89795197
v 0.00626921 1.02938254 0.8977446
v 0.0030941 1.03555509 0.90067474
v 0.00654735 1.0297988 0.89795197
v 0.00606929 1.03465257 0.90067474
v 0.00716168 1.02929464 0.89795197
v 0.00910339 1.02910339 0.89867977
v 0.00881125 1.03318697 0.90067474
v 0.00377017 1.03895393 0.90414017
v 0.00739546 1.03785421 0.90414017
v 0.00430136 1.04162438 0.90821508
v 0.00843742 1.04036973 0.90821508
v 0.00466724 1.04346382 0.91274288
v 0.00485377 1.04440156 0.91754957
v 0.00915513 1.04210244 0.91274288
v 0.00952102 1.04298577 0.91754957
v 0.01121459 1.03121459 0.90067474
v 0.01304342 1.02871534 0.90055938
v 0.01073654 1.03606837 0.90414017
v 0.01366502 1.03366502 0.90414017
v 0.01224923 1.03833227 0.90821508
v 0.01318697 1.02881125 0.90067474
v 0.01324906 1.02869508 0.90067474
v 0.01737686 1.02828853 0.90414017
v 0.01606837 1.03073654 0.90414017
v 0.01833227 1.03224923 0.90821508
v 0.01559031 1.03559031 0.90821508
v 0.01329119 1.03989167 0.91274288
v 0.01382238 1.04068665 0.91754957
v 0.01691648 1.03691648 0.91274288
v 0.01759255 1.03759255 0.91754957
v 0.00485377 1.04440156 0.92245043
v 0.00466724 1.04346382 0.92725712
v 0.00952102 1.04298577 0.92245043
v 0.00915513 1.04210244 0.92725712
v 0.00377017 1.03895393 0.93585983
v 0.00430136 1.04162438 0.93178492
v 0.00739546 1.03785421 0.93585983
v 0.00843742 1.04036973 0.93178492
v 0.01224923 1.03833227 0.93178492
v 0.01073654 1.03606837 0.93585983
v 0.01366502 1.03366502 0.93585983
v 0.01833227 1.03224923 0.93178492
v 0.01606837 1.03073654 0.93585983
v 0.01559031 1.03559031 0.93178492
v 0.01329119 1.03989167 0.92725712
v 0.01382238 1.04068665 0.92245043
v 0.01691648 1.03691648 0.92725712
v 0.01759255 1.03759255 0.92245043
v 0.02036973 1.02843742 0.90821508
v 0.01950439 1.02807898 0.90681332
v 0.02050845 1.02798009 0.90821508
v 0.02251895 1.02778208 0.91274288
v 0.02210244 1.02915513 0.91274288
v 0.02354389 1.02768113 0.91754957
v 0.02298577 1.02952102 0.91754957
v 0.02354389 1.02768113 0.92245043
v 0.02298577 1.02952102 0.92245043
v 0.02251895 1.02778208 0.92725712
v 0.02036973 1.02843742 0.93178492
v 0.01950439 1.02807898 0.93318668
v 0.02050845 1.02798009 0.93178492
v 0.01737686 1.02828853 0.93585983
v 0.02210244 1.02915513 0.92725712
v 0.01989167 1.03329119 0.91274288
v 0.02068665 1.03382238 0.91754957
v 0.02068665 1.03382238 0.92245043
v 0.01989167 1.03329119 0.92725712
v 0.0019509 1.02980785 0.94278737
v 0.00229912 1.03155847 0.94204803
v 0.00397977 1.02960803 0.94262183
v 0.00450989 1.03088784 0.94204803
v 0.0030941 1.03555509 0.93932526
v 0.00654735 1.0297988 0.94204803
v 0.00626921 1.02938254 0.9422554
v 0.00606929 1.03465257 0.93932526
v 0.00716168 1.02929464 0.94204803
v 0.00881125 1.03318697 0.93932526
v 0.00910339 1.02910339 0.94132023
v 0.01121459 1.03121459 0.93932526
v 0.01318697 1.02881125 0.93932526
v 0.01304342 1.02871534 0.93944062
v 0.01324906 1.02869508 0.93932526
v 0.50353443 0.89313617 0.89795197
v 0.50478766 0.89391548 0.89795197
v 0.50575813 0.89194758 0.89704311
v 0.50694984 0.89472927 0.89795197
v 0.51077911 0.88926381 0.89582026
v 0.51094724 0.89054094 0.89607649
v 0.51182 0.88870744 0.89575921
v 0.51233272 0.89021789 0.89607649
v 0.51279469 0.88818646 0.89574476
v 0.51378216 0.88765864 0.89577397
v 0.51362856 0.88963076 0.89607649
v 0.51478495 0.8888021 0.89607649
v 0.508019 0.89073912 0.89624089
v 0.50859122 0.89043326 0.89607649
v 0.50956975 0.88991022 0.89594149
v 0.50952536 0.89058749 0.89607649
v 0.50922923 0.8951056 0.89795197
v 0.51153824 0.89503001 0.89795197
v 0.51378814 0.89450541 0.89795197
v 0.51486569 0.88707949 0.8958529
v 0.51575746 0.88776376 0.89607649
v 0.51616387 0.8863856 0.89600001
v 0.51650871 0.88655565 0.89607649
v 0.51777034 0.89220628 0.89795197
v 0.51667568 0.88611203 0.89607649
v 0.51789365 0.88546101 0.89645549
v 0.52056957 0.88855825 0.89795197
v 0.5193496 0.89052012 0.89795197
v 0.52138336 0.88639607 0.89795197
v 0.52055627 0.88403781 0.89745243
v 0.52173645 0.88340699 0.89795197
v 0.52175969 0.88411668 0.89795197
v 0.51589246 0.89355195 0.89795197
v 0.49960592 0.895236 0.90067474
v 0.49823553 0.89867767 0.90414017
v 0.50034515 0.89592836 0.90067474
v 0.50175982 0.89408472 0.89912198
v 0.50298538 0.89757016 0.90067474
v 0.49639394 0.89695284 0.90414017
v 0.50589517 0.89866533 0.90067474
v 0.49387031 0.89830175 0.90821508
v 0.49657801 0.90083779 0.90821508
v 0.492132 0.8992309 0.91274288
v 0.49543629 0.90232571 0.91274288
v 0.4915037 0.89956673 0.91615077
v 0.49485425 0.90308424 0.91754957
v 0.4994189 0.90480225 0.91274288
v 0.49899603 0.90565976 0.91754957
v 0.50145266 0.90067821 0.90414017
v 0.5002484 0.90312019 0.90821508
v 0.50429355 0.90464268 0.90821508
v 0.50499825 0.90201268 0.90414017
v 0.50855799 0.90534674 0.90821508
v 0.50380814 0.90645425 0.91274288
v 0.50356068 0.90737778 0.91754957
v 0.50843533 0.9072182 0.91274288
v 0.5083728 0.90817226 0.91754957
v 0.49125739 0.89969838 0.91754957
v 0.49129451 0.89975018 0.91754957
v 0.49129451 0.89975018 0.92245043
v 0.49125739 0.89969838 0.92245043
v 0.49485425 0.90308424 0.92245043
v 0.4915037 0.89956673 0.92384923
v 0.49543629 0.90232571 0.92725712
v 0.49899603 0.90565976 0.92245043
v 0.4994189 0.90480225 0.92725712
v 0.492132 0.8992309 0.92725712
v 0.49387031 0.89830175 0.93178492
v 0.49657801 0.90083779 0.93178492
v 0.49823553 0.89867767 0.93585983
v 0.49639394 0.89695284 0.93585983
v 0.50356068 0.90737778 0.92245043
v 0.5002484 0.90312019 0.93178492
v 0.50145266 0.90067821 0.93585983
v 0.50380814 0.90645425 0.92725712
v 0.50429355 0.90464268 0.93178492
v 0.50843533 0.9072182 0.92725712
v 0.50499825 0.90201268 0.93585983
v 0.50855799 0.90534674 0.93178492
v 0.5083728 0.90817226 0.92245043
v 0.50896272 0.89917179 0.90067474
v 0.51207012 0.89907006 0.90067474
v 0.51509798 0.89836406 0.90067474
v 0.52422425 0.89036054 0.90067474
v 0.51792992 0.89708093 0.90067474
v 0.52045711 0.89526996 0.90067474
v 0.52258245 0.89300077 0.90067474
v 0.51966263 0.90008208 0.90414017
v 0.52274203 0.89787541 0.90414017
v 0.50873607 0.9026298 0.90414017
v 0.51252245 0.90250584 0.90414017
v 0.51287785 0.90520532 0.90821508
v 0.5162119 0.90164558 0.90414017
v 0.51312264 0.90706475 0.91274288
v 0.51324744 0.90801268 0.91754957
v 0.51708711 0.90422386 0.90821508
v 0.52102402 0.90244007 0.90821508
v 0.51768996 0.9059998 0.91274288
v 0.52196175 0.90406428 0.91274288
v 0.51799729 0.90690517 0.91754957
v 0.52243981 0.90489229 0.91754957
v 0.51287785 0.90520532 0.93178492
v 0.50873607 0.9026298 0.93585983
v 0.51252245 0.90250584 0.93585983
v 0.5162119 0.90164558 0.93585983
v 0.51312264 0.90706475 0.92725712
v 0.51324744 0.90801268 0.92245043
v 0.51799729 0.90690517 0.92245043
v 0.52243981 0.90489229 0.92245043
v 0.51768996 0.9059998 0.92725712
v 0.52196175 0.90406428 0.92725712
v 0.51708711 0.90422386 0.93178492
v 0.51966263 0.90008208 0.93585983
v 0.52102402 0.90244007 0.93178492
v 0.52274203 0.89787541 0.93585983
v 0.50034515 0.89592836 0.93932526
v 0.49960592 0.895236 0.93932526
v 0.50175982 0.89408472 0.94087802
v 0.50298538 0.89757016 0.93932526
v 0.50353443 0.89313617 0.94204803
v 0.50478766 0.89391548 0.94204803
v 0.50575813 0.89194758 0.94295689
v 0.50694984 0.89472927 0.94204803
v 0.50589517 0.89866533 0.93932526
v 0.51077911 0.88926381 0.94417974
v 0.51182 0.88870744 0.94424079
v 0.51233272 0.89021789 0.94392351
v 0.51362856 0.88963076 0.94392351
v 0.51279469 0.88818646 0.94425524
v 0.51378216 0.88765864 0.94422603
v 0.51478495 0.8888021 0.94392351
v 0.508019 0.89073912 0.94375911
v 0.50922923 0.8951056 0.94204803
v 0.50859122 0.89043326 0.94392351
v 0.50952536 0.89058749 0.94392351
v 0.50956975 0.88991022 0.94405851
v 0.51094724 0.89054094 0.94392351
v 0.51153824 0.89503001 0.94204803
v 0.50896272 0.89917179 0.93932526
v 0.51207012 0.89907006 0.93932526
v 0.51378814 0.89450541 0.94204803
v 0.51509798 0.89836406 0.93932526
v 0.51616387 0.8863856 0.94399999
v 0.51650871 0.88655565 0.94392351
v 0.51575746 0.88776376 0.94392351
v 0.51486569 0.88707949 0.9441471
v 0.51777034 0.89220628 0.94204803
v 0.51667568 0.88611203 0.94392351
v 0.52056957 0.88855825 0.94204803
v 0.5193496 0.89052012 0.94204803
v 0.51789365 0.88546101 0.94354451
v 0.52055627 0.88403781 0.94254757
v 0.52138336 0.88639607 0.94204803
v 0.52173645 0.88340699 0.94204803
v 0.52175969 0.88411668 0.94204803
v 0.52422425 0.89036054 0.93932526
v 0.51589246 0.89355195 0.94204803
v 0.51792992 0.89708093 0.93932526
v 0.52045711 0.89526996 0.93932526
v 0.52258245 0.89300077 0.93932526
v 1.02980785 0.0019509 0.89721263
v 1.03155847 0.00229912 0.89795197
v 1.02960803 0.00397977 0.89737817
v 1.03088784 0.00450989 0.89795197
v 1.02938254 0.00626921 0.8977446
v 1.0297988 0.00654735 0.89795197
v 1.02828853 0.01737686 0.90414017
v 1.02807898 0.01950439 0.90681332
v 1.02843742 0.02036973 0.90821508
v 1.02798009 0.02050845 0.90821508
v 1.02915513 0.02210244 0.91274288
v 1.02778208 0.02251895 0.91274288
v 1.02768113 0.02354389 0.91754957
v 1.02952102 0.02298577 0.91754957
v 1.02768113 0.02354389 0.92245043
v 1.02952102 0.02298577 0.92245043
v 1.02778208 0.02251895 0.92725712
v 1.02915513 0.02210244 0.92725712
v 1.02843742 0.02036973 0.93178492
v 1.02798009 0.02050845 0.93178492
v 1.02807898 0.01950439 0.93318668
v 1.02828853 0.01737686 0.93585983
v 1.02929464 0.00716168 0.89795197
v 1.02910339 0.00910339 0.89867977
v 1.03465257 0.00606929 0.90067474
v 1.03318697 0.00881125 0.90067474
v 1.03555509 0.0030941 0.90067474
v 1.03785421 0.00739546 0.90414017
v 1.03606837 0.01073654 0.90414017
v 1.03121459 0.01121459 0.90067474
v 1.02871534 0.01304342 0.90055938
v 1.02881125 0.01318697 0.90067474
v 1.02869508 0.01324906 0.90067474
v 1.03073654 0.01606837 0.90414017
v 1.03366502 0.01366502 0.90414017
v 1.03224923 0.01833227 0.90821508
v 1.03833227 0.01224923 0.90821508
v 1.03559031 0.01559031 0.90821508
v 1.03895393 0.00377017 0.90414017
v 1.04162438 0.00430136 0.90821508
v 1.04036973 0.00843742 0.90821508
v 1.04346382 0.00466724 0.91274288
v 1.04440156 0.00485377 0.91754957
v 1.04210244 0.00915513 0.91274288
v 1.04298577 0.00952102 0.91754957
v 1.03989167 0.01329119 0.91274288
v 1.03691648 0.01691648 0.91274288
v 1.04068665 0.01382238 0.91754957
v 1.03759255 0.01759255 0.91754957
v 1.03224923 0.01833227 0.93178492
v 1.03073654 0.01606837 0.93585983
v 1.03366502 0.01366502 0.93585983
v 1.03833227 0.01224923 0.93178492
v 1.03606837 0.01073654 0.93585983
v 1.03559031 0.01559031 0.93178492
v 1.04440156 0.00485377 0.92245043
v 1.04346382 0.00466724 0.92725712
v 1.04298577 0.00952102 0.92245043
v 1.04210244 0.00915513 0.92725712
v 1.03895393 0.00377017 0.93585983
v 1.04162438 0.00430136 0.93178492
v 1.03785421 0.00739546 0.93585983
v 1.04036973 0.00843742 0.93178492
v 1.04068665 0.01382238 0.92245043
v 1.03759255 0.01759255 0.92245043
v 1.03691648 0.01691648 0.92725712
v 1.03989167 0.01329119 0.92725712
v 1.03329119 0.01989167 0.91274288
v 1.03382238 0.02068665 0.91754957
v 1.03382238 0.02068665 0.92245043
v 1.03329119 0.01989167 0.92725712
v 1.02980785 0.0019509 0.94278737
v 1.03155847 0.00229912 0.94204803
v 1.02960803 0.00397977 0.94262183
v 1.03088784 0.00450989 0.94204803
v 1.0297988 0.00654735 0.94204803
v 1.02938254 0.00626921 0.9422554
v 1.02910339 0.00910339 0.94132023
v 1.02929464 0.00716168 0.94204803
v 1.03465257 0.00606929 0.93932526
v 1.03318697 0.00881125 0.93932526
v 1.03555509 0.0030941 0.93932526
v 1.03121459 0.01121459 0.93932526
v 1.02871534 0.01304342 0.93944062
v 1.02881125 0.01318697 0.93932526
v 1.02869508 0.01324906 0.93932526
v 0.89313617 0.50353443 0.89795197
v 0.89194758 0.50575813 0.89704311
v 0.89391548 0.50478766 0.89795197
v 0.89472927 0.50694984 0.89795197
v 0.88870744 0.51182 0.89575921
v 0.89021789 0.51233272 0.89607649
v 0.88926381 0.51077911 0.89582026
v 0.88818646 0.51279469 0.89574476
v 0.88963076 0.51362856 0.89607649
v 0.88765864 0.51378216 0.89577397
v 0.8888021 0.51478495 0.89607649
v 0.88546101 0.51789365 0.89645549
v 0.88403781 0.52055627 0.89745243
v 0.88411668 0.52175969 0.89795197
v 0.88639607 0.52138336 0.89795197
v 0.88340699 0.52173645 0.89795197
v 0.88707949 0.51486569 0.8958529
v 0.8863856 0.51616387 0.89600001
v 0.88655565 0.51650871 0.89607649
v 0.88776376 0.51575746 0.89607649
v 0.88611203 0.51667568 0.89607649
v 0.88855825 0.52056957 0.89795197
v 0.89052012 0.5193496 0.89795197
v 0.88991022 0.50956975 0.89594149
v 0.89058749 0.50952536 0.89607649
v 0.89043326 0.50859122 0.89607649
v 0.89054094 0.51094724 0.89607649
v 0.89073912 0.508019 0.89624089
v 0.8951056 0.50922923 0.89795197
v 0.89503001 0.51153824 0.89795197
v 0.89450541 0.51378814 0.89795197
v 0.89355195 0.51589246 0.89795197
v 0.89220628 0.51777034 0.89795197
v 0.89408472 0.50175982 0.89912198
v 0.895236 0.49960592 0.90067474
v 0.89592836 0.50034515 0.90067474
v 0.89695284 0.49639394 0.90414017
v 0.89757016 0.50298538 0.90067474
v 0.89867767 0.49823553 0.90414017
v 0.89866533 0.50589517 0.90067474
v 0.88745074 0.52531942 0.90067474
v 0.89917179 0.50896272 0.90067474
v 0.89907006 0.51207012 0.90067474
v 0.89836406 0.51509798 0.90067474
v 0.89526996 0.52045711 0.90067474
v 0.89036054 0.52422425 0.90067474
v 0.89300077 0.52258245 0.90067474
v 0.89708093 0.51792992 0.90067474
v 0.89787541 0.52274203 0.90414017
v 0.89830175 0.49387031 0.90821508
v 0.90083779 0.49657801 0.90821508
v 0.8992309 0.492132 0.91274288
v 0.90232571 0.49543629 0.91274288
v 0.89956673 0.4915037 0.91615077
v 0.90308424 0.49485425 0.91754957
v 0.90480225 0.4994189 0.91274288
v 0.90565976 0.49899603 0.91754957
v 0.90067821 0.50145266 0.90414017
v 0.90312019 0.5002484 0.90821508
v 0.90201268 0.50499825 0.90414017
v 0.90464268 0.50429355 0.90821508
v 0.90534674 0.50855799 0.90821508
v 0.90645425 0.50380814 0.91274288
v 0.90737778 0.50356068 0.91754957
v 0.9072182 0.50843533 0.91274288
v 0.90817226 0.5083728 0.91754957
v 0.89975018 0.49129451 0.91754957
v 0.89969838 0.49125739 0.91754957
v 0.89969838 0.49125739 0.92245043
v 0.89975018 0.49129451 0.92245043
v 0.90308424 0.49485425 0.92245043
v 0.89956673 0.4915037 0.92384923
v 0.8992309 0.492132 0.92725712
v 0.90232571 0.49543629 0.92725712
v 0.90565976 0.49899603 0.92245043
v 0.90480225 0.4994189 0.92725712
v 0.89830175 0.49387031 0.93178492
v 0.90083779 0.49657801 0.93178492
v 0.89695284 0.49639394 0.93585983
v 0.89867767 0.49823553 0.93585983
v 0.90737778 0.50356068 0.92245043
v 0.90312019 0.5002484 0.93178492
v 0.90067821 0.50145266 0.93585983
v 0.90645425 0.50380814 0.92725712
v 0.90464268 0.50429355 0.93178492
v 0.9072182 0.50843533 0.92725712
v 0.90201268 0.50499825 0.93585983
v 0.90534674 0.50855799 0.93178492
v 0.90817226 0.5083728 0.92245043
v 0.9026298 0.50873607 0.90414017
v 0.90250584 0.51252245 0.90414017
v 0.90164558 0.5162119 0.90414017
v 0.90520532 0.51287785 0.90821508
v 0.90008208 0.51966263 0.90414017
v 0.90422386 0.51708711 0.90821508
v 0.90244007 0.52102402 0.90821508
v 0.90706475 0.51312264 0.91274288
v 0.9059998 0.51768996 0.91274288
v 0.90406428 0.52196175 0.91274288
v 0.90690517 0.51799729 0.91754957
v 0.90489229 0.52243981 0.91754957
v 0.90801268 0.51324744 0.91754957
v 0.90520532 0.51287785 0.93178492
v 0.9026298 0.50873607 0.93585983
v 0.90250584 0.51252245 0.93585983
v 0.90164558 0.5162119 0.93585983
v 0.90690517 0.51799729 0.92245043
v 0.90489229 0.52243981 0.92245043
v 0.90406428 0.52196175 0.92725712
v 0.9059998 0.51768996 0.92725712
v 0.90422386 0.51708711 0.93178492
v 0.90008208 0.51966263 0.93585983
v 0.90244007 0.52102402 0.93178492
v 0.89787541 0.52274203 0.93585983
v 0.90706475 0.51312264 0.92725712
v 0.90801268 0.51324744 0.92245043
v 0.89408472 0.50175982 0.94087802
v 0.89391548 0.50478766 0.94204803
v 0.89313617 0.50353443 0.94204803
v 0.89194758 0.50575813 0.94295689
v 0.895236 0.49960592 0.93932526
v 0.89592836 0.50034515 0.93932526
v 0.89757016 0.50298538 0.93932526
v 0.89472927 0.50694984 0.94204803
v 0.89866533 0.50589517 0.93932526
v 0.88870744 0.51182 0.94424079
v 0.88926381 0.51077911 0.94417974
v 0.89021789 0.51233272 0.94392351
v 0.88818646 0.51279469 0.94425524
v 0.88963076 0.51362856 0.94392351
v 0.88765864 0.51378216 0.94422603
v 0.8888021 0.51478495 0.94392351
v 0.88546101 0.51789365 0.94354451
v 0.88639607 0.52138336 0.94204803
v 0.88403781 0.52055627 0.94254757
v 0.88411668 0.52175969 0.94204803
v 0.88340699 0.52173645 0.94204803
v 0.8863856 0.51616387 0.94399999
v 0.88776376 0.51575746 0.94392351
v 0.88655565 0.51650871 0.94392351
v 0.88707949 0.51486569 0.9441471
v 0.88855825 0.52056957 0.94204803
v 0.88611203 0.51667568 0.94392351
v 0.89052012 0.5193496 0.94204803
v 0.88745074 0.52531942 0.93932526
v 0.89073912 0.508019 0.94375911
v 0.89058749 0.50952536 0.94392351
v 0.89043326 0.50859122 0.94392351
v 0.88991022 0.50956975 0.94405851
v 0.89054094 0.51094724 0.94392351
v 0.8951056 0.50922923 0.94204803
v 0.89503001 0.51153824 0.94204803
v 0.89450541 0.51378814 0.94204803
v 0.89355195 0.51589246 0.94204803
v 0.89917179 0.50896272 0.93932526
v 0.89907006 0.51207012 0.93932526
v 0.89836406 0.51509798 0.93932526
v 0.89220628 0.51777034 0.94204803
v 0.89526996 0.52045711 0.93932526
v 0.89300077 0.52258245 0.93932526
v 0.89036054 0.52422425 0.93932526
v 0.89708093 0.51792992 0.93932526
v 0.52572415 0.88127579 0.90067474
v 0.52572409 0.88127555 0.90067474
v 0.52572348 0.88127588 0.90067429
v 0.52887291 0.87959247 0.90414017
v 0.52915993 0.88082346 0.90414017
v 0.53134691 0.87827009 0.90821508
v 0.53185941 0.88046807 0.90821508
v 0.53305104 0.87735922 0.91274288
v 0.53371884 0.88022327 0.91274288
v 0.53391979 0.87689486 0.91754957
v 0.53466677 0.88009847 0.91754957
v 0.53185941 0.88046807 0.93178492
v 0.52915993 0.88082346 0.93585983
v 0.52887291 0.87959247 0.93585983
v 0.53391979 0.87689486 0.92245043
v 0.53466677 0.88009847 0.92245043
v 0.53305104 0.87735922 0.92725712
v 0.53371884 0.88022327 0.92725712
v 0.53134691 0.87827009 0.93178492
v 0.52572415 0.88127579 0.93932526
v 0.52572348 0.88127588 0.93932571
v 0.52572409 0.88127555 0.93932526
v 0.52582587 0.88438319 0.90067474
v 0.52531942 0.88745074 0.90067474
v 0.52928388 0.88460984 0.90414017
v 0.53200083 0.88478792 0.90821508
v 0.52866677 0.88834766 0.90414017
v 0.5273323 0.89189326 0.90414017
v 0.53129676 0.88905236 0.90821508
v 0.52533176 0.89511039 0.90414017
v 0.52749188 0.8967679 0.90821508
v 0.52977428 0.89309751 0.90821508
v 0.53145634 0.89392701 0.91274288
v 0.5289798 0.89790962 0.91274288
v 0.52973833 0.89849166 0.91754957
v 0.53231385 0.89434989 0.91754957
v 0.53387229 0.88491058 0.91274288
v 0.53482635 0.88497312 0.91754957
v 0.53310833 0.88953777 0.91274288
v 0.53403187 0.88978523 0.91754957
v 0.53200083 0.88478792 0.93178492
v 0.52928388 0.88460984 0.93585983
v 0.52866677 0.88834766 0.93585983
v 0.53129676 0.88905236 0.93178492
v 0.5273323 0.89189326 0.93585983
v 0.53231385 0.89434989 0.92245043
v 0.52973833 0.89849166 0.92245043
v 0.5289798 0.89790962 0.92725712
v 0.52749188 0.8967679 0.93178492
v 0.52533176 0.89511039 0.93585983
v 0.52977428 0.89309751 0.93178492
v 0.53145634 0.89392701 0.92725712
v 0.53482635 0.88497312 0.92245043
v 0.53387229 0.88491058 0.92725712
v 0.53403187 0.88978523 0.92245043
v 0.53310833 0.88953777 0.92725712
v 0.52453728 0.8999225 0.90821508
v 0.52577387 0.90133256 0.91274288
v 0.52640427 0.9020514 0.91754957
v 0.52640427 0.9020514 0.92245043
v 0.52577387 0.90133256 0.92725712
v 0.52453728 0.8999225 0.93178492
v 0.52582587 0.88438319 0.93932526
v 0.52531942 0.88745074 0.93932526
v 0.88127579 0.52572415 0.90067474
v 0.88127588 0.52572348 0.90067429
v 0.88127555 0.52572409 0.90067474
v 0.88082346 0.52915993 0.90414017
v 0.87959247 0.52887291 0.90414017
v 0.88046807 0.53185941 0.90821508
v 0.87827009 0.53134691 0.90821508
v 0.87735922 0.53305104 0.91274288
v 0.88022327 0.53371884 0.91274288
v 0.88009847 0.53466677 0.91754957
v 0.87689486 0.53391979 0.91754957
v 0.87827009 0.53134691 0.93178492
v 0.87959247 0.52887291 0.93585983
v 0.88082346 0.52915993 0.93585983
v 0.88009847 0.53466677 0.92245043
v 0.87689486 0.53391979 0.92245043
v 0.88022327 0.53371884 0.92725712
v 0.87735922 0.53305104 0.92725712
v 0.88046807 0.53185941 0.93178492
v 0.88127579 0.52572415 0.93932526
v 0.88127555 0.52572409 0.93932526
v 0.88127588 0.52572348 0.93932571
v 0.88438319 0.52582587 0.90067474
v 0.88460984 0.52928388 0.90414017
v 0.88478792 0.53200083 0.90821508
v 0.88834766 0.52866677 0.90414017
v 0.88905236 0.53129676 0.90821508
v 0.89189326 0.5273323 0.90414017
v 0.88491058 0.53387229 0.91274288
v 0.88497312 0.53482635 0.91754957
v 0.88953777 0.53310833 0.91274288
v 0.88978523 0.53403187 0.91754957
v 0.89511039 0.52533176 0.90414017
v 0.89309751 0.52977428 0.90821508
v 0.8967679 0.52749188 0.90821508
v 0.89392701 0.53145634 0.91274288
v 0.89790962 0.5289798 0.91274288
v 0.89434989 0.53231385 0.91754957
v 0.89849166 0.52973833 0.91754957
v 0.88478792 0.53200083 0.93178492
v 0.88460984 0.52928388 0.93585983
v 0.88834766 0.52866677 0.93585983
v 0.88905236 0.53129676 0.93178492
v 0.89189326 0.5273323 0.93585983
v 0.88497312 0.53482635 0.92245043
v 0.88491058 0.53387229 0.92725712
v 0.88978523 0.53403187 0.92245043
v 0.88953777 0.53310833 0.92725712
v 0.89434989 0.53231385 0.92245043
v 0.89849166 0.52973833 0.92245043
v 0.89790962 0.5289798 0.92725712
v 0.89309751 0.52977428 0.93178492
v 0.89511039 0.52533176 0.93585983
v 0.8967679 0.52749188 0.93178492
v 0.89392701 0.53145634 0.92725712
v 0.8999225 0.52453728 0.90821508
v 0.90133256 0.52577387 0.91274288
v 0.9020514 0.52640427 0.91754957
v 0.9020514 0.52640427 0.92245043
v 0.90133256 0.52577387 0.92725712
v 0.8999225 0.52453728 0.93178492
v 0.88438319 0.52582587 0.93932526
v -0.8564137 -0.57223734 0.86
v -0.83574052 -0.55842396 0.86
v -0.71073889 -0.71073889 0.86
v -0.8564137 -0.57223734 0.98
v -0.72831998 -0.72831998 0.98
v -0.83574052 -0.55842396 0.98
v -0.57223734 -0.8564137 0.86
v -0.72831998 -0.72831998 0.86
v -0.55842396 -0.83574052 0.86
v -0.57223734 -0.8564137 0.98
v -0.55842396 -0.83574052 0.98
v -0.71073889 -0.71073889 0.98
v -0.95159592 -0.39416394 0.86
v -1.01020884 -0.20094303 0.86
v -0.92862511 -0.38464911 0.86
v -0.95159592 -0.39416394 0.98
v -1.01020884 -0.20094303 0.98
v -0.98582316 -0.19609242 0.98
v -0.92862511 -0.38464911 0.98
v -1.03 0 0.86
v -0.98582316 -0.19609242 0.86
v -1.00513657 0 0.86
v -1.00513657 0 0.98
v -1.03 0 0.98
v -0.39416394 -0.95159592 0.86
v -0.38464911 -0.92862511 0.86
v -0.19609242 -0.98582316 0.86
v -0.20094303 -1.01020884 0.86
v -0.39416394 -0.95159592 0.98
v -0.38464911 -0.92862511 0.98
v -0.20094303 -1.01020884 0.98
v 0 -1.00513657 0.86
v 0 -1.03 0.86
v -0.19609242 -0.98582316 0.98
v 0 -1.03 0.98
v 0 -1.00513657 0.98
v -1.01020884 0.20094303 0.86
v -0.98582316 0.19609242 0.86
v -0.98582316 0.19609242 0.98
v -1.01020884 0.20094303 0.98
v -0.92862511 0.38464911 0.98
v -0.95159592 0.39416394 0.86
v -0.92862511 0.38464911 0.86
v -0.8564137 0.57223734 0.86
v -0.83574052 0.55842396 0.86
v -0.95159592 0.39416394 0.98
v -0.83574052 0.55842396 0.98
v -0.8564137 0.57223734 0.98
v -0.72831998 0.72831998 0.86
v -0.71073889 0.71073889 0.98
v -0.71073889 0.71073889 0.86
v -0.57223734 0.8564137 0.86
v -0.72831998 0.72831998 0.98
v -0.55842396 0.83574052 0.98
v -0.55842396 0.83574052 0.86
v -0.57223734 0.8564137 0.98
v -0.39416394 0.95159592 0.86
v -0.38464911 0.92862511 0.86
v -0.20094303 1.01020884 0.86
v -0.39416394 0.95159592 0.98
v -0.38464911 0.92862511 0.98
v -0.19609242 0.98582316 0.98
v -0.20094303 1.01020884 0.98
v -0.19609242 0.98582316 0.86
v 0 1.03 0.86
v 0 1.00513657 0.86
v 0 1.00513657 0.98
v 0 1.03 0.98
v 0.19609242 -0.98582316 0.86
v 0.20094303 -1.01020884 0.86
v 0.38464911 -0.92862511 0.86
v 0.20094303 -1.01020884 0.98
v 0.19609242 -0.98582316 0.98
v 0.39416394 -0.95159592 0.86
v 0.55842396 -0.83574052 0.86
v 0.57223734 -0.8564137 0.86
v 0.39416394 -0.95159592 0.98
v 0.38464911 -0.92862511 0.98
v 0.57223734 -0.8564137 0.98
v 0.55842396 -0.83574052 0.98
v 0.71073889 -0.71073889 0.86
v 0.72831998 -0.72831998 0.98
v 0.72831998 -0.72831998 0.86
v 0.83574052 -0.55842396 0.86
v 0.71073889 -0.71073889 0.98
v 0.8564137 -0.57223734 0.98
v 0.8564137 -0.57223734 0.86
v 0.83574052 -0.55842396 0.98
v 0.92862511 -0.38464911 0.86
v 0.95159592 -0.39416394 0.86
v 0.98582316 -0.19609242 0.86
v 1.01020884 -0.20094303 0.86
v 0.95159592 -0.39416394 0.98
v 0.92862511 -0.38464911 0.98
v 1.01020884 -0.20094303 0.98
v 1.00513657 0 0.86
v 1.03 0 0.86
v 0.98582316 -0.19609242 0.98
v 1.03 0 0.98
v 1.00513657 0 0.98
v 0.20094303 1.01020884 0.86
v 0.19609242 0.98582316 0.86
v 0.19609242 0.98582316 0.98
v 0.20094303 1.01020884 0.98
v 0.38464911 0.92862511 0.98
v 0.39416394 0.95159592 0.86
v 0.38464911 0.92862511 0.86
v 0.57223734 0.8564137 0.86
v 0.55842396 0.83574052 0.86
v 0.39416394 0.95159592 0.98
v 0.55842396 0.83574052 0.98
v 0.57223734 0.8564137 0.98
v 0.98582316 0.19609242 0.86
v 0.92862511 0.38464911 0.86
v 1.01020884 0.20094303 0.86
v 1.01020884 0.20094303 0.98
v 0.98582316 0.19609242 0.98
v 0.83574052 0.55842396 0.86
v 0.95159592 0.39416394 0.86
v 0.8564137 0.57223734 0.86
v 0.92862511 0.38464911 0.98
v 0.95159592 0.39416394 0.98
v 0.8564137 0.57223734 0.98
v 0.83574052 0.55842396 0.98
v 0.71073889 0.71073889 0.86
v 0.72831998 0.72831998 0.86
v 0.72831998 0.72831998 0.98
v 0.71073889 0.71073889 0.98
v -0.03325878 -0.02222281 1.94
v -0.03325878 -0.02222281 1.975
v -0.03695518 -0.01530734 1.94
v -0.03695518 -0.01530734 1.975
v -0.03923141 -0.00780361 1.94
v -0.03923141 -0.00780361 1.975
v -0.04 0 1.94
v -0.04 0 1.975
v -0.03923141 0.00780361 1.975
v -0.03695518 0.01530734 1.975
v -0.02222281 -0.03325878 1.94
v -0.01530734 -0.03695518 1.94
v -0.01530734 -0.03695518 1.975
v -0.02222281 -0.03325878 1.975
v -0.02004936 -0.02828427 1.975
v -0.01395857 -0.03325878 1.975
v -0.00780361 -0.03923141 1.94
v -0.00780361 -0.03923141 1.975
v 0 -0.04 1.94
v 0 -0.04 1.975
v -0.00700963 -0.03695518 1.975
v 0.0005304 -0.03923141 1.975
v -0.02828427 -0.02828427 1.94
v -0.02828427 -0.02828427 1.975
v -0.02504794 -0.02222281 1.975
v -0.03104947 -0.00780361 1.975
v -0.02876222 -0.01530734 1.975
v -0.03182177 0 1.975
v -0.03923141 0.00780361 1.94
v -0.03695518 0.01530734 1.94
v -0.03325878 0.02222281 1.975
v -0.03325878 0.02222281 1.94
v -0.03104947 0.00780361 1.975
v -0.02876222 0.01530734 1.975
v -0.02828427 0.02828427 1.94
v -0.02828427 0.02828427 1.975
v -0.02222281 0.03325878 1.94
v -0.02504794 0.02222281 1.975
v -0.02222281 0.03325878 1.975
v -0.02004936 0.02828427 1.975
v -0.01395857 0.03325878 1.975
v -0.01530734 0.03695518 1.94
v -0.01530734 0.03695518 1.975
v -0.00780361 0.03923141 1.94
v -0.00780361 0.03923141 1.975
v 0 0.04 1.94
v -0.00700963 0.03695518 1.975
v 0 0.04 1.975
v 0.0005304 0.03923141 1.975
v 0.00780361 -0.03923141 1.94
v 0.00780361 -0.03923141 1.9645943
v 0.00368451 -0.03963711 1.965
v 0.01530734 -0.03695518 1.94
v 0.01530734 -0.03695518 1.96385525
v 0.00417578 -0.03958872 1.975
v 0.02222281 -0.03325878 1.94
v 0.02222281 -0.03325878 1.96317414
v 0.02828427 -0.02828427 1.96257714
v 0.02828427 -0.02828427 1.94
v 0.03325878 -0.02222281 1.96208719
v 0.03325878 -0.02222281 1.94
v 0.03695518 -0.01530734 1.94
v 0.03695518 -0.01530734 1.96172313
v 0.03923141 -0.00780361 1.94
v 0.03923141 -0.00780361 1.96149894
v 0.04 0 1.94
v 0.04 0 1.96142324
v 0.02828427 0.02828427 1.94
v 0.02222281 0.03325878 1.94
v 0.02222281 0.03325878 1.96317414
v 0.03325878 0.02222281 1.94
v 0.02828427 0.02828427 1.96257714
v 0.03325878 0.02222281 1.96208719
v 0.00780361 0.03923141 1.94
v 0.00368451 0.03963711 1.965
v 0.00780361 0.03923141 1.9645943
v 0.01530734 0.03695518 1.96385525
v 0.01530734 0.03695518 1.94
v 0.00417578 0.03958872 1.975
v 0.03923141 0.00780361 1.94
v 0.03923141 0.00780361 1.96149894
v 0.03695518 0.01530734 1.94
v 0.03695518 0.01530734 1.96172313
v 0.00044911 -0.03695518 2.05072994
v -0.01246533 -0.02828427 2.0520019
v -0.01741589 -0.02222281 2.05248949
v -0.02109449 -0.01530734 2.0528518
v -0.02335976 -0.00780361 2.05307491
v -0.00643306 -0.03325878 2.05140777
v 0.00308121 -0.02828427 2.0504707
v -0.02412465 0 2.05315024
v -0.0018933 -0.02222281 2.05096065
v -0.0055897 -0.01530734 2.05132471
v -0.00786593 -0.00780361 2.0515489
v -0.01246533 0.02828427 2.0520019
v -0.02335976 0.00780361 2.05307491
v -0.02109449 0.01530734 2.0528518
v -0.01741589 0.02222281 2.05248949
v -0.00643306 0.03325878 2.05140777
v 0.00044911 0.03695518 2.05072994
v -0.00863452 0 2.0516246
v -0.00786593 0.00780361 2.0515489
v -0.0055897 0.01530734 2.05132471
v -0.0018933 0.02222281 2.05096065
v 0.00735129 -0.04 1.96463885
v 0.01511732 -0.03923141 1.96387397
v 0.02258491 -0.03695518 1.96313847
v 0.02946709 -0.03325878 1.96246064
v 0.02246441 -0.03923141 2.03847022
v 0.00791671 -0.03923141 2.04999444
v 0.01568274 -0.04 2.04922956
v 0.02985956 -0.03695518 2.03699924
v 0.03667498 -0.03325878 2.03564357
v 0.02203611 -0.03927421 2.03855542
v 0.03549936 -0.02828427 1.96186651
v 0.04044992 -0.02222281 1.96137892
v 0.04412852 0.01530734 1.96101661
v 0.04412852 -0.01530734 1.96101661
v 0.04639379 0.00780361 1.9607935
v 0.04639379 -0.00780361 1.9607935
v 0.04264873 -0.02828427 2.03445531
v 0.04755127 -0.02222281 2.03348014
v 0.05119418 -0.01530734 2.03275552
v 0.05343748 -0.00780361 2.0323093
v 0.04715867 0 1.96071817
v 0.05419495 0 2.03215863
v 0.02344878 -0.03923141 2.04846467
v 0.00914268 -0.03325878 2.0498737
v 0.01605815 -0.03695518 2.04919258
v 0.02333569 -0.03923141 2.04731641
v 0.02350519 -0.03921422 2.04845911
v 0.02946709 0.03325878 1.96246064
v 0.00735129 0.04 1.96463885
v 0.01511732 0.03923141 1.96387397
v 0.02258491 0.03695518 1.96313847
v 0.02246441 0.03923141 2.03847022
v 0.00791671 0.03923141 2.04999444
v 0.01568274 0.04 2.04922956
v 0.02985956 0.03695518 2.03699924
v 0.03667498 0.03325878 2.03564357
v 0.02203611 0.03927421 2.03855542
v 0.04044992 0.02222281 1.96137892
v 0.03549936 0.02828427 1.96186651
v 0.05119418 0.01530734 2.03275552
v 0.04264873 0.02828427 2.03445531
v 0.04755127 0.02222281 2.03348014
v 0.05343748 0.00780361 2.0323093
v 0.00308121 0.02828427 2.0504707
v 0.02344878 0.03923141 2.04846467
v 0.00914268 0.03325878 2.0498737
v 0.01605815 0.03695518 2.04919258
v 0.02333569 0.03923141 2.04731641
v 0.02350519 0.03921422 2.04845911
v 0.00736864 -0.00780361 2.12813821
v 0.00661481 0 2.12828815
v 0.00736864 0.00780361 2.12813821
v 0.00960113 0.01530734 2.12769414
v 0.02926355 -0.04 2.03711779
v 0.03691722 -0.03923141 2.03559538
v 0.04584623 -0.04 2.12048454
v 0.02405042 -0.03325878 2.12482
v 0.03083301 -0.03695518 2.12347085
v 0.03819256 -0.03923141 2.12200695
v 0.00960113 -0.01530734 2.12769414
v 0.0132265 -0.02222281 2.12697301
v 0.01810543 -0.02828427 2.12600253
v 0.04427676 -0.03695518 2.03413148
v 0.05349989 -0.03923141 2.11896213
v 0.0588268 -0.03695518 2.10727946
v 0.05473647 -0.03824556 2.10852025
v 0.05105935 -0.03325878 2.03278234
v 0.06547651 -0.03325878 2.10526229
v 0.05700435 0.02828427 2.0315998
v 0.05700435 -0.02828427 2.0315998
v 0.06188327 0.02222281 2.03062933
v 0.06188327 -0.02222281 2.03062933
v 0.06550865 0.01530734 2.02990819
v 0.06550865 -0.01530734 2.02990819
v 0.07130504 -0.02828427 2.10349423
v 0.07608838 -0.02222281 2.10204322
v 0.06774114 0.00780361 2.02946412
v 0.06774114 -0.00780361 2.02946412
v 0.07964273 -0.01530734 2.10096502
v 0.08183148 -0.00780361 2.10030107
v 0.06849496 0 2.02931418
v 0.08257054 0 2.10007688
v 0.0321265 -0.01530734 2.12321356
v 0.0298832 -0.00780361 2.12365978
v 0.01810543 0.02828427 2.12600253
v 0.02405042 0.03325878 2.12482
v 0.0132265 0.02222281 2.12697301
v 0.04067195 -0.02828427 2.12151377
v 0.04664571 -0.03325878 2.12032551
v 0.05346112 -0.03695518 2.11896984
v 0.05716921 -0.03809653 2.11823226
v 0.03576941 -0.02222281 2.12248894
v 0.02926355 0.04 2.03711779
v 0.03691722 0.03923141 2.03559538
v 0.03083301 0.03695518 2.12347085
v 0.03819256 0.03923141 2.12200695
v 0.05105935 0.03325878 2.03278234
v 0.07608838 0.02222281 2.10204322
v 0.06547651 0.03325878 2.10526229
v 0.07130504 0.02828427 2.10349423
v 0.04427676 0.03695518 2.03413148
v 0.04584623 0.04 2.12048454
v 0.05349989 0.03923141 2.11896213
v 0.05473647 0.03824556 2.10852025
v 0.0588268 0.03695518 2.10727946
v 0.08183148 0.00780361 2.10030107
v 0.07964273 0.01530734 2.10096502
v 0.02912574 0 2.12381045
v 0.0298832 0.00780361 2.12365978
v 0.0321265 0.01530734 2.12321356
v 0.03576941 0.02222281 2.12248894
v 0.04067195 0.02828427 2.12151377
v 0.04664571 0.03325878 2.12032551
v 0.05346112 0.03695518 2.11896984
v 0.05716921 0.03809653 2.11823226
v 0.05784646 -0.03923141 2.10757684
v 0.06531405 -0.04 2.10531158
v 0.06872235 -0.03325878 2.19310245
v 0.07534004 -0.03695518 2.19109499
v 0.05816158 -0.02222281 2.19630602
v 0.05462435 -0.01530734 2.19737903
v 0.05244613 -0.00780361 2.19803978
v 0.05171064 0 2.19826289
v 0.06292189 -0.02828427 2.19486199
v 0.0814821 -0.00780361 2.18923182
v 0.08074305 0 2.189456
v 0.07278164 -0.03923141 2.10304631
v 0.07996226 -0.03695518 2.10086809
v 0.08657995 -0.03325878 2.09886063
v 0.10171734 -0.03695518 2.17258496
v 0.08998825 -0.04 2.1866515
v 0.08252066 -0.03923141 2.18891677
v 0.09745584 -0.03923141 2.18438623
v 0.10118884 -0.03712787 2.17280387
v 0.1045618 -0.03697885 2.18223066
v 0.09238041 -0.02828427 2.09710108
v 0.09714072 -0.02222281 2.09565706
v 0.10067796 -0.01530734 2.09458405
v 0.11376447 -0.02828427 2.16759487
v 0.10285617 -0.00780361 2.0939233
v 0.10359167 0 2.09370019
v 0.10813731 -0.03325878 2.16992572
v 0.11838256 -0.02222281 2.165682
v 0.12181411 -0.01530734 2.1642606
v 0.12392724 -0.00780361 2.16338531
v 0.12464076 0 2.16308977
v 0.08367086 -0.01530734 2.18856786
v 0.0872252 -0.02222281 2.18748966
v 0.09200855 -0.02828427 2.18603865
v 0.09783707 -0.03325878 2.18427059
v 0.10448679 -0.03695518 2.18225342
v 0.05244613 0.00780361 2.19803978
v 0.05462435 0.01530734 2.19737903
v 0.05816158 0.02222281 2.19630602
v 0.06292189 0.02828427 2.19486199
v 0.06872235 0.03325878 2.19310245
v 0.05784646 0.03923141 2.10757684
v 0.06531405 0.04 2.10531158
v 0.07534004 0.03695518 2.19109499
v 0.08252066 0.03923141 2.18891677
v 0.0814821 0.00780361 2.18923182
v 0.08367086 0.01530734 2.18856786
v 0.08657995 0.03325878 2.09886063
v 0.09238041 0.02828427 2.09710108
v 0.10067796 0.01530734 2.09458405
v 0.10285617 0.00780361 2.0939233
v 0.09714072 0.02222281 2.09565706
v 0.11376447 0.02828427 2.16759487
v 0.07278164 0.03923141 2.10304631
v 0.07996226 0.03695518 2.10086809
v 0.10171734 0.03695518 2.17258496
v 0.10813731 0.03325878 2.16992572
v 0.08998825 0.04 2.1866515
v 0.09745584 0.03923141 2.18438623
v 0.10118884 0.03712787 2.17280387
v 0.12392724 0.00780361 2.16338531
v 0.11838256 0.02222281 2.165682
v 0.12181411 0.01530734 2.1642606
v 0.0872252 0.02222281 2.18748966
v 0.09200855 0.02828427 2.18603865
v 0.09783707 0.03325878 2.18427059
v 0.10448679 0.03695518 2.18225342
v 0.1045618 0.03697885 2.18223066
v 0.12894717 -0.03695518 2.161306
v 0.13533623 -0.03325878 2.15865956
v 0.14093629 -0.02828427 2.15633994
v 0.14553214 -0.02222281 2.15443627
v 0.11660601 -0.02222281 2.25842121
v 0.11319099 -0.01530734 2.25983576
v 0.11108802 -0.00780361 2.26070683
v 0.10759543 -0.03923141 2.17015017
v 0.11480503 -0.04 2.16716386
v 0.12201463 -0.03923141 2.16417755
v 0.14012352 -0.03923141 2.24867993
v 0.15454272 -0.03923141 2.24270731
v 0.14733312 -0.04 2.24569362
v 0.13319099 -0.03695518 2.25155148
v 0.12680192 -0.03325878 2.25419792
v 0.12120186 -0.02828427 2.25651754
v 0.11037794 0 2.26100096
v 0.1514901 -0.02222281 2.24397174
v 0.14805855 -0.01530734 2.24539314
v 0.14594541 -0.00780361 2.24626843
v 0.14894717 -0.01530734 2.15302172
v 0.15176021 0 2.15185652
v 0.15105013 -0.00780361 2.15215065
v 0.16147526 -0.03695518 2.23983576
v 0.16389425 -0.03325878 2.22760472
v 0.16052652 -0.03529006 2.22940481
v 0.16480723 -0.03502747 2.23845561
v 0.16926585 -0.02828427 2.22473355
v 0.17367421 -0.02222281 2.22237723
v 0.17694991 -0.01530734 2.22062633
v 0.17896708 -0.00780361 2.21954813
v 0.17964819 0 2.21918407
v 0.16173534 -0.03325878 2.23972802
v 0.15610819 -0.02828427 2.24205887
v 0.14523189 0 2.24656398
v 0.14553214 0.02222281 2.15443627
v 0.12894717 0.03695518 2.161306
v 0.13533623 0.03325878 2.15865956
v 0.11319099 0.01530734 2.25983576
v 0.11660601 0.02222281 2.25842121
v 0.11108802 0.00780361 2.26070683
v 0.12120186 0.02828427 2.25651754
v 0.12680192 0.03325878 2.25419792
v 0.10759543 0.03923141 2.17015017
v 0.11480503 0.04 2.16716386
v 0.12201463 0.03923141 2.16417755
v 0.14012352 0.03923141 2.24867993
v 0.15454272 0.03923141 2.24270731
v 0.14733312 0.04 2.24569362
v 0.13319099 0.03695518 2.25155148
v 0.14594541 0.00780361 2.24626843
v 0.14805855 0.01530734 2.24539314
v 0.15105013 0.00780361 2.15215065
v 0.14894717 0.01530734 2.15302172
v 0.14093629 0.02828427 2.15633994
v 0.17896708 0.00780361 2.21954813
v 0.17367421 0.02222281 2.22237723
v 0.16926585 0.02828427 2.22473355
v 0.17694991 0.01530734 2.22062633
v 0.16389425 0.03325878 2.22760472
v 0.16147526 0.03695518 2.23983576
v 0.16052652 0.03529006 2.22940481
v 0.16480723 0.03502747 2.23845561
v 0.1514901 0.02222281 2.24397174
v 0.15610819 0.02828427 2.24205887
v 0.16173534 0.03325878 2.23972802
v 0.16327391 -0.03695518 2.2279363
v 0.18365595 -0.03923141 2.21704188
v 0.19027364 -0.03695518 2.21350465
v 0.17677378 -0.04 2.22072047
v 0.1698916 -0.03923141 2.22439907
v 0.19637254 -0.03325878 2.21024471
v 0.20171828 -0.02828427 2.20738736
v 0.20610541 -0.02222281 2.20504239
v 0.20936534 -0.01530734 2.20329992
v 0.21137279 -0.00780361 2.20222691
v 0.23172193 -0.03325878 2.27637876
v 0.21205063 0 2.2018646
v 0.23678623 -0.02828427 2.27299489
v 0.2409424 -0.02222281 2.27021783
v 0.24403072 -0.01530734 2.26815429
v 0.24657464 0 2.26645449
v 0.18425094 -0.01530734 2.31310433
v 0.18224348 -0.00780361 2.31417734
v 0.18156565 0 2.31453965
v 0.20334263 -0.03695518 2.30289961
v 0.19724373 -0.03325878 2.30615954
v 0.20996033 -0.03923141 2.29936238
v 0.2168425 -0.04 2.29568378
v 0.22372467 -0.03923141 2.29200518
v 0.191898 -0.02828427 2.30901689
v 0.18751087 -0.02222281 2.31136186
v 0.20078991 -0.01 2.30426407
v 0.18698485 -0.01 2.31164303
v 0.18698485 0.01 2.31164303
v 0.23034237 -0.03695518 2.28846795
v 0.23162524 -0.03332064 2.27644336
v 0.23283776 -0.03325878 2.27846633
v 0.23644127 -0.03325878 2.28520802
v 0.22404961 -0.01530734 2.2918315
v 0.22732531 -0.02222281 2.2900806
v 0.22203244 -0.00780361 2.2929097
v 0.23173367 -0.02828427 2.28772429
v 0.22135132 0 2.29327376
v 0.22203244 0.00780361 2.2929097
v 0.23677247 -0.03295059 2.28503099
v 0.24593249 -0.00780361 2.26688356
v 0.16327391 0.03695518 2.2279363
v 0.19637254 0.03325878 2.21024471
v 0.21137279 0.00780361 2.20222691
v 0.20936534 0.01530734 2.20329992
v 0.20610541 0.02222281 2.20504239
v 0.20171828 0.02828427 2.20738736
v 0.18365595 0.03923141 2.21704188
v 0.1698916 0.03923141 2.22439907
v 0.17677378 0.04 2.22072047
v 0.19027364 0.03695518 2.21350465
v 0.23678623 0.02828427 2.27299489
v 0.24593249 0.00780361 2.26688356
v 0.2409424 0.02222281 2.27021783
v 0.24403072 0.01530734 2.26815429
v 0.23172193 0.03325878 2.27637876
v 0.18224348 0.00780361 2.31417734
v 0.18425094 0.01530734 2.31310433
v 0.18751087 0.02222281 2.31136186
v 0.191898 0.02828427 2.30901689
v 0.19724373 0.03325878 2.30615954
v 0.20078991 0.01 2.30426407
v 0.20334263 0.03695518 2.30289961
v 0.20996033 0.03923141 2.29936238
v 0.2168425 0.04 2.29568378
v 0.22372467 0.03923141 2.29200518
v 0.22404961 0.01530734 2.2918315
v 0.22732531 0.02222281 2.2900806
v 0.23173367 0.02828427 2.28772429
v 0.23644127 0.03325878 2.28520802
v 0.23677247 0.03295059 2.28503099
v 0.23034237 0.03695518 2.28846795
v 0.23162524 0.03332064 2.27644336
v 0.23283776 0.03325878 2.27846633
v 0.23953082 -0.01530734 2.31500078
v 0.23727376 0 2.31710338
v 0.2500066 -0.04 2.26416133
v 0.24351814 -0.03923141 2.26849678
v 0.23727902 -0.03695518 2.27266563
v 0.26273419 -0.03695518 2.25565702
v 0.25649507 -0.03923141 2.25982587
v 0.26250854 -0.03982991 2.28598026
v 0.2684842 -0.03325878 2.25181499
v 0.2692247 -0.03923141 2.2788771
v 0.25341311 -0.03695518 2.29681201
v 0.24890863 -0.03325878 2.3025181
v 0.24822835 -0.03257805 2.302993
v 0.2579724 -0.03901245 2.29142833
v 0.25337033 -0.03692578 2.29684699
v 0.25853566 -0.03923141 2.29097209
v 0.26385766 -0.04 2.28489089
v 0.27352412 -0.02828427 2.24844743
v 0.27766027 -0.02222281 2.24568373
v 0.28073372 -0.01530734 2.24363013
v 0.28262633 -0.00780361 2.24236552
v 0.24492812 -0.02828427 2.30747118
v 0.24162861 -0.02222281 2.311487
v 0.24376198 -0.0264855 2.30838304
v 0.241819 -0.02285044 2.31084481
v 0.2384211 -0.01164905 2.31533741
v 0.23804235 -0.00780361 2.31687023
v 0.27447659 -0.03695518 2.27323076
v 0.2715214 -0.03810874 2.27565284
v 0.2709503 -0.03834508 2.27620047
v 0.27901837 -0.03334875 2.26788344
v 0.27915607 -0.03325878 2.26778659
v 0.28354896 -0.02828427 2.26345066
v 0.28326539 0 2.24193852
v 0.28705202 -0.02222281 2.25973947
v 0.28492315 -0.02546912 2.26134879
v 0.28938319 -0.01559075 2.25684765
v 0.29099866 -0.00895897 2.25552643
v 0.28952319 -0.01530734 2.2567845
v 0.29127729 -0.00780361 2.25531259
v 0.29146233 -0.00195667 2.25455299
v 0.29130711 -0.00567774 2.25498035
v 0.29136591 -0.00375445 2.25472739
v 0.29143825 -0.00229748 2.25457736
v 0.29169411 0 2.25455299
v 0.23804235 0.00780361 2.31687023
v 0.23953082 0.01530734 2.31500078
v 0.28262633 0.00780361 2.24236552
v 0.28073372 0.01530734 2.24363013
v 0.27352412 0.02828427 2.24844743
v 0.2684842 0.03325878 2.25181499
v 0.27766027 0.02222281 2.24568373
v 0.2384211 0.01164905 2.31533741
v 0.24822835 0.03257805 2.302993
v 0.24162861 0.02222281 2.311487
v 0.24492812 0.02828427 2.30747118
v 0.241819 0.02285044 2.31084481
v 0.24376198 0.0264855 2.30838304
v 0.23727902 0.03695518 2.27266563
v 0.26273419 0.03695518 2.25565702
v 0.2500066 0.04 2.26416133
v 0.24351814 0.03923141 2.26849678
v 0.25649507 0.03923141 2.25982587
v 0.26250854 0.03982991 2.28598026
v 0.2692247 0.03923141 2.2788771
v 0.25337033 0.03692578 2.29684699
v 0.24890863 0.03325878 2.3025181
v 0.2579724 0.03901245 2.29142833
v 0.25341311 0.03695518 2.29681201
v 0.25853566 0.03923141 2.29097209
v 0.26385766 0.04 2.28489089
v 0.28354896 0.02828427 2.26345066
v 0.27915607 0.03325878 2.26778659
v 0.29099866 0.00895897 2.25552643
v 0.29146233 0.00195667 2.25455299
v 0.29143825 0.00229748 2.25457736
v 0.29136591 0.00375445 2.25472739
v 0.29130711 0.00567774 2.25498035
v 0.29127729 0.00780361 2.25531259
v 0.28952319 0.01530734 2.2567845
v 0.28938319 0.01559075 2.25684765
v 0.28705202 0.02222281 2.25973947
v 0.28492315 0.02546912 2.26134879
v 0.27447659 0.03695518 2.27323076
v 0.2709503 0.03834508 2.27620047
v 0.2715214 0.03810874 2.27565284
v 0.27901837 0.03334875 2.26788344
v 0.33639313 -0.03957487 2.29309217
v 0.3364669 -0.03948205 2.29303163
v 0.33908875 -0.03923141 2.29087993
v 0.33656358 -0.03957873 2.29336174
v 0.33835538 -0.03966008 2.29684699
v 0.34488921 -0.03695518 2.28611962
v 0.34188065 -0.02999841 2.28858868
v 0.35023494 -0.03325878 2.28173249
v 0.36338277 -0.00780361 2.27094234
v 0.34818562 0 2.28341432
v 0.36397689 0 2.27045476
v 0.34505901 -0.02177116 2.28598026
v 0.35492051 -0.02828427 2.27788714
v 0.35876586 -0.02222281 2.27473134
v 0.34559875 -0.02013654 2.28553731
v 0.34754588 -0.01005721 2.28393934
v 0.36162322 -0.01530734 2.27238637
v 0.39881264 -0.03695518 2.3518255
v 0.40415837 -0.03325878 2.34743838
v 0.40884394 -0.02828427 2.34359302
v 0.41268929 -0.02222281 2.34043723
v 0.41554664 -0.01530734 2.33809226
v 0.41730619 -0.00780361 2.33664823
v 0.41790032 0 2.33616065
v 0.39301218 -0.03923141 2.35658582
v 0.33997493 -0.04 2.30426065
v 0.3869799 -0.04 2.36153638
v 0.34116747 -0.03983322 2.30838304
v 0.34166137 -0.03923141 2.31861648
v 0.38094763 -0.03923141 2.36648694
v 0.34186382 -0.03898472 2.3201451
v 0.34107488 -0.03695518 2.32973004
v 0.37514717 -0.03695518 2.37124725
v 0.34110723 -0.03630695 2.33168115
v 0.33971791 -0.03325878 2.33897749
v 0.33556768 -0.01530734 2.35714319
v 0.35665361 -0.00780361 2.38642452
v 0.33492583 -0.00780361 2.35994914
v 0.33494169 -0.00755009 2.36000783
v 0.35605949 0 2.38691211
v 0.33481037 -0.00241725 2.3606447
v 0.33469577 0 2.36088035
v 0.36980144 -0.03325878 2.37563438
v 0.33946905 -0.03124205 2.34254787
v 0.36511587 -0.02828427 2.37947973
v 0.33826816 -0.02828427 2.3467657
v 0.33815785 -0.02751092 2.34763173
v 0.36127052 -0.02222281 2.38263553
v 0.33709337 -0.02287826 2.35232767
v 0.33683801 -0.02222281 2.35286443
v 0.35841316 -0.01530734 2.3849805
v 0.33575795 -0.01606034 2.35674059
v 0.34754588 0.01005721 2.28393934
v 0.36338277 0.00780361 2.27094234
v 0.34559875 0.02013654 2.28553731
v 0.36162322 0.01530734 2.27238637
v 0.35876586 0.02222281 2.27473134
v 0.34505901 0.02177116 2.28598026
v 0.34188065 0.02999841 2.28858868
v 0.35023494 0.03325878 2.28173249
v 0.35492051 0.02828427 2.27788714
v 0.3364669 0.03948205 2.29303163
v 0.33639313 0.03957487 2.29309217
v 0.33908875 0.03923141 2.29087993
v 0.33656358 0.03957873 2.29336174
v 0.33835538 0.03966008 2.29684699
v 0.34488921 0.03695518 2.28611962
v 0.41268929 0.02222281 2.34043723
v 0.40884394 0.02828427 2.34359302
v 0.41730619 0.00780361 2.33664823
v 0.41554664 0.01530734 2.33809226
v 0.39881264 0.03695518 2.3518255
v 0.40415837 0.03325878 2.34743838
v 0.33481037 0.00241725 2.3606447
v 0.35665361 0.00780361 2.38642452
v 0.33494169 0.00755009 2.36000783
v 0.33492583 0.00780361 2.35994914
v 0.35841316 0.01530734 2.3849805
v 0.33556768 0.01530734 2.35714319
v 0.36127052 0.02222281 2.38263553
v 0.33575795 0.01606034 2.35674059
v 0.33683801 0.02222281 2.35286443
v 0.36511587 0.02828427 2.37947973
v 0.33709337 0.02287826 2.35232767
v 0.33826816 0.02828427 2.3467657
v 0.33815785 0.02751092 2.34763173
v 0.33946905 0.03124205 2.34254787
v 0.36980144 0.03325878 2.37563438
v 0.33971791 0.03325878 2.33897749
v 0.39301218 0.03923141 2.35658582
v 0.33997493 0.04 2.30426065
v 0.34116747 0.03983322 2.30838304
v 0.3869799 0.04 2.36153638
v 0.34166137 0.03923141 2.31861648
v 0.34186382 0.03898472 2.3201451
v 0.38094763 0.03923141 2.36648694
v 0.34107488 0.03695518 2.32973004
v 0.34110723 0.03630695 2.33168115
v 0.37514717 0.03695518 2.37124725
v 0.18698485 -0.01 2.32426407
v 0.20698485 -0.01 2.32426407
v 0.18698485 0.01 2.32426407
v 0.20698485 -0.01 2.30426407
v 0.20698485 0.01 2.30426407
v 0.20698485 0.01 2.32426407
v 0.26508599 -0.04774001 2.29684699
v 0.25638531 -0.04059954 2.29684699
v 0.2473369 -0.0331737 2.30838304
v 0.25476274 -0.04222211 2.30838304
v 0.2473369 -0.0331737 2.3201451
v 0.26381115 -0.04964795 2.30838304
v 0.26381115 -0.04964795 2.3201451
v 0.241819 -0.02285044 2.3201451
v 0.25476274 -0.04222211 2.3201451
v 0.25638531 -0.04059954 2.33168115
v 0.24924484 -0.03189885 2.33168115
v 0.26508599 -0.04774001 2.33168115
v 0.2595681 -0.03741675 2.34254787
v 0.2529874 -0.02939815 2.34254787
v 0.26418879 -0.03279606 2.35232767
v 0.2384211 -0.01164905 2.3201451
v 0.24393899 -0.02197231 2.33168115
v 0.24809751 -0.0202498 2.34254787
v 0.24067167 -0.01120139 2.33168115
v 0.23727376 0 2.3201451
v 0.23956843 0 2.33168115
v 0.24508632 -0.01032326 2.34254787
v 0.24406957 0 2.34254787
v 0.25842077 -0.0257677 2.35232767
v 0.25413474 -0.0177491 2.35232767
v 0.25149541 -0.00904841 2.35232767
v 0.25060422 0 2.35232767
v 0.26181867 -0.01456631 2.3606447
v 0.25965263 -0.00742584 2.3606447
v 0.25892125 0 2.3606447
v 0.27923575 -0.04285011 2.27620047
v 0.28241854 -0.03516618 2.26788344
v 0.28793644 -0.04548944 2.27620047
v 0.28955901 -0.03733222 2.26788344
v 0.29698485 -0.04638063 2.27620047
v 0.2861611 -0.02613083 2.26134879
v 0.29146695 -0.02774034 2.26134879
v 0.29698485 -0.0380636 2.26788344
v 0.27413441 -0.05516585 2.30838304
v 0.27501254 -0.05304586 2.29684699
v 0.27413441 -0.05516585 2.3201451
v 0.2675867 -0.04399744 2.28598026
v 0.27121715 -0.03856408 2.27620047
v 0.27673505 -0.04888734 2.28598026
v 0.28578346 -0.05631318 2.29684699
v 0.28666159 -0.05189852 2.28598026
v 0.29698485 -0.05291528 2.28598026
v 0.29698485 -0.05741642 2.29684699
v 0.28533579 -0.05856375 2.30838304
v 0.28533579 -0.05856375 2.3201451
v 0.29698485 -0.05971108 2.30838304
v 0.29698485 -0.05971108 2.3201451
v 0.29031962 -0.01609128 2.25684765
v 0.29358694 -0.01708242 2.25684765
v 0.29473428 -0.00543336 2.25455299
v 0.29371752 -0.0048899 2.25455299
v 0.29282633 -0.00415852 2.25455299
v 0.29209495 -0.00326732 2.25455299
v 0.29155149 -0.00225057 2.25455299
v 0.29209495 0.00326732 2.25455299
v 0.29282633 0.00415852 2.25455299
v 0.29371752 0.0048899 2.25455299
v 0.30250274 -0.02774034 2.26134879
v 0.30441069 -0.03733222 2.26788344
v 0.30603326 -0.04548944 2.27620047
v 0.30780859 -0.02613083 2.26134879
v 0.31155116 -0.03516618 2.26788344
v 0.31473395 -0.04285011 2.27620047
v 0.31813185 -0.03164872 2.26788344
v 0.32275254 -0.03856408 2.27620047
v 0.32389988 -0.02691503 2.26788344
v 0.3297809 -0.03279606 2.27620047
v 0.30730811 -0.05189852 2.28598026
v 0.30818624 -0.05631318 2.29684699
v 0.3086339 -0.05856375 2.30838304
v 0.3086339 -0.05856375 2.3201451
v 0.31723465 -0.04888734 2.28598026
v 0.31895716 -0.05304586 2.29684699
v 0.31983529 -0.05516585 2.30838304
v 0.31983529 -0.05516585 2.3201451
v 0.3288837 -0.04774001 2.29684699
v 0.33015855 -0.04964795 2.30838304
v 0.326383 -0.04399744 2.28598026
v 0.29698485 -0.0282838 2.26134879
v 0.29698485 -0.01741708 2.25684765
v 0.30038275 -0.01708242 2.25684765
v 0.30365008 -0.01609128 2.25684765
v 0.30666126 -0.01448177 2.25684765
v 0.31269849 -0.02351712 2.26134879
v 0.30930058 -0.01231574 2.25684765
v 0.29583752 -0.00576803 2.25455299
v 0.29698485 -0.00588103 2.25455299
v 0.29813218 -0.00576803 2.25455299
v 0.29923542 -0.00543336 2.25455299
v 0.30025217 -0.0048899 2.25455299
v 0.29473428 0.00543336 2.25455299
v 0.29583752 0.00576803 2.25455299
v 0.29698485 0.00588103 2.25455299
v 0.29813218 0.00576803 2.25455299
v 0.29923542 0.00543336 2.25455299
v 0.30025217 0.0048899 2.25455299
v 0.30114336 0.00415852 2.25455299
v 0.30114336 -0.00415852 2.25455299
v 0.30187474 0.00326732 2.25455299
v 0.30187474 -0.00326732 2.25455299
v 0.31146662 -0.00967641 2.25684765
v 0.30241821 -0.00225057 2.25455299
v 0.30241821 0.00225057 2.25455299
v 0.30275287 0.00114733 2.25455299
v 0.30275287 -0.00114733 2.25455299
v 0.31307613 -0.00666523 2.25684765
v 0.30286588 0 2.25455299
v 0.31406726 -0.0033979 2.25684765
v 0.31698452 -0.01999967 2.26134879
v 0.32050197 -0.01571364 2.26134879
v 0.32863357 -0.021147 2.26788344
v 0.31440193 0 2.25684765
v 0.32311568 -0.01082374 2.26134879
v 0.32472519 -0.0055179 2.26134879
v 0.32526865 0 2.26134879
v 0.27501254 -0.05304586 2.33168115
v 0.2675867 -0.04399744 2.34254787
v 0.27121715 -0.03856408 2.35232767
v 0.27673505 -0.04888734 2.34254787
v 0.27923575 -0.04285011 2.35232767
v 0.28578346 -0.05631318 2.33168115
v 0.29698485 -0.05741642 2.33168115
v 0.28666159 -0.05189852 2.34254787
v 0.29698485 -0.05291528 2.34254787
v 0.28793644 -0.04548944 2.35232767
v 0.27006982 -0.02691503 2.3606447
v 0.27583785 -0.03164872 2.3606447
v 0.28241854 -0.03516618 2.3606447
v 0.29698485 -0.04638063 2.35232767
v 0.28955901 -0.03733222 2.3606447
v 0.2861611 -0.02613083 2.36717934
v 0.29698485 -0.0380636 2.3606447
v 0.29146695 -0.02774034 2.36717934
v 0.26533612 -0.021147 2.3606447
v 0.27698518 -0.01999967 2.36717934
v 0.27346772 -0.01571364 2.36717934
v 0.26924451 -0.0055179 2.36717934
v 0.27085402 -0.01082374 2.36717934
v 0.26870104 0 2.36717934
v 0.28089356 -0.00666523 2.37168049
v 0.27990243 -0.0033979 2.37168049
v 0.27956777 0 2.37168049
v 0.28127121 -0.02351712 2.36717934
v 0.28466911 -0.01231574 2.37168049
v 0.28730844 -0.01448177 2.37168049
v 0.29031962 -0.01609128 2.37168049
v 0.29358694 -0.01708242 2.37168049
v 0.28250307 -0.00967641 2.37168049
v 0.29155149 -0.00225057 2.37397515
v 0.29110382 0 2.37397515
v 0.29121682 -0.00114733 2.37397515
v 0.29209495 -0.00326732 2.37397515
v 0.29282633 -0.00415852 2.37397515
v 0.29473428 -0.00543336 2.37397515
v 0.29371752 -0.0048899 2.37397515
v 0.29155149 0.00225057 2.37397515
v 0.29121682 0.00114733 2.37397515
v 0.29209495 0.00326732 2.37397515
v 0.29282633 0.00415852 2.37397515
v 0.30818624 -0.05631318 2.33168115
v 0.30730811 -0.05189852 2.34254787
v 0.30603326 -0.04548944 2.35232767
v 0.31473395 -0.04285011 2.35232767
v 0.31895716 -0.05304586 2.33168115
v 0.33015855 -0.04964795 2.3201451
v 0.3288837 -0.04774001 2.33168115
v 0.31723465 -0.04888734 2.34254787
v 0.32275254 -0.03856408 2.35232767
v 0.326383 -0.04399744 2.34254787
v 0.3297809 -0.03279606 2.35232767
v 0.30441069 -0.03733222 2.3606447
v 0.29698485 -0.0282838 2.36717934
v 0.31155116 -0.03516618 2.3606447
v 0.30780859 -0.02613083 2.36717934
v 0.31813185 -0.03164872 2.3606447
v 0.32389988 -0.02691503 2.3606447
v 0.30250274 -0.02774034 2.36717934
v 0.29698485 -0.01741708 2.37168049
v 0.30038275 -0.01708242 2.37168049
v 0.30365008 -0.01609128 2.37168049
v 0.30666126 -0.01448177 2.37168049
v 0.31269849 -0.02351712 2.36717934
v 0.30930058 -0.01231574 2.37168049
v 0.29583752 -0.00576803 2.37397515
v 0.29698485 -0.00588103 2.37397515
v 0.29923542 -0.00543336 2.37397515
v 0.29813218 -0.00576803 2.37397515
v 0.30025217 -0.0048899 2.37397515
v 0.29371752 0.0048899 2.37397515
v 0.29473428 0.00543336 2.37397515
v 0.29583752 0.00576803 2.37397515
v 0.29698485 0.00588103 2.37397515
v 0.29813218 0.00576803 2.37397515
v 0.29923542 0.00543336 2.37397515
v 0.30114336 -0.00415852 2.37397515
v 0.30025217 0.0048899 2.37397515
v 0.30187474 -0.00326732 2.37397515
v 0.30114336 0.00415852 2.37397515
v 0.31146662 -0.00967641 2.37168049
v 0.30241821 -0.00225057 2.37397515
v 0.30187474 0.00326732 2.37397515
v 0.30275287 -0.00114733 2.37397515
v 0.30241821 0.00225057 2.37397515
v 0.31307613 -0.00666523 2.37168049
v 0.31406726 -0.0033979 2.37168049
v 0.30286588 0 2.37397515
v 0.31698452 -0.01999967 2.36717934
v 0.32050197 -0.01571364 2.36717934
v 0.32863357 -0.021147 2.3606447
v 0.32311568 -0.01082374 2.36717934
v 0.31440193 0 2.37168049
v 0.32472519 -0.0055179 2.36717934
v 0.32526865 0 2.36717934
v 0.3344016 -0.03741675 2.28598026
v 0.34098229 -0.02939815 2.28598026
v 0.33758439 -0.04059954 2.29684699
v 0.33920696 -0.04222211 2.30838304
v 0.33920696 -0.04222211 2.3201451
v 0.33554893 -0.0257677 2.27620047
v 0.33215103 -0.01456631 2.26788344
v 0.33983496 -0.0177491 2.27620047
v 0.33431706 -0.00742584 2.26788344
v 0.33504845 0 2.26788344
v 0.34247428 -0.00904841 2.27620047
v 0.34336548 0 2.27620047
v 0.33758439 -0.04059954 2.33168115
v 0.3344016 -0.03741675 2.34254787
v 0.33554893 -0.0257677 2.35232767
v 0.33215103 -0.01456631 2.3606447
v 0.33431706 -0.00742584 2.3606447
v 0.2473369 0.0331737 2.30838304
v 0.2473369 0.0331737 2.3201451
v 0.26508599 0.04774001 2.29684699
v 0.25638531 0.04059954 2.29684699
v 0.25476274 0.04222211 2.30838304
v 0.25476274 0.04222211 2.3201451
v 0.26381115 0.04964795 2.30838304
v 0.2384211 0.01164905 2.3201451
v 0.24067167 0.01120139 2.33168115
v 0.24393899 0.02197231 2.33168115
v 0.24508632 0.01032326 2.34254787
v 0.24809751 0.0202498 2.34254787
v 0.241819 0.02285044 2.3201451
v 0.25149541 0.00904841 2.35232767
v 0.25413474 0.0177491 2.35232767
v 0.24924484 0.03189885 2.33168115
v 0.2529874 0.02939815 2.34254787
v 0.25842077 0.0257677 2.35232767
v 0.26418879 0.03279606 2.35232767
v 0.25965263 0.00742584 2.3606447
v 0.26181867 0.01456631 2.3606447
v 0.25638531 0.04059954 2.33168115
v 0.26381115 0.04964795 2.3201451
v 0.2595681 0.03741675 2.34254787
v 0.26508599 0.04774001 2.33168115
v 0.29155149 0.00225057 2.25455299
v 0.29031962 0.01609128 2.25684765
v 0.29358694 0.01708242 2.25684765
v 0.2861611 0.02613083 2.26134879
v 0.28241854 0.03516618 2.26788344
v 0.29146695 0.02774034 2.26134879
v 0.28955901 0.03733222 2.26788344
v 0.27923575 0.04285011 2.27620047
v 0.28793644 0.04548944 2.27620047
v 0.29698485 0.0380636 2.26788344
v 0.29698485 0.04638063 2.27620047
v 0.2675867 0.04399744 2.28598026
v 0.27501254 0.05304586 2.29684699
v 0.27121715 0.03856408 2.27620047
v 0.27673505 0.04888734 2.28598026
v 0.27413441 0.05516585 2.30838304
v 0.28666159 0.05189852 2.28598026
v 0.28578346 0.05631318 2.29684699
v 0.29698485 0.05291528 2.28598026
v 0.29698485 0.05741642 2.29684699
v 0.28533579 0.05856375 2.30838304
v 0.27413441 0.05516585 2.3201451
v 0.29698485 0.05971108 2.30838304
v 0.28533579 0.05856375 2.3201451
v 0.29698485 0.01741708 2.25684765
v 0.30038275 0.01708242 2.25684765
v 0.30365008 0.01609128 2.25684765
v 0.31307613 0.00666523 2.25684765
v 0.30666126 0.01448177 2.25684765
v 0.31146662 0.00967641 2.25684765
v 0.30930058 0.01231574 2.25684765
v 0.31406726 0.0033979 2.25684765
v 0.29698485 0.0282838 2.26134879
v 0.30250274 0.02774034 2.26134879
v 0.30441069 0.03733222 2.26788344
v 0.30780859 0.02613083 2.26134879
v 0.31269849 0.02351712 2.26134879
v 0.32472519 0.0055179 2.26134879
v 0.32311568 0.01082374 2.26134879
v 0.31698452 0.01999967 2.26134879
v 0.32050197 0.01571364 2.26134879
v 0.32863357 0.021147 2.26788344
v 0.31155116 0.03516618 2.26788344
v 0.31813185 0.03164872 2.26788344
v 0.32389988 0.02691503 2.26788344
v 0.32275254 0.03856408 2.27620047
v 0.30603326 0.04548944 2.27620047
v 0.31473395 0.04285011 2.27620047
v 0.3297809 0.03279606 2.27620047
v 0.30730811 0.05189852 2.28598026
v 0.30818624 0.05631318 2.29684699
v 0.29698485 0.05971108 2.3201451
v 0.3086339 0.05856375 2.30838304
v 0.31723465 0.04888734 2.28598026
v 0.326383 0.04399744 2.28598026
v 0.31895716 0.05304586 2.29684699
v 0.3288837 0.04774001 2.29684699
v 0.31983529 0.05516585 2.30838304
v 0.3086339 0.05856375 2.3201451
v 0.33015855 0.04964795 2.30838304
v 0.31983529 0.05516585 2.3201451
v 0.26924451 0.0055179 2.36717934
v 0.27085402 0.01082374 2.36717934
v 0.26533612 0.021147 2.3606447
v 0.27346772 0.01571364 2.36717934
v 0.27990243 0.0033979 2.37168049
v 0.28089356 0.00666523 2.37168049
v 0.27006982 0.02691503 2.3606447
v 0.27698518 0.01999967 2.36717934
v 0.27583785 0.03164872 2.3606447
v 0.27121715 0.03856408 2.35232767
v 0.28250307 0.00967641 2.37168049
v 0.28466911 0.01231574 2.37168049
v 0.28730844 0.01448177 2.37168049
v 0.29031962 0.01609128 2.37168049
v 0.29358694 0.01708242 2.37168049
v 0.28127121 0.02351712 2.36717934
v 0.28241854 0.03516618 2.3606447
v 0.2861611 0.02613083 2.36717934
v 0.29146695 0.02774034 2.36717934
v 0.28955901 0.03733222 2.3606447
v 0.2675867 0.04399744 2.34254787
v 0.27501254 0.05304586 2.33168115
v 0.27673505 0.04888734 2.34254787
v 0.27923575 0.04285011 2.35232767
v 0.28666159 0.05189852 2.34254787
v 0.28793644 0.04548944 2.35232767
v 0.28578346 0.05631318 2.33168115
v 0.29698485 0.05741642 2.33168115
v 0.29698485 0.05291528 2.34254787
v 0.29698485 0.0380636 2.3606447
v 0.29698485 0.04638063 2.35232767
v 0.29698485 0.01741708 2.37168049
v 0.30038275 0.01708242 2.37168049
v 0.30365008 0.01609128 2.37168049
v 0.30275287 0.00114733 2.37397515
v 0.31307613 0.00666523 2.37168049
v 0.30666126 0.01448177 2.37168049
v 0.31146662 0.00967641 2.37168049
v 0.30930058 0.01231574 2.37168049
v 0.31406726 0.0033979 2.37168049
v 0.29698485 0.0282838 2.36717934
v 0.30250274 0.02774034 2.36717934
v 0.30780859 0.02613083 2.36717934
v 0.30441069 0.03733222 2.3606447
v 0.31269849 0.02351712 2.36717934
v 0.32050197 0.01571364 2.36717934
v 0.32311568 0.01082374 2.36717934
v 0.32863357 0.021147 2.3606447
v 0.32472519 0.0055179 2.36717934
v 0.31698452 0.01999967 2.36717934
v 0.31155116 0.03516618 2.3606447
v 0.31813185 0.03164872 2.3606447
v 0.32389988 0.02691503 2.3606447
v 0.32275254 0.03856408 2.35232767
v 0.30603326 0.04548944 2.35232767
v 0.31473395 0.04285011 2.35232767
v 0.30730811 0.05189852 2.34254787
v 0.30818624 0.05631318 2.33168115
v 0.31723465 0.04888734 2.34254787
v 0.326383 0.04399744 2.34254787
v 0.3297809 0.03279606 2.35232767
v 0.31895716 0.05304586 2.33168115
v 0.3288837 0.04774001 2.33168115
v 0.33015855 0.04964795 2.3201451
v 0.33431706 0.00742584 2.26788344
v 0.33215103 0.01456631 2.26788344
v 0.34247428 0.00904841 2.27620047
v 0.33983496 0.0177491 2.27620047
v 0.33554893 0.0257677 2.27620047
v 0.34098229 0.02939815 2.28598026
v 0.3344016 0.03741675 2.28598026
v 0.33758439 0.04059954 2.29684699
v 0.33920696 0.04222211 2.30838304
v 0.33431706 0.00742584 2.3606447
v 0.33215103 0.01456631 2.3606447
v 0.33554893 0.0257677 2.35232767
v 0.33758439 0.04059954 2.33168115
v 0.33920696 0.04222211 2.3201451
v 0.3344016 0.03741675 2.34254787
v -0.83574052 -0.55842396 0.8384
v -0.82746586 -0.55289501 0.8384
v -0.70370187 -0.70370187 0.8384
v -0.71073889 -0.71073889 1.0016
v -0.83574052 -0.55842396 1.0016
v -0.82746586 -0.55289501 1.0016
v -0.55842396 -0.83574052 0.8384
v -0.71073889 -0.71073889 0.8384
v -0.55289501 -0.82746586 0.8384
v -0.55842396 -0.83574052 1.0016
v -0.55289501 -0.82746586 1.0016
v -0.70370187 -0.70370187 1.0016
v -0.92862511 -0.38464911 0.8384
v -0.98582316 -0.19609242 0.8384
v -0.9194308 -0.38084071 0.8384
v -0.92862511 -0.38464911 1.0016
v -0.9194308 -0.38084071 1.0016
v -0.97606253 -0.19415091 1.0016
v -1.00513657 0 0.8384
v -0.97606253 -0.19415091 0.8384
v -0.99518473 0 0.8384
v -0.98582316 -0.19609242 1.0016
v -0.99518473 0 1.0016
v -1.00513657 0 1.0016
v -0.38084071 -0.9194308 0.8384
v -0.38464911 -0.92862511 0.8384
v -0.19415091 -0.97606253 0.8384
v -0.38464911 -0.92862511 1.0016
v -0.38084071 -0.9194308 1.0016
v -0.19609242 -0.98582316 1.0016
v -0.19609242 -0.98582316 0.8384
v 0 -0.99518473 0.8384
v 0 -1.00513657 0.8384
v -0.19415091 -0.97606253 1.0016
v 0 -1.00513657 1.0016
v 0 -0.99518473 1.0016
v -0.98582316 0.19609242 0.8384
v -0.97606253 0.19415091 0.8384
v -0.92862511 0.38464911 0.8384
v -0.97606253 0.19415091 1.0016
v -0.98582316 0.19609242 1.0016
v -0.9194308 0.38084071 1.0016
v -0.9194308 0.38084071 0.8384
v -0.83574052 0.55842396 0.8384
v -0.82746586 0.55289501 0.8384
v -0.92862511 0.38464911 1.0016
v -0.82746586 0.55289501 1.0016
v -0.83574052 0.55842396 1.0016
v -0.71073889 0.71073889 0.8384
v -0.70370187 0.70370187 1.0016
v -0.70370187 0.70370187 0.8384
v -0.55842396 0.83574052 0.8384
v -0.71073889 0.71073889 1.0016
v -0.55289501 0.82746586 1.0016
v -0.55289501 0.82746586 0.8384
v -0.55842396 0.83574052 1.0016
v -0.38464911 0.92862511 0.8384
v -0.38084071 0.9194308 0.8384
v -0.19609242 0.98582316 0.8384
v -0.38084071 0.9194308 1.0016
v -0.38464911 0.92862511 1.0016
v -0.19415091 0.97606253 1.0016
v -0.19415091 0.97606253 0.8384
v 0 1.00513657 0.8384
v 0 0.99518473 0.8384
v -0.19609242 0.98582316 1.0016
v 0 0.99518473 1.0016
v 0 1.00513657 1.0016
v 0.19415091 -0.97606253 0.8384
v 0.19609242 -0.98582316 0.8384
v 0.38084071 -0.9194308 0.8384
v 0.19609242 -0.98582316 1.0016
v 0.19415091 -0.97606253 1.0016
v 0.38464911 -0.92862511 1.0016
v 0.38464911 -0.92862511 0.8384
v 0.55289501 -0.82746586 0.8384
v 0.55842396 -0.83574052 0.8384
v 0.38084071 -0.9194308 1.0016
v 0.55842396 -0.83574052 1.0016
v 0.55289501 -0.82746586 1.0016
v 0.70370187 -0.70370187 0.8384
v 0.71073889 -0.71073889 1.0016
v 0.71073889 -0.71073889 0.8384
v 0.82746586 -0.55289501 0.8384
v 0.70370187 -0.70370187 1.0016
v 0.83574052 -0.55842396 1.0016
v 0.83574052 -0.55842396 0.8384
v 0.82746586 -0.55289501 1.0016
v 0.9194308 -0.38084071 0.8384
v 0.92862511 -0.38464911 0.8384
v 0.97606253 -0.19415091 0.8384
v 0.92862511 -0.38464911 1.0016
v 0.9194308 -0.38084071 1.0016
v 0.98582316 -0.19609242 1.0016
v 0.98582316 -0.19609242 0.8384
v 0.99518473 0 0.8384
v 1.00513657 0 0.8384
v 0.97606253 -0.19415091 1.0016
v 1.00513657 0 1.0016
v 0.99518473 0 1.0016
v 0.19609242 0.98582316 0.8384
v 0.19415091 0.97606253 0.8384
v 0.38464911 0.92862511 0.8384
v 0.19415091 0.97606253 1.0016
v 0.19609242 0.98582316 1.0016
v 0.38084071 0.9194308 1.0016
v 0.38084071 0.9194308 0.8384
v 0.55842396 0.83574052 0.8384
v 0.55289501 0.82746586 0.8384
v 0.38464911 0.92862511 1.0016
v 0.55289501 0.82746586 1.0016
v 0.55842396 0.83574052 1.0016
v 0.97606253 0.19415091 0.8384
v 0.98582316 0.19609242 0.8384
v 0.9194308 0.38084071 0.8384
v 0.98582316 0.19609242 1.0016
v 0.97606253 0.19415091 1.0016
v 0.92862511 0.38464911 1.0016
v 0.92862511 0.38464911 0.8384
v 0.82746586 0.55289501 0.8384
v 0.83574052 0.55842396 0.8384
v 0.83574052 0.55842396 1.0016
v 0.9194308 0.38084071 1.0016
v 0.82746586 0.55289501 1.0016
v 0.71073889 0.71073889 0.8384
v 0.70370187 0.70370187 0.8384
v 0.71073889 0.71073889 1.0016
v 0.70370187 0.70370187 1.0016
v -0.79566681 -0.53164757 0.6529381
v -0.62361251 -0.62361251 0.486315
v -0.676659 -0.676659 0.6529381
v -0.73329073 -0.4899692 0.486315
v -0.53164757 -0.79566681 0.6529381
v -0.4899692 -0.73329073 0.486315
v -0.54660093 -0.54660093 0.33635818
v -0.82746586 -0.55289501 0.82982423
v -0.82746586 -0.55289501 1.01017577
v -0.70370187 -0.70370187 1.01017577
v -0.55289501 -0.82746586 0.82982423
v -0.70370187 -0.70370187 0.82982423
v -0.55289501 -0.82746586 1.01017577
v -0.676659 -0.676659 1.1870619
v -0.79566681 -0.53164757 1.1870619
v -0.53164757 -0.79566681 1.1870619
v -0.88409759 -0.36620521 0.6529381
v -0.81478901 -0.33749666 0.486315
v -0.71416854 -0.29581829 0.33635818
v -0.86497539 -0.1720543 0.486315
v -0.938553 -0.1866898 0.6529381
v -0.95694034 0 0.6529381
v -0.75815727 -0.15080686 0.33635818
v -0.88192126 0 0.486315
v -0.77301045 0 0.33635818
v -0.6427347 -0.4294616 0.33635818
v -0.52747874 -0.35245002 0.20883038
v -0.58610297 -0.2427718 0.20883038
v -0.6222036 -0.12376399 0.20883038
v -0.63439328 0 0.20883038
v -0.46233898 -0.09196494 0.10863244
v -0.47139674 0 0.10863244
v -0.9194308 -0.38084071 0.82982423
v -0.97606253 -0.19415091 0.82982423
v -0.9194308 -0.38084071 1.01017577
v -0.88409759 -0.36620521 1.1870619
v -0.97606253 -0.19415091 1.01017577
v -0.99518473 0 0.82982423
v -0.938553 -0.1866898 1.1870619
v -0.99518473 0 1.01017577
v -0.95694034 0 1.1870619
v -0.36620521 -0.88409759 0.6529381
v -0.33749666 -0.81478901 0.486315
v -0.29581829 -0.71416854 0.33635818
v -0.1720543 -0.86497539 0.486315
v -0.1866898 -0.938553 0.6529381
v -0.44858379 -0.44858379 0.20883038
v -0.4294616 -0.6427347 0.33635818
v -0.35245002 -0.52747874 0.20883038
v -0.2427718 -0.58610297 0.20883038
v 0 -0.95694034 0.6529381
v -0.15080686 -0.75815727 0.33635818
v 0 -0.88192126 0.486315
v 0 -0.77301045 0.33635818
v -0.12376399 -0.6222036 0.20883038
v -0.18039572 -0.4355138 0.10863244
v 0 -0.63439328 0.20883038
v -0.09196494 -0.46233898 0.10863244
v 0 -0.47139674 0.10863244
v -0.38084071 -0.9194308 0.82982423
v -0.19415091 -0.97606253 0.82982423
v -0.38084071 -0.9194308 1.01017577
v -0.36620521 -0.88409759 1.1870619
v -0.19415091 -0.97606253 1.01017577
v 0 -0.99518473 0.82982423
v -0.1866898 -0.938553 1.1870619
v 0 -0.99518473 1.01017577
v 0 -0.95694034 1.1870619
v -0.4355138 -0.18039572 0.10863244
v -0.39195206 -0.26189399 0.10863244
v -0.33332783 -0.33332783 0.10863244
v -0.26189399 -0.39195206 0.10863244
v -0.20526226 -0.20526226 0.03961489
v -0.28470694 -0.05663173 0.03961489
v -0.29028468 0 0.03961489
v -0.26818807 -0.11108714 0.03961489
v -0.24136289 -0.16127353 0.03961489
v -0.16127353 -0.24136289 0.03961489
v -0.11108714 -0.26818807 0.03961489
v -0.05663173 -0.28470694 0.03961489
v 0 -0.29028468 0.03961489
v -0.08149827 -0.05445541 0.00443005
v -0.06930858 -0.06930858 0.00443005
v -0.09055603 -0.03750954 0.00443005
v -0.09613377 -0.0191222 0.00443005
v -0.09801714 0 0.00443005
v -0.05445541 -0.08149827 0.00443005
v -0.03750954 -0.09055603 0.00443005
v -0.0191222 -0.09613377 0.00443005
v 0 -0.09801714 0.00443005
v -0.09055603 0.03750954 0.00443005
v -0.08149827 0.05445541 0.00443005
v -0.06930858 0.06930858 0.00443005
v -0.05445541 0.08149827 0.00443005
v -0.03750954 0.09055603 0.00443005
v -0.0191222 0.09613377 0.00443005
v 0 0.09801714 0.00443005
v -0.62361251 -0.62361251 1.353685
v -0.73329073 -0.4899692 1.353685
v -0.4899692 -0.73329073 1.353685
v -0.54660093 -0.54660093 1.50364182
v -0.81478901 -0.33749666 1.353685
v -0.71416854 -0.29581829 1.50364182
v -0.86497539 -0.1720543 1.353685
v -0.88192126 0 1.353685
v -0.75815727 -0.15080686 1.50364182
v -0.77301045 0 1.50364182
v -0.6427347 -0.4294616 1.50364182
v -0.52747874 -0.35245002 1.63116962
v -0.58610297 -0.2427718 1.63116962
v -0.6222036 -0.12376399 1.63116962
v -0.63439328 0 1.63116962
v -0.46233898 -0.09196494 1.73136756
v -0.47139674 0 1.73136756
v -0.33749666 -0.81478901 1.353685
v -0.1720543 -0.86497539 1.353685
v -0.29581829 -0.71416854 1.50364182
v -0.4294616 -0.6427347 1.50364182
v -0.44858379 -0.44858379 1.63116962
v -0.35245002 -0.52747874 1.63116962
v -0.2427718 -0.58610297 1.63116962
v 0 -0.88192126 1.353685
v -0.15080686 -0.75815727 1.50364182
v 0 -0.77301045 1.50364182
v -0.12376399 -0.6222036 1.63116962
v -0.18039572 -0.4355138 1.73136756
v 0 -0.63439328 1.63116962
v -0.09196494 -0.46233898 1.73136756
v 0 -0.47139674 1.73136756
v -0.39195206 -0.26189399 1.73136756
v -0.4355138 -0.18039572 1.73136756
v -0.33332783 -0.33332783 1.73136756
v -0.26189399 -0.39195206 1.73136756
v -0.20526226 -0.20526226 1.80038511
v -0.28470694 -0.05663173 1.80038511
v -0.29028468 0 1.80038511
v -0.26818807 -0.11108714 1.80038511
v -0.24136289 -0.16127353 1.80038511
v -0.16127353 -0.24136289 1.80038511
v -0.11108714 -0.26818807 1.80038511
v -0.05663173 -0.28470694 1.80038511
v 0 -0.29028468 1.80038511
v -0.09701517 -0.09701517 1.82839948
v -0.07622433 -0.11407778 1.82839948
v -0.11407778 -0.07622433 1.82839948
v -0.12675643 -0.05250423 1.82839948
v -0.13456391 -0.02676643 1.82839948
v -0.13720017 0 1.82839948
v -0.05250423 -0.12675643 1.82839948
v -0.02676643 -0.13456391 1.82839948
v 0 -0.13720017 1.82839948
v -0.938553 0.1866898 0.6529381
v -0.86497539 0.1720543 0.486315
v -0.75815727 0.15080686 0.33635818
v -0.81478901 0.33749666 0.486315
v -0.71416854 0.29581829 0.33635818
v -0.88409759 0.36620521 0.6529381
v -0.73329073 0.4899692 0.486315
v -0.79566681 0.53164757 0.6529381
v -0.6222036 0.12376399 0.20883038
v -0.58610297 0.2427718 0.20883038
v -0.46233898 0.09196494 0.10863244
v -0.6427347 0.4294616 0.33635818
v -0.52747874 0.35245002 0.20883038
v -0.54660093 0.54660093 0.33635818
v -0.97606253 0.19415091 0.82982423
v -0.9194308 0.38084071 0.82982423
v -0.97606253 0.19415091 1.01017577
v -0.938553 0.1866898 1.1870619
v -0.88409759 0.36620521 1.1870619
v -0.82746586 0.55289501 0.82982423
v -0.9194308 0.38084071 1.01017577
v -0.82746586 0.55289501 1.01017577
v -0.79566681 0.53164757 1.1870619
v -0.62361251 0.62361251 0.486315
v -0.676659 0.676659 0.6529381
v -0.4899692 0.73329073 0.486315
v -0.53164757 0.79566681 0.6529381
v -0.70370187 0.70370187 0.82982423
v -0.55289501 0.82746586 0.82982423
v -0.676659 0.676659 1.1870619
v -0.70370187 0.70370187 1.01017577
v -0.55289501 0.82746586 1.01017577
v -0.53164757 0.79566681 1.1870619
v -0.4355138 0.18039572 0.10863244
v -0.28470694 0.05663173 0.03961489
v -0.26818807 0.11108714 0.03961489
v -0.39195206 0.26189399 0.10863244
v -0.24136289 0.16127353 0.03961489
v -0.33332783 0.33332783 0.10863244
v -0.44858379 0.44858379 0.20883038
v -0.26189399 0.39195206 0.10863244
v -0.20526226 0.20526226 0.03961489
v -0.35245002 0.52747874 0.20883038
v -0.2427718 0.58610297 0.20883038
v -0.09613377 0.0191222 0.00443005
v -0.16127353 0.24136289 0.03961489
v -0.11108714 0.26818807 0.03961489
v -0.05663173 0.28470694 0.03961489
v 0 0.29028468 0.03961489
v -0.18039572 0.4355138 0.10863244
v -0.12376399 0.6222036 0.20883038
v -0.09196494 0.46233898 0.10863244
v 0 0.47139674 0.10863244
v -0.4294616 0.6427347 0.33635818
v -0.29581829 0.71416854 0.33635818
v -0.33749666 0.81478901 0.486315
v -0.36620521 0.88409759 0.6529381
v -0.1720543 0.86497539 0.486315
v -0.1866898 0.938553 0.6529381
v -0.15080686 0.75815727 0.33635818
v 0 0.63439328 0.20883038
v 0 0.77301045 0.33635818
v 0 0.88192126 0.486315
v 0 0.95694034 0.6529381
v -0.38084071 0.9194308 0.82982423
v -0.19415091 0.97606253 0.82982423
v -0.38084071 0.9194308 1.01017577
v -0.36620521 0.88409759 1.1870619
v -0.19415091 0.97606253 1.01017577
v 0 0.99518473 0.82982423
v -0.1866898 0.938553 1.1870619
v 0 0.99518473 1.01017577
v 0 0.95694034 1.1870619
v -0.86497539 0.1720543 1.353685
v -0.75815727 0.15080686 1.50364182
v -0.81478901 0.33749666 1.353685
v -0.71416854 0.29581829 1.50364182
v -0.73329073 0.4899692 1.353685
v -0.6222036 0.12376399 1.63116962
v -0.58610297 0.2427718 1.63116962
v -0.46233898 0.09196494 1.73136756
v -0.6427347 0.4294616 1.50364182
v -0.54660093 0.54660093 1.50364182
v -0.52747874 0.35245002 1.63116962
v -0.62361251 0.62361251 1.353685
v -0.4899692 0.73329073 1.353685
v -0.28470694 0.05663173 1.80038511
v -0.4355138 0.18039572 1.73136756
v -0.26818807 0.11108714 1.80038511
v -0.39195206 0.26189399 1.73136756
v -0.24136289 0.16127353 1.80038511
v -0.33332783 0.33332783 1.73136756
v -0.44858379 0.44858379 1.63116962
v -0.20526226 0.20526226 1.80038511
v -0.26189399 0.39195206 1.73136756
v -0.35245002 0.52747874 1.63116962
v -0.2427718 0.58610297 1.63116962
v -0.16127353 0.24136289 1.80038511
v -0.18039572 0.4355138 1.73136756
v -0.11108714 0.26818807 1.80038511
v -0.09196494 0.46233898 1.73136756
v -0.12376399 0.6222036 1.63116962
v -0.05663173 0.28470694 1.80038511
v 0 0.29028468 1.80038511
v 0 0.47139674 1.73136756
v -0.13456391 0.02676643 1.82839948
v -0.12675643 0.05250423 1.82839948
v -0.11407778 0.07622433 1.82839948
v -0.09701517 0.09701517 1.82839948
v -0.07622433 0.11407778 1.82839948
v -0.05250423 0.12675643 1.82839948
v -0.02676643 0.13456391 1.82839948
v 0 0.13720017 1.82839948
v -0.4294616 0.6427347 1.50364182
v -0.33749666 0.81478901 1.353685
v -0.29581829 0.71416854 1.50364182
v -0.1720543 0.86497539 1.353685
v -0.15080686 0.75815727 1.50364182
v 0 0.63439328 1.63116962
v 0 0.77301045 1.50364182
v 0 0.88192126 1.353685
v 0.1720543 -0.86497539 0.486315
v 0.1866898 -0.938553 0.6529381
v 0.15080686 -0.75815727 0.33635818
v 0.33749666 -0.81478901 0.486315
v 0.12376399 -0.6222036 0.20883038
v 0.09196494 -0.46233898 0.10863244
v 0.2427718 -0.58610297 0.20883038
v 0.29581829 -0.71416854 0.33635818
v 0.18039572 -0.4355138 0.10863244
v 0.36620521 -0.88409759 0.6529381
v 0.4899692 -0.73329073 0.486315
v 0.53164757 -0.79566681 0.6529381
v 0.35245002 -0.52747874 0.20883038
v 0.4294616 -0.6427347 0.33635818
v 0.44858379 -0.44858379 0.20883038
v 0.54660093 -0.54660093 0.33635818
v 0.19415091 -0.97606253 0.82982423
v 0.19415091 -0.97606253 1.01017577
v 0.1866898 -0.938553 1.1870619
v 0.38084071 -0.9194308 1.01017577
v 0.36620521 -0.88409759 1.1870619
v 0.38084071 -0.9194308 0.82982423
v 0.55289501 -0.82746586 0.82982423
v 0.55289501 -0.82746586 1.01017577
v 0.53164757 -0.79566681 1.1870619
v 0.05663173 -0.28470694 0.03961489
v 0.11108714 -0.26818807 0.03961489
v 0.26189399 -0.39195206 0.10863244
v 0.16127353 -0.24136289 0.03961489
v 0.20526226 -0.20526226 0.03961489
v 0.0191222 -0.09613377 0.00443005
v 0.03750954 -0.09055603 0.00443005
v 0.05445541 -0.08149827 0.00443005
v 0.06930858 -0.06930858 0.00443005
v 0.0191222 0.09613377 0.00443005
v 0.03750954 0.09055603 0.00443005
v 0.05445541 0.08149827 0.00443005
v 0.06930858 0.06930858 0.00443005
v 0.08149827 -0.05445541 0.00443005
v 0.08149827 0.05445541 0.00443005
v 0.09055603 0.03750954 0.00443005
v 0.09055603 -0.03750954 0.00443005
v 0.09613377 0.0191222 0.00443005
v 0.09613377 -0.0191222 0.00443005
v 0.24136289 -0.16127353 0.03961489
v 0.33332783 -0.33332783 0.10863244
v 0.26818807 -0.11108714 0.03961489
v 0.09801714 0 0.00443005
v 0.28470694 -0.05663173 0.03961489
v 0.29028468 0 0.03961489
v 0.39195206 -0.26189399 0.10863244
v 0.52747874 -0.35245002 0.20883038
v 0.4355138 -0.18039572 0.10863244
v 0.46233898 -0.09196494 0.10863244
v 0.58610297 -0.2427718 0.20883038
v 0.47139674 0 0.10863244
v 0.6222036 -0.12376399 0.20883038
v 0.62361251 -0.62361251 0.486315
v 0.676659 -0.676659 0.6529381
v 0.73329073 -0.4899692 0.486315
v 0.79566681 -0.53164757 0.6529381
v 0.70370187 -0.70370187 1.01017577
v 0.70370187 -0.70370187 0.82982423
v 0.82746586 -0.55289501 0.82982423
v 0.676659 -0.676659 1.1870619
v 0.82746586 -0.55289501 1.01017577
v 0.79566681 -0.53164757 1.1870619
v 0.6427347 -0.4294616 0.33635818
v 0.71416854 -0.29581829 0.33635818
v 0.81478901 -0.33749666 0.486315
v 0.63439328 0 0.20883038
v 0.75815727 -0.15080686 0.33635818
v 0.77301045 0 0.33635818
v 0.86497539 -0.1720543 0.486315
v 0.88409759 -0.36620521 0.6529381
v 0.938553 -0.1866898 0.6529381
v 0.88192126 0 0.486315
v 0.95694034 0 0.6529381
v 0.9194308 -0.38084071 0.82982423
v 0.97606253 -0.19415091 0.82982423
v 0.9194308 -0.38084071 1.01017577
v 0.88409759 -0.36620521 1.1870619
v 0.97606253 -0.19415091 1.01017577
v 0.99518473 0 0.82982423
v 0.938553 -0.1866898 1.1870619
v 0.99518473 0 1.01017577
v 0.95694034 0 1.1870619
v 0.1720543 -0.86497539 1.353685
v 0.15080686 -0.75815727 1.50364182
v 0.33749666 -0.81478901 1.353685
v 0.29581829 -0.71416854 1.50364182
v 0.12376399 -0.6222036 1.63116962
v 0.2427718 -0.58610297 1.63116962
v 0.18039572 -0.4355138 1.73136756
v 0.4899692 -0.73329073 1.353685
v 0.4294616 -0.6427347 1.50364182
v 0.54660093 -0.54660093 1.50364182
v 0.35245002 -0.52747874 1.63116962
v 0.44858379 -0.44858379 1.63116962
v 0.09196494 -0.46233898 1.73136756
v 0.05663173 -0.28470694 1.80038511
v 0.11108714 -0.26818807 1.80038511
v 0.26189399 -0.39195206 1.73136756
v 0.16127353 -0.24136289 1.80038511
v 0.20526226 -0.20526226 1.80038511
v 0.33332783 -0.33332783 1.73136756
v 0.24136289 -0.16127353 1.80038511
v 0.39195206 -0.26189399 1.73136756
v 0.52747874 -0.35245002 1.63116962
v 0.4355138 -0.18039572 1.73136756
v 0.26818807 -0.11108714 1.80038511
v 0.28470694 -0.05663173 1.80038511
v 0.46233898 -0.09196494 1.73136756
v 0.29028468 0 1.80038511
v 0.58610297 -0.2427718 1.63116962
v 0.47139674 0 1.73136756
v 0.6222036 -0.12376399 1.63116962
v 0.02676643 -0.13456391 1.82839948
v 0.05250423 -0.12675643 1.82839948
v 0.07622433 -0.11407778 1.82839948
v 0.09701517 -0.09701517 1.82839948
v 0.11407778 -0.07622433 1.82839948
v 0.12675643 -0.05250423 1.82839948
v 0.13456391 -0.02676643 1.82839948
v 0.13720017 0 1.82839948
v 0.62361251 -0.62361251 1.353685
v 0.73329073 -0.4899692 1.353685
v 0.6427347 -0.4294616 1.50364182
v 0.81478901 -0.33749666 1.353685
v 0.71416854 -0.29581829 1.50364182
v 0.86497539 -0.1720543 1.353685
v 0.75815727 -0.15080686 1.50364182
v 0.63439328 0 1.63116962
v 0.77301045 0 1.50364182
v 0.88192126 0 1.353685
v 0.20526226 0.20526226 0.03961489
v 0.05663173 0.28470694 0.03961489
v 0.11108714 0.26818807 0.03961489
v 0.16127353 0.24136289 0.03961489
v 0.28470694 0.05663173 0.03961489
v 0.26818807 0.11108714 0.03961489
v 0.24136289 0.16127353 0.03961489
v 0.33332783 0.33332783 0.10863244
v 0.09196494 0.46233898 0.10863244
v 0.18039572 0.4355138 0.10863244
v 0.12376399 0.6222036 0.20883038
v 0.26189399 0.39195206 0.10863244
v 0.2427718 0.58610297 0.20883038
v 0.46233898 0.09196494 0.10863244
v 0.4355138 0.18039572 0.10863244
v 0.39195206 0.26189399 0.10863244
v 0.6222036 0.12376399 0.20883038
v 0.58610297 0.2427718 0.20883038
v 0.52747874 0.35245002 0.20883038
v 0.44858379 0.44858379 0.20883038
v 0.35245002 0.52747874 0.20883038
v 0.54660093 0.54660093 0.33635818
v 0.15080686 0.75815727 0.33635818
v 0.29581829 0.71416854 0.33635818
v 0.1720543 0.86497539 0.486315
v 0.1866898 0.938553 0.6529381
v 0.33749666 0.81478901 0.486315
v 0.4294616 0.6427347 0.33635818
v 0.4899692 0.73329073 0.486315
v 0.36620521 0.88409759 0.6529381
v 0.53164757 0.79566681 0.6529381
v 0.19415091 0.97606253 0.82982423
v 0.38084071 0.9194308 0.82982423
v 0.19415091 0.97606253 1.01017577
v 0.1866898 0.938553 1.1870619
v 0.36620521 0.88409759 1.1870619
v 0.55289501 0.82746586 0.82982423
v 0.38084071 0.9194308 1.01017577
v 0.55289501 0.82746586 1.01017577
v 0.53164757 0.79566681 1.1870619
v 0.71416854 0.29581829 0.33635818
v 0.75815727 0.15080686 0.33635818
v 0.86497539 0.1720543 0.486315
v 0.6427347 0.4294616 0.33635818
v 0.73329073 0.4899692 0.486315
v 0.81478901 0.33749666 0.486315
v 0.938553 0.1866898 0.6529381
v 0.88409759 0.36620521 0.6529381
v 0.79566681 0.53164757 0.6529381
v 0.97606253 0.19415091 0.82982423
v 0.97606253 0.19415091 1.01017577
v 0.938553 0.1866898 1.1870619
v 0.9194308 0.38084071 1.01017577
v 0.88409759 0.36620521 1.1870619
v 0.9194308 0.38084071 0.82982423
v 0.82746586 0.55289501 0.82982423
v 0.82746586 0.55289501 1.01017577
v 0.79566681 0.53164757 1.1870619
v 0.62361251 0.62361251 0.486315
v 0.676659 0.676659 0.6529381
v 0.70370187 0.70370187 0.82982423
v 0.676659 0.676659 1.1870619
v 0.70370187 0.70370187 1.01017577
v 0.24136289 0.16127353 1.80038511
v 0.33332783 0.33332783 1.73136756
v 0.20526226 0.20526226 1.80038511
v 0.05663173 0.28470694 1.80038511
v 0.11108714 0.26818807 1.80038511
v 0.09196494 0.46233898 1.73136756
v 0.18039572 0.4355138 1.73136756
v 0.16127353 0.24136289 1.80038511
v 0.26189399 0.39195206 1.73136756
v 0.12376399 0.6222036 1.63116962
v 0.2427718 0.58610297 1.63116962
v 0.46233898 0.09196494 1.73136756
v 0.28470694 0.05663173 1.80038511
v 0.4355138 0.18039572 1.73136756
v 0.26818807 0.11108714 1.80038511
v 0.39195206 0.26189399 1.73136756
v 0.6222036 0.12376399 1.63116962
v 0.58610297 0.2427718 1.63116962
v 0.52747874 0.35245002 1.63116962
v 0.44858379 0.44858379 1.63116962
v 0.35245002 0.52747874 1.63116962
v 0.54660093 0.54660093 1.50364182
v 0.02676643 0.13456391 1.82839948
v 0.05250423 0.12675643 1.82839948
v 0.07622433 0.11407778 1.82839948
v 0.09701517 0.09701517 1.82839948
v 0.13456391 0.02676643 1.82839948
v 0.12675643 0.05250423 1.82839948
v 0.11407778 0.07622433 1.82839948
v 0.1720543 0.86497539 1.353685
v 0.15080686 0.75815727 1.50364182
v 0.29581829 0.71416854 1.50364182
v 0.33749666 0.81478901 1.353685
v 0.4294616 0.6427347 1.50364182
v 0.4899692 0.73329073 1.353685
v 0.86497539 0.1720543 1.353685
v 0.71416854 0.29581829 1.50364182
v 0.75815727 0.15080686 1.50364182
v 0.73329073 0.4899692 1.353685
v 0.6427347 0.4294616 1.50364182
v 0.81478901 0.33749666 1.353685
v 0.62361251 0.62361251 1.353685
v -0.08314696 -0.05555702 1.94
v -0.07071068 -0.07071068 1.94
v -0.05555702 -0.08314696 1.94
v -0.09238795 -0.03826834 1.94
v -0.1 0 1.94
v -0.09807853 -0.01950903 1.94
v -0.09238795 0.03826834 1.94
v -0.09807853 0.01950903 1.94
v -0.08314696 0.05555702 1.94
v -0.07071068 0.07071068 1.94
v -0.03826834 -0.09238795 1.94
v -0.01950903 -0.09807853 1.94
v 0 -0.1 1.94
v -0.05555702 0.08314696 1.94
v -0.03826834 0.09238795 1.94
v -0.01950903 0.09807853 1.94
v 0 0.1 1.94
v 0.03826834 -0.09238795 1.94
v 0.05555702 -0.08314696 1.94
v 0.01950903 -0.09807853 1.94
v 0.07071068 -0.07071068 1.94
v 0.05555702 0.08314696 1.94
v 0.08314696 -0.05555702 1.94
v 0.09238795 -0.03826834 1.94
v 0.09807853 -0.01950903 1.94
v 0.07071068 0.07071068 1.94
v 0.08314696 0.05555702 1.94
v 0.09238795 0.03826834 1.94
v 0.1 0 1.94
v 0.01950903 0.09807853 1.94
v 0.03826834 0.09238795 1.94
v 0.09807853 0.01950903 1.94
vn -0.67686 -0.48503 -0.55372
vn -0.56923 -0.60776 -0.55372
vn -0.7515 -0.53852 -0.38111
vn -0.79737 -0.57139 -0.19419
vn -0.79737 -0.57139 -0.19419
vn -0.632 -0.67478 -0.38111
vn -0.67058 -0.71597 -0.19419
vn -0.67058 -0.71597 -0.19419
vn -0.7515 -0.53852 -0.38111
vn -0.632 -0.67478 -0.38111
vn -0.81285 -0.58248 0
vn -0.79737 -0.57139 0.19419
vn -0.79737 -0.57139 0.19419
vn -0.68359 -0.72986 0
vn -0.67058 -0.71597 0.19419
vn -0.67058 -0.71597 0.19419
vn -0.7515 -0.53852 0.38111
vn -0.632 -0.67478 0.38111
vn -0.7515 -0.53852 0.38111
vn -0.632 -0.67478 0.38111
vn -0.67686 -0.48503 0.55372
vn -0.56923 -0.60776 0.55372
vn -0.51802 -0.83304 -0.19419
vn -0.32567 -0.86527 -0.38111
vn -0.32567 -0.86527 -0.38111
vn -0.34554 -0.91809 -0.19419
vn -0.34554 -0.91809 -0.19419
vn -0.43972 -0.70714 -0.55372
vn -0.48454 -0.51734 -0.7054
vn -0.56923 -0.60776 -0.55372
vn -0.48454 -0.51734 -0.7054
vn -0.43972 -0.70714 -0.55372
vn -0.29332 -0.77933 -0.55372
vn -0.24968 -0.66338 -0.7054
vn -0.3743 -0.60192 -0.7054
vn -0.3743 -0.60192 -0.7054
vn -0.48821 -0.78511 -0.38111
vn -0.48821 -0.78511 -0.38111
vn -0.51802 -0.83304 -0.19419
vn -0.13564 -0.82158 -0.55372
vn 0.02725 -0.83226 -0.55372
vn -0.1506 -0.91218 -0.38111
vn -0.1506 -0.91218 -0.38111
vn -0.15979 -0.96786 -0.19419
vn -0.15979 -0.96786 -0.19419
vn 0.03025 -0.92404 -0.38111
vn 0.03025 -0.92404 -0.38111
vn 0.0321 -0.98044 -0.19419
vn 0.0321 -0.98044 -0.19419
vn -0.29332 -0.77933 -0.55372
vn -0.13564 -0.82158 -0.55372
vn -0.11546 -0.69934 -0.7054
vn -0.24968 -0.66338 -0.7054
vn -0.19635 -0.5217 -0.83023
vn -0.0908 -0.54998 -0.83023
vn -0.11546 -0.69934 -0.7054
vn 0.02319 -0.70843 -0.7054
vn 0.02725 -0.83226 -0.55372
vn 0.02319 -0.70843 -0.7054
vn -0.0908 -0.54998 -0.83023
vn 0.01824 -0.55713 -0.83023
vn 0.01824 -0.55713 -0.83023
vn 0.01824 -0.55713 -0.83023
vn -0.52807 -0.8492 0
vn -0.51802 -0.83304 0.19419
vn -0.35225 -0.93591 0
vn -0.34554 -0.91809 0.19419
vn -0.34554 -0.91809 0.19419
vn -0.32567 -0.86527 0.38111
vn -0.32567 -0.86527 0.38111
vn -0.51802 -0.83304 0.19419
vn -0.48821 -0.78511 0.38111
vn -0.48821 -0.78511 0.38111
vn -0.43972 -0.70714 0.55372
vn -0.56923 -0.60776 0.55372
vn -0.43972 -0.70714 0.55372
vn -0.29332 -0.77933 0.55372
vn -0.1629 -0.98664 0
vn -0.15979 -0.96786 0.19419
vn -0.15979 -0.96786 0.19419
vn 0.03272 -0.99946 0
vn 0.0321 -0.98044 0.19419
vn 0.0321 -0.98044 0.19419
vn -0.1506 -0.91218 0.38111
vn -0.1506 -0.91218 0.38111
vn -0.13564 -0.82158 0.55372
vn 0.03025 -0.92404 0.38111
vn 0.03025 -0.92404 0.38111
vn 0.02725 -0.83226 0.55372
vn -0.29332 -0.77933 0.55372
vn -0.13564 -0.82158 0.55372
vn 0.02725 -0.83226 0.55372
vn -0.48454 -0.51734 0.7054
vn -0.48454 -0.51734 0.7054
vn -0.24968 -0.66338 0.7054
vn -0.3743 -0.60192 0.7054
vn -0.3743 -0.60192 0.7054
vn -0.11546 -0.69934 0.7054
vn -0.24968 -0.66338 0.7054
vn -0.19635 -0.5217 0.83023
vn -0.0908 -0.54998 0.83023
vn -0.11546 -0.69934 0.7054
vn 0.02319 -0.70843 0.7054
vn 0.02319 -0.70843 0.7054
vn -0.0908 -0.54998 0.83023
vn 0.01824 -0.55713 0.83023
vn 0.01824 -0.55713 0.83023
vn 0.01824 -0.55713 0.83023
vn 0.18909 -0.81095 -0.55372
vn 0.20994 -0.90038 -0.38111
vn 0.20994 -0.90038 -0.38111
vn 0.22275 -0.95534 -0.19419
vn 0.22275 -0.95534 -0.19419
vn 0.16095 -0.69029 -0.7054
vn 0.18909 -0.81095 -0.55372
vn 0.16095 -0.69029 -0.7054
vn 0.12658 -0.54286 -0.83023
vn 0.22708 -0.97388 0
vn 0.22275 -0.95534 0.19419
vn 0.22275 -0.95534 0.19419
vn 0.20994 -0.90038 0.38111
vn 0.20994 -0.90038 0.38111
vn 0.18909 -0.81095 0.55372
vn 0.18909 -0.81095 0.55372
vn 0.16095 -0.69029 0.7054
vn 0.16095 -0.69029 0.7054
vn 0.12658 -0.54286 0.83023
vn -0.60776 -0.56923 -0.55372
vn -0.48503 -0.67686 -0.55372
vn -0.67478 -0.632 -0.38111
vn -0.71597 -0.67058 -0.19419
vn -0.71597 -0.67058 -0.19419
vn -0.53852 -0.7515 -0.38111
vn -0.57139 -0.79737 -0.19419
vn -0.57139 -0.79737 -0.19419
vn -0.67478 -0.632 -0.38111
vn -0.53852 -0.7515 -0.38111
vn -0.72986 -0.68359 0
vn -0.71597 -0.67058 0.19419
vn -0.71597 -0.67058 0.19419
vn -0.58248 -0.81285 0
vn -0.57139 -0.79737 0.19419
vn -0.57139 -0.79737 0.19419
vn -0.67478 -0.632 0.38111
vn -0.53852 -0.7515 0.38111
vn -0.67478 -0.632 0.38111
vn -0.53852 -0.7515 0.38111
vn -0.60776 -0.56923 0.55372
vn -0.48503 -0.67686 0.55372
vn -0.83304 -0.51802 -0.19419
vn -0.86527 -0.32567 -0.38111
vn -0.86527 -0.32567 -0.38111
vn -0.91809 -0.34554 -0.19419
vn -0.91809 -0.34554 -0.19419
vn -0.82158 -0.13564 -0.55372
vn -0.83226 0.02725 -0.55372
vn -0.91218 -0.1506 -0.38111
vn -0.91218 -0.1506 -0.38111
vn -0.96786 -0.15979 -0.19419
vn -0.96786 -0.15979 -0.19419
vn -0.92404 0.03025 -0.38111
vn -0.92404 0.03025 -0.38111
vn -0.98044 0.0321 -0.19419
vn -0.98044 0.0321 -0.19419
vn -0.70714 -0.43972 -0.55372
vn -0.77933 -0.29332 -0.55372
vn -0.70714 -0.43972 -0.55372
vn -0.60776 -0.56923 -0.55372
vn -0.51734 -0.48454 -0.7054
vn -0.66338 -0.24968 -0.7054
vn -0.60192 -0.3743 -0.7054
vn -0.47337 -0.29436 -0.83023
vn -0.60192 -0.3743 -0.7054
vn -0.78511 -0.48821 -0.38111
vn -0.78511 -0.48821 -0.38111
vn -0.83304 -0.51802 -0.19419
vn -0.69934 -0.11546 -0.7054
vn -0.77933 -0.29332 -0.55372
vn -0.82158 -0.13564 -0.55372
vn -0.66338 -0.24968 -0.7054
vn -0.69934 -0.11546 -0.7054
vn -0.70843 0.02319 -0.7054
vn -0.83226 0.02725 -0.55372
vn -0.70843 0.02319 -0.7054
vn -0.5217 -0.19635 -0.83023
vn -0.54998 -0.0908 -0.83023
vn -0.54998 -0.0908 -0.83023
vn -0.55713 0.01824 -0.83023
vn -0.55713 0.01824 -0.83023
vn -0.55713 0.01824 -0.83023
vn -0.8492 -0.52807 0
vn -0.83304 -0.51802 0.19419
vn -0.93591 -0.35225 0
vn -0.91809 -0.34554 0.19419
vn -0.91809 -0.34554 0.19419
vn -0.86527 -0.32567 0.38111
vn -0.86527 -0.32567 0.38111
vn -0.99946 0.03272 0
vn -0.98664 -0.1629 0
vn -0.96786 -0.15979 0.19419
vn -0.96786 -0.15979 0.19419
vn -0.98044 0.0321 0.19419
vn -0.98044 0.0321 0.19419
vn -0.91218 -0.1506 0.38111
vn -0.91218 -0.1506 0.38111
vn -0.82158 -0.13564 0.55372
vn -0.92404 0.03025 0.38111
vn -0.92404 0.03025 0.38111
vn -0.83226 0.02725 0.55372
vn -0.83304 -0.51802 0.19419
vn -0.78511 -0.48821 0.38111
vn -0.78511 -0.48821 0.38111
vn -0.70714 -0.43972 0.55372
vn -0.77933 -0.29332 0.55372
vn -0.70714 -0.43972 0.55372
vn -0.60776 -0.56923 0.55372
vn -0.77933 -0.29332 0.55372
vn -0.82158 -0.13564 0.55372
vn -0.83226 0.02725 0.55372
vn -0.51734 -0.48454 0.7054
vn -0.60192 -0.3743 0.7054
vn -0.66338 -0.24968 0.7054
vn -0.60192 -0.3743 0.7054
vn -0.47337 -0.29436 0.83023
vn -0.66338 -0.24968 0.7054
vn -0.69934 -0.11546 0.7054
vn -0.69934 -0.11546 0.7054
vn -0.70843 0.02319 0.7054
vn -0.70843 0.02319 0.7054
vn -0.5217 -0.19635 0.83023
vn -0.54998 -0.0908 0.83023
vn -0.54998 -0.0908 0.83023
vn -0.55713 0.01824 0.83023
vn -0.55713 0.01824 0.83023
vn -0.55713 0.01824 0.83023
vn -0.81095 0.18909 -0.55372
vn -0.90038 0.20994 -0.38111
vn -0.90038 0.20994 -0.38111
vn -0.95534 0.22275 -0.19419
vn -0.95534 0.22275 -0.19419
vn -0.69029 0.16095 -0.7054
vn -0.81095 0.18909 -0.55372
vn -0.69029 0.16095 -0.7054
vn -0.54286 0.12658 -0.83023
vn -0.97388 0.22708 0
vn -0.95534 0.22275 0.19419
vn -0.95534 0.22275 0.19419
vn -0.90038 0.20994 0.38111
vn -0.90038 0.20994 0.38111
vn -0.81095 0.18909 0.55372
vn -0.81095 0.18909 0.55372
vn -0.69029 0.16095 0.7054
vn -0.69029 0.16095 0.7054
vn -0.54286 0.12658 0.83023
vn -0.26268 -0.28046 -0.92322
vn -0.31235 -0.22382 -0.92322
vn -0.31235 -0.22382 -0.92322
vn -0.35001 -0.15859 -0.92322
vn -0.38406 -0.01257 -0.92322
vn -0.37422 -0.08726 -0.92322
vn -0.35001 -0.15859 -0.92322
vn -0.37422 -0.08726 -0.92322
vn -0.19589 -0.00641 -0.9806
vn -0.19088 -0.04451 -0.9806
vn -0.37913 0.06259 -0.92322
vn -0.38406 -0.01257 -0.92322
vn -0.37913 0.06259 -0.92322
vn -0.35963 0.13536 -0.92322
vn -0.19589 -0.00641 -0.9806
vn -0.19338 0.03193 -0.9806
vn -0.37913 0.06259 -0.92322
vn -0.20292 -0.32632 -0.92322
vn -0.13536 -0.35963 -0.92322
vn -0.13536 -0.35963 -0.92322
vn -0.26268 -0.28046 -0.92322
vn -0.13398 -0.14305 -0.9806
vn -0.06904 -0.18344 -0.9806
vn -0.13536 -0.35963 -0.92322
vn -0.20292 -0.32632 -0.92322
vn -0.13398 -0.14305 -0.9806
vn -0.1035 -0.16644 -0.9806
vn -0.1035 -0.16644 -0.9806
vn 0.01257 -0.38406 -0.92322
vn -0.06259 -0.37913 -0.92322
vn -0.06259 -0.37913 -0.92322
vn -0.17853 -0.08089 -0.9806
vn -0.15932 -0.11416 -0.9806
vn -0.15932 -0.11416 -0.9806
vn -0.17853 -0.08089 -0.9806
vn -0.19088 -0.04451 -0.9806
vn -0.35963 0.13536 -0.92322
vn -0.32632 0.20292 -0.92322
vn -0.95534 -0.22275 -0.19419
vn -0.95534 -0.22275 -0.19419
vn -0.92404 -0.03025 -0.38111
vn -0.98044 -0.0321 -0.19419
vn -0.98044 -0.0321 -0.19419
vn -0.96786 0.15979 -0.19419
vn -0.75848 -0.34366 -0.55372
vn -0.81095 -0.18909 -0.55372
vn -0.67686 -0.48503 -0.55372
vn -0.57615 -0.41287 -0.7054
vn -0.64563 -0.29253 -0.7054
vn -0.69029 -0.16095 -0.7054
vn -0.64563 -0.29253 -0.7054
vn -0.75848 -0.34366 -0.55372
vn -0.84212 -0.38156 -0.38111
vn -0.84212 -0.38156 -0.38111
vn -0.89353 -0.40485 -0.19419
vn -0.89353 -0.40485 -0.19419
vn -0.90038 -0.20994 -0.38111
vn -0.90038 -0.20994 -0.38111
vn -0.83226 -0.02725 -0.55372
vn -0.81095 -0.18909 -0.55372
vn -0.83226 -0.02725 -0.55372
vn -0.82158 0.13564 -0.55372
vn -0.69029 -0.16095 -0.7054
vn -0.70843 -0.02319 -0.7054
vn -0.70843 -0.02319 -0.7054
vn -0.69934 0.11546 -0.7054
vn -0.69934 0.11546 -0.7054
vn -0.92404 -0.03025 -0.38111
vn -0.91218 0.1506 -0.38111
vn -0.91086 -0.41271 0
vn -0.97388 -0.22708 0
vn -0.95534 -0.22275 0.19419
vn -0.95534 -0.22275 0.19419
vn -0.99946 -0.03272 0
vn -0.98044 -0.0321 0.19419
vn -0.98664 0.1629 0
vn -0.98044 -0.0321 0.19419
vn -0.96786 0.15979 0.19419
vn -0.92404 -0.03025 0.38111
vn -0.89353 -0.40485 0.19419
vn -0.89353 -0.40485 0.19419
vn -0.84212 -0.38156 0.38111
vn -0.84212 -0.38156 0.38111
vn -0.75848 -0.34366 0.55372
vn -0.90038 -0.20994 0.38111
vn -0.90038 -0.20994 0.38111
vn -0.81095 -0.18909 0.55372
vn -0.67686 -0.48503 0.55372
vn -0.75848 -0.34366 0.55372
vn -0.83226 -0.02725 0.55372
vn -0.81095 -0.18909 0.55372
vn -0.92404 -0.03025 0.38111
vn -0.91218 0.1506 0.38111
vn -0.83226 -0.02725 0.55372
vn -0.82158 0.13564 0.55372
vn -0.96786 0.15979 -0.19419
vn -0.91809 0.34554 -0.19419
vn -0.82158 0.13564 -0.55372
vn -0.77933 0.29332 -0.55372
vn -0.77933 0.29332 -0.55372
vn -0.66338 0.24968 -0.7054
vn -0.66338 0.24968 -0.7054
vn -0.70714 0.43972 -0.55372
vn -0.70714 0.43972 -0.55372
vn -0.60192 0.3743 -0.7054
vn -0.91218 0.1506 -0.38111
vn -0.86527 0.32567 -0.38111
vn -0.86527 0.32567 -0.38111
vn -0.78511 0.48821 -0.38111
vn -0.91809 0.34554 -0.19419
vn -0.60776 0.56923 -0.55372
vn -0.60776 0.56923 -0.55372
vn -0.78511 0.48821 -0.38111
vn -0.83304 0.51802 -0.19419
vn -0.83304 0.51802 -0.19419
vn -0.67478 0.632 -0.38111
vn -0.67478 0.632 -0.38111
vn -0.71597 0.67058 -0.19419
vn -0.71597 0.67058 -0.19419
vn -0.93591 0.35225 0
vn -0.96786 0.15979 0.19419
vn -0.91809 0.34554 0.19419
vn -0.91809 0.34554 0.19419
vn -0.91218 0.1506 0.38111
vn -0.86527 0.32567 0.38111
vn -0.82158 0.13564 0.55372
vn -0.77933 0.29332 0.55372
vn -0.86527 0.32567 0.38111
vn -0.78511 0.48821 0.38111
vn -0.77933 0.29332 0.55372
vn -0.70714 0.43972 0.55372
vn -0.70714 0.43972 0.55372
vn -0.8492 0.52807 0
vn -0.83304 0.51802 0.19419
vn -0.83304 0.51802 0.19419
vn -0.71597 0.67058 0.19419
vn -0.71597 0.67058 -0.19419
vn -0.72986 0.68359 0
vn -0.57139 0.79737 -0.19419
vn -0.58248 0.81285 0
vn -0.71597 0.67058 0.19419
vn -0.71597 0.67058 0.19419
vn -0.57139 0.79737 0.19419
vn -0.78511 0.48821 0.38111
vn -0.67478 0.632 0.38111
vn -0.60776 0.56923 0.55372
vn -0.60776 0.56923 0.55372
vn -0.67478 0.632 0.38111
vn -0.57615 -0.41287 -0.7054
vn -0.50774 -0.23005 -0.83023
vn -0.4531 -0.32469 -0.83023
vn -0.50774 -0.23005 -0.83023
vn -0.38105 -0.40684 -0.83023
vn -0.38105 -0.40684 -0.83023
vn -0.29436 -0.47337 -0.83023
vn -0.29436 -0.47337 -0.83023
vn -0.4531 -0.32469 -0.83023
vn -0.54286 -0.12658 -0.83023
vn -0.54286 -0.12658 -0.83023
vn -0.55713 -0.01824 -0.83023
vn -0.55713 -0.01824 -0.83023
vn -0.54998 0.0908 -0.83023
vn -0.54998 0.0908 -0.83023
vn -0.19635 -0.5217 -0.83023
vn -0.5217 0.19635 -0.83023
vn -0.5217 0.19635 -0.83023
vn -0.47337 0.29436 -0.83023
vn -0.47337 0.29436 -0.83023
vn -0.60192 0.3743 -0.7054
vn -0.51734 0.48454 -0.7054
vn -0.40684 0.38105 -0.83023
vn -0.51734 0.48454 -0.7054
vn -0.47337 0.29436 -0.83023
vn -0.57615 -0.41287 0.7054
vn -0.64563 -0.29253 0.7054
vn -0.64563 -0.29253 0.7054
vn -0.69029 -0.16095 0.7054
vn -0.69029 -0.16095 0.7054
vn -0.70843 -0.02319 0.7054
vn -0.70843 -0.02319 0.7054
vn -0.69934 0.11546 0.7054
vn -0.69934 0.11546 0.7054
vn -0.66338 0.24968 0.7054
vn -0.66338 0.24968 0.7054
vn -0.60192 0.3743 0.7054
vn -0.57615 -0.41287 0.7054
vn -0.50774 -0.23005 0.83023
vn -0.4531 -0.32469 0.83023
vn -0.50774 -0.23005 0.83023
vn -0.38105 -0.40684 0.83023
vn -0.38105 -0.40684 0.83023
vn -0.29436 -0.47337 0.83023
vn -0.29436 -0.47337 0.83023
vn -0.4531 -0.32469 0.83023
vn -0.26268 -0.28046 0.92322
vn -0.31235 -0.22382 0.92322
vn -0.31235 -0.22382 0.92322
vn -0.54286 -0.12658 0.83023
vn -0.54286 -0.12658 0.83023
vn -0.55713 -0.01824 0.83023
vn -0.55713 -0.01824 0.83023
vn -0.54998 0.0908 0.83023
vn -0.54998 0.0908 0.83023
vn -0.35001 -0.15859 0.92322
vn -0.37422 -0.08726 0.92322
vn -0.38406 -0.01257 0.92322
vn -0.35001 -0.15859 0.92322
vn -0.37422 -0.08726 0.92322
vn -0.19088 -0.04451 0.9806
vn -0.19589 -0.00641 0.9806
vn -0.38406 -0.01257 0.92322
vn -0.37913 0.06259 0.92322
vn -0.37913 0.06259 0.92322
vn -0.35963 0.13536 0.92322
vn -0.35963 0.13536 0.92322
vn -0.37913 0.06259 0.92322
vn -0.19589 -0.00641 0.9806
vn -0.19338 0.03193 0.9806
vn -0.20292 -0.32632 0.92322
vn -0.19635 -0.5217 0.83023
vn -0.13536 -0.35963 0.92322
vn -0.13536 -0.35963 0.92322
vn -0.26268 -0.28046 0.92322
vn -0.13398 -0.14305 0.9806
vn -0.13398 -0.14305 0.9806
vn -0.20292 -0.32632 0.92322
vn -0.13536 -0.35963 0.92322
vn -0.06904 -0.18344 0.9806
vn -0.1035 -0.16644 0.9806
vn -0.1035 -0.16644 0.9806
vn -0.06259 -0.37913 0.92322
vn 0.01257 -0.38406 0.92322
vn -0.06259 -0.37913 0.92322
vn -0.15932 -0.11416 0.9806
vn -0.15932 -0.11416 0.9806
vn -0.17853 -0.08089 0.9806
vn -0.17853 -0.08089 0.9806
vn -0.19088 -0.04451 0.9806
vn -0.5217 0.19635 0.83023
vn -0.5217 0.19635 0.83023
vn -0.47337 0.29436 0.83023
vn -0.47337 0.29436 0.83023
vn -0.60192 0.3743 0.7054
vn -0.51734 0.48454 0.7054
vn -0.51734 0.48454 0.7054
vn -0.40684 0.38105 0.83023
vn -0.32632 0.20292 0.92322
vn -0.47337 0.29436 0.83023
vn -0.33889 -0.18114 -0.92322
vn -0.33889 -0.18114 -0.92322
vn -0.36772 -0.11155 -0.92322
vn -0.38241 -0.03766 -0.92322
vn -0.36772 -0.11155 -0.92322
vn -0.38241 -0.03766 -0.92322
vn -0.39253 -0.73438 -0.55372
vn -0.39253 -0.73438 -0.55372
vn -0.58652 -0.71467 -0.38111
vn -0.58652 -0.71467 -0.38111
vn -0.62232 -0.7583 -0.19419
vn -0.62232 -0.7583 -0.19419
vn -0.46242 -0.86513 -0.19419
vn -0.46242 -0.86513 -0.19419
vn -0.28476 -0.93872 -0.19419
vn -0.43582 -0.81536 -0.38111
vn -0.43582 -0.81536 -0.38111
vn -0.77301 -0.63439 0
vn -0.63439 -0.77301 0
vn -0.62232 -0.7583 0.19419
vn -0.62232 -0.7583 0.19419
vn -0.4714 -0.88192 0
vn -0.29028 -0.95694 0
vn -0.46242 -0.86513 0.19419
vn -0.46242 -0.86513 0.19419
vn -0.28476 -0.93872 0.19419
vn -0.58652 -0.71467 0.38111
vn -0.58652 -0.71467 0.38111
vn -0.43582 -0.81536 0.38111
vn -0.43582 -0.81536 0.38111
vn -0.39253 -0.73438 0.55372
vn -0.39253 -0.73438 0.55372
vn -0.73438 -0.39253 -0.55372
vn -0.73438 -0.39253 -0.55372
vn -0.86513 -0.46242 -0.19419
vn -0.86513 -0.46242 -0.19419
vn -0.71467 -0.58652 -0.38111
vn -0.71467 -0.58652 -0.38111
vn -0.7583 -0.62232 -0.19419
vn -0.7583 -0.62232 -0.19419
vn -0.81536 -0.43582 -0.38111
vn -0.81536 -0.43582 -0.38111
vn -0.8287 -0.08162 -0.55372
vn -0.79685 -0.24172 -0.55372
vn -0.79685 -0.24172 -0.55372
vn -0.67829 -0.20576 -0.7054
vn -0.7054 -0.06948 -0.7054
vn -0.8287 -0.08162 -0.55372
vn -0.7054 -0.06948 -0.7054
vn -0.88472 -0.26838 -0.38111
vn -0.88472 -0.26838 -0.38111
vn -0.93872 -0.28476 -0.19419
vn -0.93872 -0.28476 -0.19419
vn -0.92008 -0.09062 -0.38111
vn -0.92008 -0.09062 -0.38111
vn -0.97624 -0.09615 -0.19419
vn -0.97624 -0.09615 -0.19419
vn -0.64369 -0.52826 -0.55372
vn -0.52826 -0.64369 -0.55372
vn -0.54792 -0.44967 -0.7054
vn -0.62512 -0.33413 -0.7054
vn -0.64369 -0.52826 -0.55372
vn -0.54792 -0.44967 -0.7054
vn -0.26277 -0.4916 -0.83023
vn -0.44967 -0.54792 -0.7054
vn -0.33413 -0.62512 -0.7054
vn -0.52826 -0.64369 -0.55372
vn -0.44967 -0.54792 -0.7054
vn -0.33413 -0.62512 -0.7054
vn -0.43089 -0.35363 -0.83023
vn -0.35363 -0.43089 -0.83023
vn -0.35363 -0.43089 -0.83023
vn -0.43089 -0.35363 -0.83023
vn -0.67829 -0.20576 -0.7054
vn -0.4916 -0.26277 -0.83023
vn -0.62512 -0.33413 -0.7054
vn -0.53342 -0.16181 -0.83023
vn -0.55474 -0.05464 -0.83023
vn -0.55474 -0.05464 -0.83023
vn -0.4916 -0.26277 -0.83023
vn -0.53342 -0.16181 -0.83023
vn -0.29704 -0.24377 -0.92322
vn -0.43089 -0.35363 -0.83023
vn -0.88192 -0.4714 0
vn -0.86513 -0.46242 0.19419
vn -0.86513 -0.46242 0.19419
vn -0.7583 -0.62232 0.19419
vn -0.7583 -0.62232 0.19419
vn -0.71467 -0.58652 0.38111
vn -0.71467 -0.58652 0.38111
vn -0.81536 -0.43582 0.38111
vn -0.81536 -0.43582 0.38111
vn -0.73438 -0.39253 0.55372
vn -0.73438 -0.39253 0.55372
vn -0.95694 -0.29028 0
vn -0.93872 -0.28476 0.19419
vn -0.93872 -0.28476 0.19419
vn -0.99518 -0.09802 0
vn -0.97624 -0.09615 0.19419
vn -0.97624 -0.09615 0.19419
vn -0.88472 -0.26838 0.38111
vn -0.88472 -0.26838 0.38111
vn -0.92008 -0.09062 0.38111
vn -0.92008 -0.09062 0.38111
vn -0.8287 -0.08162 0.55372
vn -0.79685 -0.24172 0.55372
vn -0.79685 -0.24172 0.55372
vn -0.8287 -0.08162 0.55372
vn -0.64369 -0.52826 0.55372
vn -0.52826 -0.64369 0.55372
vn -0.64369 -0.52826 0.55372
vn -0.52826 -0.64369 0.55372
vn -0.39253 -0.73438 -0.55372
vn -0.26838 -0.88472 -0.38111
vn -0.26838 -0.88472 -0.38111
vn -0.28476 -0.93872 -0.19419
vn -0.24172 -0.79685 -0.55372
vn -0.28476 -0.93872 0.19419
vn -0.26838 -0.88472 0.38111
vn -0.26838 -0.88472 0.38111
vn -0.24172 -0.79685 0.55372
vn -0.39253 -0.73438 0.55372
vn -0.67829 -0.20576 0.7054
vn -0.7054 -0.06948 0.7054
vn -0.7054 -0.06948 0.7054
vn -0.54792 -0.44967 0.7054
vn -0.54792 -0.44967 0.7054
vn -0.62512 -0.33413 0.7054
vn -0.44967 -0.54792 0.7054
vn -0.33413 -0.62512 0.7054
vn -0.33413 -0.62512 0.7054
vn -0.44967 -0.54792 0.7054
vn -0.35363 -0.43089 0.83023
vn -0.26277 -0.4916 0.83023
vn -0.43089 -0.35363 0.83023
vn -0.35363 -0.43089 0.83023
vn -0.43089 -0.35363 0.83023
vn -0.62512 -0.33413 0.7054
vn -0.67829 -0.20576 0.7054
vn -0.4916 -0.26277 0.83023
vn -0.53342 -0.16181 0.83023
vn -0.55474 -0.05464 0.83023
vn -0.55474 -0.05464 0.83023
vn -0.4916 -0.26277 0.83023
vn -0.53342 -0.16181 0.83023
vn -0.43089 -0.35363 0.83023
vn -0.29704 -0.24377 0.92322
vn -0.33889 -0.18114 0.92322
vn -0.33889 -0.18114 0.92322
vn -0.36772 -0.11155 0.92322
vn -0.38241 -0.03766 0.92322
vn -0.36772 -0.11155 0.92322
vn -0.38241 -0.03766 0.92322
vn -0.28046 -0.26268 -0.92322
vn -0.15859 -0.35001 -0.92322
vn -0.22382 -0.31235 -0.92322
vn -0.22382 -0.31235 -0.92322
vn -0.32632 -0.20292 -0.92322
vn -0.35963 -0.13536 -0.92322
vn -0.37913 -0.06259 -0.92322
vn -0.38406 0.01257 -0.92322
vn -0.37913 -0.06259 -0.92322
vn -0.32632 -0.20292 -0.92322
vn -0.18344 -0.06904 -0.9806
vn -0.35963 -0.13536 -0.92322
vn -0.35963 -0.13536 -0.92322
vn -0.14305 -0.13398 -0.9806
vn -0.14305 -0.13398 -0.9806
vn -0.28046 -0.26268 -0.92322
vn -0.16644 -0.1035 -0.9806
vn -0.16644 -0.1035 -0.9806
vn -0.08726 -0.37422 -0.92322
vn -0.15859 -0.35001 -0.92322
vn -0.08726 -0.37422 -0.92322
vn -0.01257 -0.38406 -0.92322
vn -0.04451 -0.19088 -0.9806
vn -0.00641 -0.19589 -0.9806
vn -0.01257 -0.38406 -0.92322
vn 0.06259 -0.37913 -0.92322
vn 0.06259 -0.37913 -0.92322
vn -0.00641 -0.19589 -0.9806
vn 0.03193 -0.19338 -0.9806
vn 0.06259 -0.37913 -0.92322
vn 0.13536 -0.35963 -0.92322
vn -0.08089 -0.17853 -0.9806
vn -0.11416 -0.15932 -0.9806
vn -0.11416 -0.15932 -0.9806
vn -0.08089 -0.17853 -0.9806
vn -0.04451 -0.19088 -0.9806
vn 0.13536 -0.35963 -0.92322
vn 0.20292 -0.32632 -0.92322
vn -0.22275 -0.95534 -0.19419
vn -0.22275 -0.95534 -0.19419
vn -0.34366 -0.75848 -0.55372
vn -0.48503 -0.67686 -0.55372
vn -0.18909 -0.81095 -0.55372
vn -0.29253 -0.64563 -0.7054
vn -0.34366 -0.75848 -0.55372
vn -0.29253 -0.64563 -0.7054
vn -0.16095 -0.69029 -0.7054
vn -0.38156 -0.84212 -0.38111
vn -0.38156 -0.84212 -0.38111
vn -0.40485 -0.89353 -0.19419
vn -0.40485 -0.89353 -0.19419
vn -0.20994 -0.90038 -0.38111
vn -0.20994 -0.90038 -0.38111
vn -0.03025 -0.92404 -0.38111
vn -0.0321 -0.98044 -0.19419
vn -0.0321 -0.98044 -0.19419
vn 0.15979 -0.96786 -0.19419
vn -0.18909 -0.81095 -0.55372
vn -0.02725 -0.83226 -0.55372
vn -0.16095 -0.69029 -0.7054
vn -0.02319 -0.70843 -0.7054
vn -0.02725 -0.83226 -0.55372
vn 0.13564 -0.82158 -0.55372
vn -0.02319 -0.70843 -0.7054
vn 0.11546 -0.69934 -0.7054
vn 0.11546 -0.69934 -0.7054
vn -0.03025 -0.92404 -0.38111
vn 0.1506 -0.91218 -0.38111
vn -0.41271 -0.91086 0
vn -0.22708 -0.97388 0
vn -0.22275 -0.95534 0.19419
vn -0.22275 -0.95534 0.19419
vn -0.40485 -0.89353 0.19419
vn -0.40485 -0.89353 0.19419
vn -0.38156 -0.84212 0.38111
vn -0.38156 -0.84212 0.38111
vn -0.34366 -0.75848 0.55372
vn -0.48503 -0.67686 0.55372
vn -0.20994 -0.90038 0.38111
vn -0.20994 -0.90038 0.38111
vn -0.18909 -0.81095 0.55372
vn -0.34366 -0.75848 0.55372
vn -0.03272 -0.99946 0
vn -0.0321 -0.98044 0.19419
vn 0.1629 -0.98664 0
vn -0.0321 -0.98044 0.19419
vn 0.15979 -0.96786 0.19419
vn -0.03025 -0.92404 0.38111
vn -0.18909 -0.81095 0.55372
vn -0.02725 -0.83226 0.55372
vn -0.03025 -0.92404 0.38111
vn 0.1506 -0.91218 0.38111
vn -0.02725 -0.83226 0.55372
vn 0.13564 -0.82158 0.55372
vn -0.51734 -0.48454 -0.7054
vn -0.41287 -0.57615 -0.7054
vn -0.32469 -0.4531 -0.83023
vn -0.41287 -0.57615 -0.7054
vn -0.40684 -0.38105 -0.83023
vn -0.47337 -0.29436 -0.83023
vn -0.40684 -0.38105 -0.83023
vn -0.32469 -0.4531 -0.83023
vn -0.23005 -0.50774 -0.83023
vn -0.23005 -0.50774 -0.83023
vn -0.5217 -0.19635 -0.83023
vn -0.12658 -0.54286 -0.83023
vn -0.12658 -0.54286 -0.83023
vn -0.01824 -0.55713 -0.83023
vn -0.01824 -0.55713 -0.83023
vn 0.0908 -0.54998 -0.83023
vn 0.0908 -0.54998 -0.83023
vn 0.15979 -0.96786 -0.19419
vn 0.34554 -0.91809 -0.19419
vn 0.13564 -0.82158 -0.55372
vn 0.29332 -0.77933 -0.55372
vn 0.24968 -0.66338 -0.7054
vn 0.24968 -0.66338 -0.7054
vn 0.29332 -0.77933 -0.55372
vn 0.3743 -0.60192 -0.7054
vn 0.3743 -0.60192 -0.7054
vn 0.43972 -0.70714 -0.55372
vn 0.43972 -0.70714 -0.55372
vn 0.1506 -0.91218 -0.38111
vn 0.32567 -0.86527 -0.38111
vn 0.32567 -0.86527 -0.38111
vn 0.48821 -0.78511 -0.38111
vn 0.34554 -0.91809 -0.19419
vn 0.56923 -0.60776 -0.55372
vn 0.56923 -0.60776 -0.55372
vn 0.48821 -0.78511 -0.38111
vn 0.51802 -0.83304 -0.19419
vn 0.51802 -0.83304 -0.19419
vn 0.632 -0.67478 -0.38111
vn 0.67058 -0.71597 -0.19419
vn 0.632 -0.67478 -0.38111
vn 0.67058 -0.71597 -0.19419
vn 0.35225 -0.93591 0
vn 0.15979 -0.96786 0.19419
vn 0.34554 -0.91809 0.19419
vn 0.34554 -0.91809 0.19419
vn 0.1506 -0.91218 0.38111
vn 0.32567 -0.86527 0.38111
vn 0.13564 -0.82158 0.55372
vn 0.29332 -0.77933 0.55372
vn 0.32567 -0.86527 0.38111
vn 0.48821 -0.78511 0.38111
vn 0.29332 -0.77933 0.55372
vn 0.43972 -0.70714 0.55372
vn 0.43972 -0.70714 0.55372
vn 0.52807 -0.8492 0
vn 0.51802 -0.83304 0.19419
vn 0.51802 -0.83304 0.19419
vn 0.67058 -0.71597 0.19419
vn 0.67058 -0.71597 -0.19419
vn 0.68359 -0.72986 0
vn 0.79737 -0.57139 -0.19419
vn 0.81285 -0.58248 0
vn 0.67058 -0.71597 0.19419
vn 0.79737 -0.57139 0.19419
vn 0.48821 -0.78511 0.38111
vn 0.632 -0.67478 0.38111
vn 0.632 -0.67478 0.38111
vn 0.56923 -0.60776 0.55372
vn 0.56923 -0.60776 0.55372
vn 0.67058 -0.71597 0.19419
vn 0.19635 -0.5217 -0.83023
vn 0.19635 -0.5217 -0.83023
vn 0.29436 -0.47337 -0.83023
vn 0.29436 -0.47337 -0.83023
vn 0.29436 -0.47337 -0.83023
vn 0.38105 -0.40684 -0.83023
vn 0.48454 -0.51734 -0.7054
vn 0.48454 -0.51734 -0.7054
vn -0.29253 -0.64563 0.7054
vn -0.29253 -0.64563 0.7054
vn -0.16095 -0.69029 0.7054
vn -0.16095 -0.69029 0.7054
vn -0.02319 -0.70843 0.7054
vn -0.02319 -0.70843 0.7054
vn 0.11546 -0.69934 0.7054
vn 0.11546 -0.69934 0.7054
vn -0.41287 -0.57615 0.7054
vn -0.51734 -0.48454 0.7054
vn -0.41287 -0.57615 0.7054
vn -0.32469 -0.4531 0.83023
vn -0.40684 -0.38105 0.83023
vn -0.47337 -0.29436 0.83023
vn -0.40684 -0.38105 0.83023
vn -0.32469 -0.4531 0.83023
vn -0.23005 -0.50774 0.83023
vn -0.23005 -0.50774 0.83023
vn -0.28046 -0.26268 0.92322
vn -0.15859 -0.35001 0.92322
vn -0.22382 -0.31235 0.92322
vn -0.22382 -0.31235 0.92322
vn -0.5217 -0.19635 0.83023
vn -0.32632 -0.20292 0.92322
vn -0.35963 -0.13536 0.92322
vn -0.35963 -0.13536 0.92322
vn -0.37913 -0.06259 0.92322
vn -0.38406 0.01257 0.92322
vn -0.37913 -0.06259 0.92322
vn -0.32632 -0.20292 0.92322
vn -0.35963 -0.13536 0.92322
vn -0.18344 -0.06904 0.9806
vn -0.28046 -0.26268 0.92322
vn -0.14305 -0.13398 0.9806
vn -0.14305 -0.13398 0.9806
vn -0.16644 -0.1035 0.9806
vn -0.16644 -0.1035 0.9806
vn -0.12658 -0.54286 0.83023
vn -0.12658 -0.54286 0.83023
vn -0.01824 -0.55713 0.83023
vn -0.08726 -0.37422 0.92322
vn -0.15859 -0.35001 0.92322
vn -0.01257 -0.38406 0.92322
vn -0.08726 -0.37422 0.92322
vn -0.04451 -0.19088 0.9806
vn -0.00641 -0.19589 0.9806
vn -0.01824 -0.55713 0.83023
vn 0.0908 -0.54998 0.83023
vn 0.0908 -0.54998 0.83023
vn -0.01257 -0.38406 0.92322
vn 0.06259 -0.37913 0.92322
vn 0.06259 -0.37913 0.92322
vn -0.00641 -0.19589 0.9806
vn 0.03193 -0.19338 0.9806
vn 0.06259 -0.37913 0.92322
vn 0.13536 -0.35963 0.92322
vn -0.11416 -0.15932 0.9806
vn -0.11416 -0.15932 0.9806
vn -0.08089 -0.17853 0.9806
vn -0.08089 -0.17853 0.9806
vn -0.04451 -0.19088 0.9806
vn 0.24968 -0.66338 0.7054
vn 0.24968 -0.66338 0.7054
vn 0.3743 -0.60192 0.7054
vn 0.3743 -0.60192 0.7054
vn 0.19635 -0.5217 0.83023
vn 0.19635 -0.5217 0.83023
vn 0.29436 -0.47337 0.83023
vn 0.13536 -0.35963 0.92322
vn 0.20292 -0.32632 0.92322
vn 0.29436 -0.47337 0.83023
vn 0.48454 -0.51734 0.7054
vn 0.48454 -0.51734 0.7054
vn 0.29436 -0.47337 0.83023
vn 0.38105 -0.40684 0.83023
vn -0.18114 -0.33889 -0.92322
vn -0.11155 -0.36772 -0.92322
vn -0.11155 -0.36772 -0.92322
vn -0.03766 -0.38241 -0.92322
vn -0.03766 -0.38241 -0.92322
vn -0.73438 -0.39253 -0.55372
vn -0.73438 -0.39253 -0.55372
vn -0.93872 -0.28476 -0.19419
vn -0.86513 -0.46242 -0.19419
vn -0.86513 -0.46242 -0.19419
vn -0.71467 -0.58652 -0.38111
vn -0.71467 -0.58652 -0.38111
vn -0.7583 -0.62232 -0.19419
vn -0.7583 -0.62232 -0.19419
vn -0.81536 -0.43582 -0.38111
vn -0.81536 -0.43582 -0.38111
vn -0.63439 -0.77301 0
vn -0.95694 -0.29028 0
vn -0.93872 -0.28476 0.19419
vn -0.86513 -0.46242 0.19419
vn -0.86513 -0.46242 0.19419
vn -0.77301 -0.63439 0
vn -0.7583 -0.62232 0.19419
vn -0.7583 -0.62232 0.19419
vn -0.71467 -0.58652 0.38111
vn -0.71467 -0.58652 0.38111
vn -0.81536 -0.43582 0.38111
vn -0.81536 -0.43582 0.38111
vn -0.73438 -0.39253 0.55372
vn -0.73438 -0.39253 0.55372
vn -0.73438 -0.39253 -0.55372
vn -0.88472 -0.26838 -0.38111
vn -0.88472 -0.26838 -0.38111
vn -0.93872 -0.28476 -0.19419
vn -0.79685 -0.24172 -0.55372
vn -0.93872 -0.28476 0.19419
vn -0.88472 -0.26838 0.38111
vn -0.88472 -0.26838 0.38111
vn -0.79685 -0.24172 0.55372
vn -0.73438 -0.39253 0.55372
vn -0.39253 -0.73438 -0.55372
vn -0.39253 -0.73438 -0.55372
vn -0.58652 -0.71467 -0.38111
vn -0.58652 -0.71467 -0.38111
vn -0.62232 -0.7583 -0.19419
vn -0.62232 -0.7583 -0.19419
vn -0.46242 -0.86513 -0.19419
vn -0.46242 -0.86513 -0.19419
vn -0.43582 -0.81536 -0.38111
vn -0.43582 -0.81536 -0.38111
vn -0.64369 -0.52826 -0.55372
vn -0.52826 -0.64369 -0.55372
vn -0.62512 -0.33413 -0.7054
vn -0.54792 -0.44967 -0.7054
vn -0.4916 -0.26277 -0.83023
vn -0.43089 -0.35363 -0.83023
vn -0.54792 -0.44967 -0.7054
vn -0.64369 -0.52826 -0.55372
vn -0.62512 -0.33413 -0.7054
vn -0.44967 -0.54792 -0.7054
vn -0.52826 -0.64369 -0.55372
vn -0.44967 -0.54792 -0.7054
vn -0.33413 -0.62512 -0.7054
vn -0.43089 -0.35363 -0.83023
vn -0.35363 -0.43089 -0.83023
vn -0.24172 -0.79685 -0.55372
vn -0.24172 -0.79685 -0.55372
vn -0.20576 -0.67829 -0.7054
vn -0.08162 -0.8287 -0.55372
vn -0.06948 -0.7054 -0.7054
vn -0.06948 -0.7054 -0.7054
vn -0.08162 -0.8287 -0.55372
vn -0.26838 -0.88472 -0.38111
vn -0.26838 -0.88472 -0.38111
vn -0.28476 -0.93872 -0.19419
vn -0.28476 -0.93872 -0.19419
vn -0.09062 -0.92008 -0.38111
vn -0.09062 -0.92008 -0.38111
vn -0.09615 -0.97624 -0.19419
vn -0.09615 -0.97624 -0.19419
vn -0.33413 -0.62512 -0.7054
vn -0.20576 -0.67829 -0.7054
vn -0.16181 -0.53342 -0.83023
vn -0.35363 -0.43089 -0.83023
vn -0.26277 -0.4916 -0.83023
vn -0.24377 -0.29704 -0.92322
vn -0.35363 -0.43089 -0.83023
vn -0.26277 -0.4916 -0.83023
vn -0.18114 -0.33889 -0.92322
vn -0.16181 -0.53342 -0.83023
vn -0.05464 -0.55474 -0.83023
vn -0.05464 -0.55474 -0.83023
vn -0.62232 -0.7583 0.19419
vn -0.62232 -0.7583 0.19419
vn -0.46242 -0.86513 0.19419
vn -0.46242 -0.86513 0.19419
vn -0.58652 -0.71467 0.38111
vn -0.58652 -0.71467 0.38111
vn -0.43582 -0.81536 0.38111
vn -0.43582 -0.81536 0.38111
vn -0.39253 -0.73438 0.55372
vn -0.39253 -0.73438 0.55372
vn -0.64369 -0.52826 0.55372
vn -0.52826 -0.64369 0.55372
vn -0.64369 -0.52826 0.55372
vn -0.52826 -0.64369 0.55372
vn -0.29028 -0.95694 0
vn -0.28476 -0.93872 0.19419
vn -0.28476 -0.93872 0.19419
vn -0.09802 -0.99518 0
vn -0.09615 -0.97624 0.19419
vn -0.09615 -0.97624 0.19419
vn -0.26838 -0.88472 0.38111
vn -0.26838 -0.88472 0.38111
vn -0.24172 -0.79685 0.55372
vn -0.24172 -0.79685 0.55372
vn -0.09062 -0.92008 0.38111
vn -0.09062 -0.92008 0.38111
vn -0.08162 -0.8287 0.55372
vn -0.08162 -0.8287 0.55372
vn -0.54792 -0.44967 0.7054
vn -0.62512 -0.33413 0.7054
vn -0.54792 -0.44967 0.7054
vn -0.62512 -0.33413 0.7054
vn -0.4916 -0.26277 0.83023
vn -0.44967 -0.54792 0.7054
vn -0.44967 -0.54792 0.7054
vn -0.33413 -0.62512 0.7054
vn -0.43089 -0.35363 0.83023
vn -0.43089 -0.35363 0.83023
vn -0.35363 -0.43089 0.83023
vn -0.35363 -0.43089 0.83023
vn -0.20576 -0.67829 0.7054
vn -0.06948 -0.7054 0.7054
vn -0.06948 -0.7054 0.7054
vn -0.33413 -0.62512 0.7054
vn -0.20576 -0.67829 0.7054
vn -0.16181 -0.53342 0.83023
vn -0.26277 -0.4916 0.83023
vn -0.35363 -0.43089 0.83023
vn -0.24377 -0.29704 0.92322
vn -0.26277 -0.4916 0.83023
vn -0.18114 -0.33889 0.92322
vn -0.18114 -0.33889 0.92322
vn -0.16181 -0.53342 0.83023
vn -0.05464 -0.55474 0.83023
vn -0.05464 -0.55474 0.83023
vn -0.11155 -0.36772 0.92322
vn -0.11155 -0.36772 0.92322
vn -0.03766 -0.38241 0.92322
vn -0.03766 -0.38241 0.92322
vn -0.38241 0.03766 -0.92322
vn -0.36772 0.11155 -0.92322
vn -0.38241 0.03766 -0.92322
vn -0.36772 0.11155 -0.92322
vn -0.33889 0.18114 -0.92322
vn -0.8287 0.08162 -0.55372
vn -0.7054 0.06948 -0.7054
vn -0.8287 0.08162 -0.55372
vn -0.7054 0.06948 -0.7054
vn -0.79685 0.24172 -0.55372
vn -0.79685 0.24172 -0.55372
vn -0.67829 0.20576 -0.7054
vn -0.92008 0.09062 -0.38111
vn -0.92008 0.09062 -0.38111
vn -0.97624 0.09615 -0.19419
vn -0.97624 0.09615 -0.19419
vn -0.88472 0.26838 -0.38111
vn -0.88472 0.26838 -0.38111
vn -0.93872 0.28476 -0.19419
vn -0.93872 0.28476 -0.19419
vn -0.73438 0.39253 -0.55372
vn -0.73438 0.39253 -0.55372
vn -0.86513 0.46242 -0.19419
vn -0.86513 0.46242 -0.19419
vn -0.81536 0.43582 -0.38111
vn -0.81536 0.43582 -0.38111
vn -0.71467 0.58652 -0.38111
vn -0.71467 0.58652 -0.38111
vn -0.7583 0.62232 -0.19419
vn -0.7583 0.62232 -0.19419
vn -0.55474 0.05464 -0.83023
vn -0.55474 0.05464 -0.83023
vn -0.53342 0.16181 -0.83023
vn -0.67829 0.20576 -0.7054
vn -0.4916 0.26277 -0.83023
vn -0.62512 0.33413 -0.7054
vn -0.53342 0.16181 -0.83023
vn -0.4916 0.26277 -0.83023
vn -0.33889 0.18114 -0.92322
vn -0.29704 0.24377 -0.92322
vn -0.43089 0.35363 -0.83023
vn -0.62512 0.33413 -0.7054
vn -0.54792 0.44967 -0.7054
vn -0.64369 0.52826 -0.55372
vn -0.54792 0.44967 -0.7054
vn -0.64369 0.52826 -0.55372
vn -0.52826 0.64369 -0.55372
vn -0.43089 0.35363 -0.83023
vn -0.43089 0.35363 -0.83023
vn -0.35363 0.43089 -0.83023
vn -0.35363 0.43089 -0.83023
vn -0.26277 0.4916 -0.83023
vn -0.44967 0.54792 -0.7054
vn -0.33413 0.62512 -0.7054
vn -0.44967 0.54792 -0.7054
vn -0.52826 0.64369 -0.55372
vn -0.33413 0.62512 -0.7054
vn -0.99518 0.09802 0
vn -0.97624 0.09615 0.19419
vn -0.97624 0.09615 0.19419
vn -0.95694 0.29028 0
vn -0.93872 0.28476 0.19419
vn -0.93872 0.28476 0.19419
vn -0.92008 0.09062 0.38111
vn -0.92008 0.09062 0.38111
vn -0.8287 0.08162 0.55372
vn -0.88472 0.26838 0.38111
vn -0.88472 0.26838 0.38111
vn -0.8287 0.08162 0.55372
vn -0.79685 0.24172 0.55372
vn -0.79685 0.24172 0.55372
vn -0.88192 0.4714 0
vn -0.86513 0.46242 0.19419
vn -0.86513 0.46242 0.19419
vn -0.77301 0.63439 0
vn -0.7583 0.62232 0.19419
vn -0.7583 0.62232 0.19419
vn -0.81536 0.43582 0.38111
vn -0.81536 0.43582 0.38111
vn -0.73438 0.39253 0.55372
vn -0.73438 0.39253 0.55372
vn -0.71467 0.58652 0.38111
vn -0.71467 0.58652 0.38111
vn -0.64369 0.52826 0.55372
vn -0.64369 0.52826 0.55372
vn -0.52826 0.64369 0.55372
vn -0.52826 0.64369 0.55372
vn -0.39253 0.73438 -0.55372
vn -0.39253 0.73438 -0.55372
vn -0.58652 0.71467 -0.38111
vn -0.58652 0.71467 -0.38111
vn -0.62232 0.7583 -0.19419
vn -0.62232 0.7583 -0.19419
vn -0.43582 0.81536 -0.38111
vn -0.43582 0.81536 -0.38111
vn -0.46242 0.86513 -0.19419
vn -0.46242 0.86513 -0.19419
vn -0.28476 0.93872 -0.19419
vn -0.63439 0.77301 0
vn -0.62232 0.7583 0.19419
vn -0.62232 0.7583 0.19419
vn -0.4714 0.88192 0
vn -0.29028 0.95694 0
vn -0.46242 0.86513 0.19419
vn -0.46242 0.86513 0.19419
vn -0.28476 0.93872 0.19419
vn -0.58652 0.71467 0.38111
vn -0.58652 0.71467 0.38111
vn -0.43582 0.81536 0.38111
vn -0.43582 0.81536 0.38111
vn -0.39253 0.73438 0.55372
vn -0.39253 0.73438 0.55372
vn -0.39253 0.73438 -0.55372
vn -0.24172 0.79685 -0.55372
vn -0.26838 0.88472 -0.38111
vn -0.26838 0.88472 -0.38111
vn -0.28476 0.93872 -0.19419
vn -0.28476 0.93872 0.19419
vn -0.24172 0.79685 0.55372
vn -0.39253 0.73438 0.55372
vn -0.26838 0.88472 0.38111
vn -0.26838 0.88472 0.38111
vn -0.7054 0.06948 0.7054
vn -0.7054 0.06948 0.7054
vn -0.67829 0.20576 0.7054
vn -0.55474 0.05464 0.83023
vn -0.55474 0.05464 0.83023
vn -0.53342 0.16181 0.83023
vn -0.67829 0.20576 0.7054
vn -0.62512 0.33413 0.7054
vn -0.4916 0.26277 0.83023
vn -0.38241 0.03766 0.92322
vn -0.36772 0.11155 0.92322
vn -0.38241 0.03766 0.92322
vn -0.36772 0.11155 0.92322
vn -0.53342 0.16181 0.83023
vn -0.4916 0.26277 0.83023
vn -0.33889 0.18114 0.92322
vn -0.33889 0.18114 0.92322
vn -0.43089 0.35363 0.83023
vn -0.29704 0.24377 0.92322
vn -0.62512 0.33413 0.7054
vn -0.54792 0.44967 0.7054
vn -0.54792 0.44967 0.7054
vn -0.43089 0.35363 0.83023
vn -0.43089 0.35363 0.83023
vn -0.35363 0.43089 0.83023
vn -0.35363 0.43089 0.83023
vn -0.44967 0.54792 0.7054
vn -0.33413 0.62512 0.7054
vn -0.44967 0.54792 0.7054
vn -0.26277 0.4916 0.83023
vn -0.33413 0.62512 0.7054
vn -0.32632 -0.20292 -0.92322
vn -0.35963 -0.13536 -0.92322
vn -0.35963 -0.13536 -0.92322
vn -0.37913 -0.06259 -0.92322
vn -0.37913 -0.06259 -0.92322
vn -0.38406 0.01257 -0.92322
vn -0.19338 -0.03193 -0.9806
vn -0.19589 0.00641 -0.9806
vn -0.37913 -0.06259 -0.92322
vn -0.38406 0.01257 -0.92322
vn -0.37422 0.08726 -0.92322
vn -0.35001 0.15859 -0.92322
vn -0.19589 0.00641 -0.9806
vn -0.19088 0.04451 -0.9806
vn -0.37422 0.08726 -0.92322
vn -0.35001 0.15859 -0.92322
vn -0.31235 0.22382 -0.92322
vn -0.31235 0.22382 -0.92322
vn -0.26268 0.28046 -0.92322
vn -0.19088 0.04451 -0.9806
vn -0.17853 0.08089 -0.9806
vn -0.17853 0.08089 -0.9806
vn -0.15932 0.11416 -0.9806
vn -0.15932 0.11416 -0.9806
vn -0.13398 0.14305 -0.9806
vn -0.13398 0.14305 -0.9806
vn -0.26268 0.28046 -0.92322
vn -0.1035 0.16644 -0.9806
vn -0.1035 0.16644 -0.9806
vn -0.06904 0.18344 -0.9806
vn -0.13536 0.35963 -0.92322
vn -0.20292 0.32632 -0.92322
vn -0.20292 0.32632 -0.92322
vn -0.13536 0.35963 -0.92322
vn -0.13536 0.35963 -0.92322
vn -0.06259 0.37913 -0.92322
vn -0.06259 0.37913 -0.92322
vn 0.01257 0.38406 -0.92322
vn -0.91809 -0.34554 -0.19419
vn -0.96786 -0.15979 -0.19419
vn -0.60776 -0.56923 -0.55372
vn -0.60776 -0.56923 -0.55372
vn -0.78511 -0.48821 -0.38111
vn -0.83304 -0.51802 -0.19419
vn -0.83304 -0.51802 -0.19419
vn -0.67478 -0.632 -0.38111
vn -0.71597 -0.67058 -0.19419
vn -0.67478 -0.632 -0.38111
vn -0.71597 -0.67058 -0.19419
vn -0.77933 -0.29332 -0.55372
vn -0.77933 -0.29332 -0.55372
vn -0.82158 -0.13564 -0.55372
vn -0.70714 -0.43972 -0.55372
vn -0.70714 -0.43972 -0.55372
vn -0.60192 -0.3743 -0.7054
vn -0.66338 -0.24968 -0.7054
vn -0.66338 -0.24968 -0.7054
vn -0.86527 -0.32567 -0.38111
vn -0.78511 -0.48821 -0.38111
vn -0.91809 -0.34554 -0.19419
vn -0.86527 -0.32567 -0.38111
vn -0.91218 -0.1506 -0.38111
vn -0.91809 -0.34554 0.19419
vn -0.96786 -0.15979 0.19419
vn -0.8492 -0.52807 0
vn -0.83304 -0.51802 0.19419
vn -0.83304 -0.51802 0.19419
vn -0.71597 -0.67058 -0.19419
vn -0.72986 -0.68359 0
vn -0.57139 -0.79737 -0.19419
vn -0.58248 -0.81285 0
vn -0.71597 -0.67058 0.19419
vn -0.57139 -0.79737 0.19419
vn -0.71597 -0.67058 0.19419
vn -0.78511 -0.48821 0.38111
vn -0.71597 -0.67058 0.19419
vn -0.67478 -0.632 0.38111
vn -0.67478 -0.632 0.38111
vn -0.60776 -0.56923 0.55372
vn -0.60776 -0.56923 0.55372
vn -0.91809 -0.34554 0.19419
vn -0.86527 -0.32567 0.38111
vn -0.78511 -0.48821 0.38111
vn -0.77933 -0.29332 0.55372
vn -0.86527 -0.32567 0.38111
vn -0.91218 -0.1506 0.38111
vn -0.77933 -0.29332 0.55372
vn -0.82158 -0.13564 0.55372
vn -0.70714 -0.43972 0.55372
vn -0.70714 -0.43972 0.55372
vn -0.96786 -0.15979 -0.19419
vn -0.98044 0.0321 -0.19419
vn -0.92404 0.03025 -0.38111
vn -0.98044 0.0321 -0.19419
vn -0.95534 0.22275 -0.19419
vn -0.95534 0.22275 -0.19419
vn -0.82158 -0.13564 -0.55372
vn -0.83226 0.02725 -0.55372
vn -0.83226 0.02725 -0.55372
vn -0.81095 0.18909 -0.55372
vn -0.70843 0.02319 -0.7054
vn -0.69934 -0.11546 -0.7054
vn -0.69934 -0.11546 -0.7054
vn -0.70843 0.02319 -0.7054
vn -0.69029 0.16095 -0.7054
vn -0.91218 -0.1506 -0.38111
vn -0.92404 0.03025 -0.38111
vn -0.81095 0.18909 -0.55372
vn -0.75848 0.34366 -0.55372
vn -0.69029 0.16095 -0.7054
vn -0.64563 0.29253 -0.7054
vn -0.64563 0.29253 -0.7054
vn -0.75848 0.34366 -0.55372
vn -0.67686 0.48503 -0.55372
vn -0.57615 0.41287 -0.7054
vn -0.90038 0.20994 -0.38111
vn -0.90038 0.20994 -0.38111
vn -0.84212 0.38156 -0.38111
vn -0.84212 0.38156 -0.38111
vn -0.89353 0.40485 -0.19419
vn -0.89353 0.40485 -0.19419
vn -0.99946 0.03272 0
vn -0.96786 -0.15979 0.19419
vn -0.98044 0.0321 0.19419
vn -0.98044 0.0321 0.19419
vn -0.92404 0.03025 0.38111
vn -0.97388 0.22708 0
vn -0.95534 0.22275 0.19419
vn -0.95534 0.22275 0.19419
vn -0.91086 0.41271 0
vn -0.91218 -0.1506 0.38111
vn -0.92404 0.03025 0.38111
vn -0.82158 -0.13564 0.55372
vn -0.83226 0.02725 0.55372
vn -0.83226 0.02725 0.55372
vn -0.81095 0.18909 0.55372
vn -0.89353 0.40485 0.19419
vn -0.89353 0.40485 0.19419
vn -0.90038 0.20994 0.38111
vn -0.90038 0.20994 0.38111
vn -0.81095 0.18909 0.55372
vn -0.84212 0.38156 0.38111
vn -0.84212 0.38156 0.38111
vn -0.75848 0.34366 0.55372
vn -0.75848 0.34366 0.55372
vn -0.67686 0.48503 0.55372
vn -0.51734 -0.48454 -0.7054
vn -0.60192 -0.3743 -0.7054
vn -0.40684 -0.38105 -0.83023
vn -0.51734 -0.48454 -0.7054
vn -0.5217 -0.19635 -0.83023
vn -0.47337 -0.29436 -0.83023
vn -0.47337 -0.29436 -0.83023
vn -0.5217 -0.19635 -0.83023
vn -0.47337 -0.29436 -0.83023
vn -0.54998 -0.0908 -0.83023
vn -0.54998 -0.0908 -0.83023
vn -0.55713 0.01824 -0.83023
vn -0.55713 0.01824 -0.83023
vn -0.54286 0.12658 -0.83023
vn -0.54286 0.12658 -0.83023
vn -0.50774 0.23005 -0.83023
vn -0.50774 0.23005 -0.83023
vn -0.4531 0.32469 -0.83023
vn -0.57615 0.41287 -0.7054
vn -0.4531 0.32469 -0.83023
vn -0.38105 0.40684 -0.83023
vn -0.38105 0.40684 -0.83023
vn -0.29436 0.47337 -0.83023
vn -0.29436 0.47337 -0.83023
vn -0.19635 0.5217 -0.83023
vn -0.60192 -0.3743 0.7054
vn -0.66338 -0.24968 0.7054
vn -0.66338 -0.24968 0.7054
vn -0.69934 -0.11546 0.7054
vn -0.70843 0.02319 0.7054
vn -0.69934 -0.11546 0.7054
vn -0.70843 0.02319 0.7054
vn -0.69029 0.16095 0.7054
vn -0.64563 0.29253 0.7054
vn -0.69029 0.16095 0.7054
vn -0.64563 0.29253 0.7054
vn -0.57615 0.41287 0.7054
vn -0.51734 -0.48454 0.7054
vn -0.51734 -0.48454 0.7054
vn -0.60192 -0.3743 0.7054
vn -0.40684 -0.38105 0.83023
vn -0.5217 -0.19635 0.83023
vn -0.47337 -0.29436 0.83023
vn -0.47337 -0.29436 0.83023
vn -0.5217 -0.19635 0.83023
vn -0.47337 -0.29436 0.83023
vn -0.32632 -0.20292 0.92322
vn -0.35963 -0.13536 0.92322
vn -0.54998 -0.0908 0.83023
vn -0.54998 -0.0908 0.83023
vn -0.55713 0.01824 0.83023
vn -0.55713 0.01824 0.83023
vn -0.54286 0.12658 0.83023
vn -0.54286 0.12658 0.83023
vn -0.35963 -0.13536 0.92322
vn -0.37913 -0.06259 0.92322
vn -0.38406 0.01257 0.92322
vn -0.37913 -0.06259 0.92322
vn -0.37913 -0.06259 0.92322
vn -0.19338 -0.03193 0.9806
vn -0.19589 0.00641 0.9806
vn -0.37422 0.08726 0.92322
vn -0.38406 0.01257 0.92322
vn -0.35001 0.15859 0.92322
vn -0.19088 0.04451 0.9806
vn -0.19589 0.00641 0.9806
vn -0.37422 0.08726 0.92322
vn -0.35001 0.15859 0.92322
vn -0.50774 0.23005 0.83023
vn -0.50774 0.23005 0.83023
vn -0.4531 0.32469 0.83023
vn -0.57615 0.41287 0.7054
vn -0.4531 0.32469 0.83023
vn -0.31235 0.22382 0.92322
vn -0.31235 0.22382 0.92322
vn -0.26268 0.28046 0.92322
vn -0.38105 0.40684 0.83023
vn -0.38105 0.40684 0.83023
vn -0.29436 0.47337 0.83023
vn -0.29436 0.47337 0.83023
vn -0.19088 0.04451 0.9806
vn -0.17853 0.08089 0.9806
vn -0.15932 0.11416 0.9806
vn -0.17853 0.08089 0.9806
vn -0.15932 0.11416 0.9806
vn -0.13398 0.14305 0.9806
vn -0.26268 0.28046 0.92322
vn -0.1035 0.16644 0.9806
vn -0.13398 0.14305 0.9806
vn -0.1035 0.16644 0.9806
vn -0.20292 0.32632 0.92322
vn -0.13536 0.35963 0.92322
vn -0.06904 0.18344 0.9806
vn -0.20292 0.32632 0.92322
vn -0.13536 0.35963 0.92322
vn -0.13536 0.35963 0.92322
vn -0.19635 0.5217 0.83023
vn -0.06259 0.37913 0.92322
vn -0.06259 0.37913 0.92322
vn 0.01257 0.38406 0.92322
vn -0.67686 0.48503 -0.55372
vn -0.56923 0.60776 -0.55372
vn -0.7515 0.53852 -0.38111
vn -0.79737 0.57139 -0.19419
vn -0.79737 0.57139 -0.19419
vn -0.7515 0.53852 -0.38111
vn -0.632 0.67478 -0.38111
vn -0.632 0.67478 -0.38111
vn -0.67058 0.71597 -0.19419
vn -0.67058 0.71597 -0.19419
vn -0.81285 0.58248 0
vn -0.79737 0.57139 0.19419
vn -0.79737 0.57139 0.19419
vn -0.68359 0.72986 0
vn -0.67058 0.71597 0.19419
vn -0.67058 0.71597 0.19419
vn -0.7515 0.53852 0.38111
vn -0.7515 0.53852 0.38111
vn -0.632 0.67478 0.38111
vn -0.67686 0.48503 0.55372
vn -0.56923 0.60776 0.55372
vn -0.632 0.67478 0.38111
vn -0.48454 0.51734 -0.7054
vn -0.48454 0.51734 -0.7054
vn -0.56923 0.60776 -0.55372
vn -0.43972 0.70714 -0.55372
vn -0.3743 0.60192 -0.7054
vn -0.3743 0.60192 -0.7054
vn -0.43972 0.70714 -0.55372
vn -0.24968 0.66338 -0.7054
vn -0.29332 0.77933 -0.55372
vn -0.48821 0.78511 -0.38111
vn -0.48821 0.78511 -0.38111
vn -0.51802 0.83304 -0.19419
vn -0.51802 0.83304 -0.19419
vn -0.32567 0.86527 -0.38111
vn -0.32567 0.86527 -0.38111
vn -0.34554 0.91809 -0.19419
vn -0.34554 0.91809 -0.19419
vn -0.19635 0.5217 -0.83023
vn -0.24968 0.66338 -0.7054
vn -0.0908 0.54998 -0.83023
vn -0.29332 0.77933 -0.55372
vn -0.11546 0.69934 -0.7054
vn -0.13564 0.82158 -0.55372
vn -0.0908 0.54998 -0.83023
vn 0.01824 0.55713 -0.83023
vn 0.01824 0.55713 -0.83023
vn 0.01824 0.55713 -0.83023
vn -0.11546 0.69934 -0.7054
vn 0.02319 0.70843 -0.7054
vn 0.02319 0.70843 -0.7054
vn 0.02725 0.83226 -0.55372
vn -0.13564 0.82158 -0.55372
vn 0.02725 0.83226 -0.55372
vn -0.1506 0.91218 -0.38111
vn -0.1506 0.91218 -0.38111
vn -0.15979 0.96786 -0.19419
vn -0.15979 0.96786 -0.19419
vn 0.03025 0.92404 -0.38111
vn 0.03025 0.92404 -0.38111
vn 0.0321 0.98044 -0.19419
vn 0.0321 0.98044 -0.19419
vn -0.52807 0.8492 0
vn -0.51802 0.83304 0.19419
vn -0.56923 0.60776 0.55372
vn -0.48821 0.78511 0.38111
vn -0.48821 0.78511 0.38111
vn -0.43972 0.70714 0.55372
vn -0.43972 0.70714 0.55372
vn -0.29332 0.77933 0.55372
vn -0.51802 0.83304 0.19419
vn -0.35225 0.93591 0
vn -0.34554 0.91809 0.19419
vn -0.34554 0.91809 0.19419
vn -0.32567 0.86527 0.38111
vn -0.32567 0.86527 0.38111
vn -0.29332 0.77933 0.55372
vn -0.13564 0.82158 0.55372
vn 0.02725 0.83226 0.55372
vn -0.1629 0.98664 0
vn -0.15979 0.96786 0.19419
vn -0.15979 0.96786 0.19419
vn 0.0321 0.98044 0.19419
vn 0.0321 0.98044 0.19419
vn 0.03272 0.99946 0
vn -0.1506 0.91218 0.38111
vn -0.1506 0.91218 0.38111
vn -0.13564 0.82158 0.55372
vn 0.03025 0.92404 0.38111
vn 0.03025 0.92404 0.38111
vn 0.02725 0.83226 0.55372
vn -0.48454 0.51734 0.7054
vn -0.48454 0.51734 0.7054
vn -0.3743 0.60192 0.7054
vn -0.3743 0.60192 0.7054
vn -0.24968 0.66338 0.7054
vn -0.24968 0.66338 0.7054
vn -0.19635 0.5217 0.83023
vn -0.0908 0.54998 0.83023
vn -0.11546 0.69934 0.7054
vn -0.0908 0.54998 0.83023
vn 0.01824 0.55713 0.83023
vn 0.01824 0.55713 0.83023
vn 0.01824 0.55713 0.83023
vn -0.11546 0.69934 0.7054
vn 0.02319 0.70843 0.7054
vn 0.02319 0.70843 0.7054
vn 0.12658 0.54286 -0.83023
vn 0.16095 0.69029 -0.7054
vn 0.16095 0.69029 -0.7054
vn 0.18909 0.81095 -0.55372
vn 0.18909 0.81095 -0.55372
vn 0.20994 0.90038 -0.38111
vn 0.20994 0.90038 -0.38111
vn 0.22275 0.95534 -0.19419
vn 0.22275 0.95534 -0.19419
vn 0.18909 0.81095 0.55372
vn 0.22708 0.97388 0
vn 0.22275 0.95534 0.19419
vn 0.22275 0.95534 0.19419
vn 0.20994 0.90038 0.38111
vn 0.20994 0.90038 0.38111
vn 0.18909 0.81095 0.55372
vn 0.12658 0.54286 0.83023
vn 0.16095 0.69029 0.7054
vn 0.16095 0.69029 0.7054
vn -0.81095 -0.18909 -0.55372
vn -0.90038 -0.20994 -0.38111
vn -0.90038 -0.20994 -0.38111
vn -0.95534 -0.22275 -0.19419
vn -0.95534 -0.22275 -0.19419
vn -0.69029 -0.16095 -0.7054
vn -0.81095 -0.18909 -0.55372
vn -0.69029 -0.16095 -0.7054
vn -0.54286 -0.12658 -0.83023
vn -0.97388 -0.22708 0
vn -0.95534 -0.22275 0.19419
vn -0.95534 -0.22275 0.19419
vn -0.90038 -0.20994 0.38111
vn -0.90038 -0.20994 0.38111
vn -0.81095 -0.18909 0.55372
vn -0.81095 -0.18909 0.55372
vn -0.69029 -0.16095 0.7054
vn -0.69029 -0.16095 0.7054
vn -0.54286 -0.12658 0.83023
vn -0.83226 -0.02725 -0.55372
vn -0.82158 0.13564 -0.55372
vn -0.92404 -0.03025 -0.38111
vn -0.92404 -0.03025 -0.38111
vn -0.98044 -0.0321 -0.19419
vn -0.98044 -0.0321 -0.19419
vn -0.91218 0.1506 -0.38111
vn -0.91218 0.1506 -0.38111
vn -0.96786 0.15979 -0.19419
vn -0.96786 0.15979 -0.19419
vn -0.86527 0.32567 -0.38111
vn -0.86527 0.32567 -0.38111
vn -0.91809 0.34554 -0.19419
vn -0.91809 0.34554 -0.19419
vn -0.83304 0.51802 -0.19419
vn -0.70843 -0.02319 -0.7054
vn -0.83226 -0.02725 -0.55372
vn -0.70843 -0.02319 -0.7054
vn -0.69934 0.11546 -0.7054
vn -0.82158 0.13564 -0.55372
vn -0.77933 0.29332 -0.55372
vn -0.69934 0.11546 -0.7054
vn -0.66338 0.24968 -0.7054
vn -0.55713 -0.01824 -0.83023
vn -0.55713 -0.01824 -0.83023
vn -0.55713 -0.01824 -0.83023
vn -0.54998 0.0908 -0.83023
vn -0.54998 0.0908 -0.83023
vn -0.5217 0.19635 -0.83023
vn -0.77933 0.29332 -0.55372
vn -0.70714 0.43972 -0.55372
vn -0.70714 0.43972 -0.55372
vn -0.66338 0.24968 -0.7054
vn -0.47337 0.29436 -0.83023
vn -0.60192 0.3743 -0.7054
vn -0.60192 0.3743 -0.7054
vn -0.60776 0.56923 -0.55372
vn -0.51734 0.48454 -0.7054
vn -0.78511 0.48821 -0.38111
vn -0.78511 0.48821 -0.38111
vn -0.83304 0.51802 -0.19419
vn -0.99946 -0.03272 0
vn -0.98044 -0.0321 0.19419
vn -0.98044 -0.0321 0.19419
vn -0.96786 0.15979 0.19419
vn -0.96786 0.15979 0.19419
vn -0.92404 -0.03025 0.38111
vn -0.92404 -0.03025 0.38111
vn -0.83226 -0.02725 0.55372
vn -0.91218 0.1506 0.38111
vn -0.91218 0.1506 0.38111
vn -0.82158 0.13564 0.55372
vn -0.91809 0.34554 0.19419
vn -0.91809 0.34554 0.19419
vn -0.8492 0.52807 0
vn -0.83304 0.51802 0.19419
vn -0.86527 0.32567 0.38111
vn -0.86527 0.32567 0.38111
vn -0.83226 -0.02725 0.55372
vn -0.82158 0.13564 0.55372
vn -0.77933 0.29332 0.55372
vn -0.83304 0.51802 0.19419
vn -0.77933 0.29332 0.55372
vn -0.70714 0.43972 0.55372
vn -0.78511 0.48821 0.38111
vn -0.78511 0.48821 0.38111
vn -0.70714 0.43972 0.55372
vn -0.60776 0.56923 0.55372
vn -0.60776 0.56923 -0.55372
vn -0.48503 0.67686 -0.55372
vn -0.67478 0.632 -0.38111
vn -0.71597 0.67058 -0.19419
vn -0.71597 0.67058 -0.19419
vn -0.67478 0.632 -0.38111
vn -0.53852 0.7515 -0.38111
vn -0.53852 0.7515 -0.38111
vn -0.57139 0.79737 -0.19419
vn -0.57139 0.79737 -0.19419
vn -0.72986 0.68359 0
vn -0.71597 0.67058 0.19419
vn -0.71597 0.67058 0.19419
vn -0.58248 0.81285 0
vn -0.57139 0.79737 0.19419
vn -0.57139 0.79737 0.19419
vn -0.67478 0.632 0.38111
vn -0.67478 0.632 0.38111
vn -0.53852 0.7515 0.38111
vn -0.60776 0.56923 0.55372
vn -0.48503 0.67686 0.55372
vn -0.53852 0.7515 0.38111
vn -0.70843 -0.02319 0.7054
vn -0.70843 -0.02319 0.7054
vn -0.69934 0.11546 0.7054
vn -0.69934 0.11546 0.7054
vn -0.66338 0.24968 0.7054
vn -0.55713 -0.01824 0.83023
vn -0.55713 -0.01824 0.83023
vn -0.55713 -0.01824 0.83023
vn -0.54998 0.0908 0.83023
vn -0.54998 0.0908 0.83023
vn -0.5217 0.19635 0.83023
vn -0.66338 0.24968 0.7054
vn -0.60192 0.3743 0.7054
vn -0.60192 0.3743 0.7054
vn -0.47337 0.29436 0.83023
vn -0.51734 0.48454 0.7054
vn -0.38406 -0.01257 -0.92322
vn -0.37913 0.06259 -0.92322
vn -0.37913 0.06259 -0.92322
vn -0.35963 0.13536 -0.92322
vn -0.35963 0.13536 -0.92322
vn -0.32632 0.20292 -0.92322
vn -0.18344 0.06904 -0.9806
vn -0.35963 0.13536 -0.92322
vn -0.32632 0.20292 -0.92322
vn -0.16644 0.1035 -0.9806
vn -0.16644 0.1035 -0.9806
vn -0.14305 0.13398 -0.9806
vn -0.14305 0.13398 -0.9806
vn -0.28046 0.26268 -0.92322
vn -0.28046 0.26268 -0.92322
vn -0.22382 0.31235 -0.92322
vn -0.22382 0.31235 -0.92322
vn -0.15859 0.35001 -0.92322
vn -0.08089 0.17853 -0.9806
vn -0.11416 0.15932 -0.9806
vn -0.11416 0.15932 -0.9806
vn -0.08089 0.17853 -0.9806
vn -0.04451 0.19088 -0.9806
vn -0.15859 0.35001 -0.92322
vn -0.08726 0.37422 -0.92322
vn -0.00641 0.19589 -0.9806
vn -0.04451 0.19088 -0.9806
vn -0.08726 0.37422 -0.92322
vn -0.01257 0.38406 -0.92322
vn 0.03193 0.19338 -0.9806
vn -0.00641 0.19589 -0.9806
vn 0.06259 0.37913 -0.92322
vn -0.01257 0.38406 -0.92322
vn 0.06259 0.37913 -0.92322
vn 0.13536 0.35963 -0.92322
vn 0.06259 0.37913 -0.92322
vn 0.13536 0.35963 -0.92322
vn 0.20292 0.32632 -0.92322
vn -0.5217 0.19635 -0.83023
vn -0.47337 0.29436 -0.83023
vn -0.40684 0.38105 -0.83023
vn -0.40684 0.38105 -0.83023
vn -0.51734 0.48454 -0.7054
vn -0.32469 0.4531 -0.83023
vn -0.41287 0.57615 -0.7054
vn -0.41287 0.57615 -0.7054
vn -0.32469 0.4531 -0.83023
vn -0.23005 0.50774 -0.83023
vn -0.23005 0.50774 -0.83023
vn -0.12658 0.54286 -0.83023
vn -0.12658 0.54286 -0.83023
vn -0.01824 0.55713 -0.83023
vn -0.01824 0.55713 -0.83023
vn 0.0908 0.54998 -0.83023
vn 0.0908 0.54998 -0.83023
vn -0.48503 0.67686 -0.55372
vn -0.34366 0.75848 -0.55372
vn -0.29253 0.64563 -0.7054
vn -0.29253 0.64563 -0.7054
vn -0.34366 0.75848 -0.55372
vn -0.16095 0.69029 -0.7054
vn -0.18909 0.81095 -0.55372
vn -0.38156 0.84212 -0.38111
vn -0.38156 0.84212 -0.38111
vn -0.40485 0.89353 -0.19419
vn -0.40485 0.89353 -0.19419
vn -0.20994 0.90038 -0.38111
vn -0.20994 0.90038 -0.38111
vn -0.22275 0.95534 -0.19419
vn -0.22275 0.95534 -0.19419
vn -0.16095 0.69029 -0.7054
vn -0.02319 0.70843 -0.7054
vn -0.18909 0.81095 -0.55372
vn -0.02725 0.83226 -0.55372
vn -0.02319 0.70843 -0.7054
vn 0.11546 0.69934 -0.7054
vn 0.11546 0.69934 -0.7054
vn -0.02725 0.83226 -0.55372
vn 0.13564 0.82158 -0.55372
vn -0.03025 0.92404 -0.38111
vn 0.1506 0.91218 -0.38111
vn -0.03025 0.92404 -0.38111
vn -0.0321 0.98044 -0.19419
vn -0.0321 0.98044 -0.19419
vn 0.15979 0.96786 -0.19419
vn -0.41271 0.91086 0
vn -0.40485 0.89353 0.19419
vn -0.40485 0.89353 0.19419
vn -0.48503 0.67686 0.55372
vn -0.38156 0.84212 0.38111
vn -0.38156 0.84212 0.38111
vn -0.34366 0.75848 0.55372
vn -0.34366 0.75848 0.55372
vn -0.20994 0.90038 0.38111
vn -0.20994 0.90038 0.38111
vn -0.18909 0.81095 0.55372
vn -0.22708 0.97388 0
vn -0.22275 0.95534 0.19419
vn -0.22275 0.95534 0.19419
vn -0.18909 0.81095 0.55372
vn -0.02725 0.83226 0.55372
vn -0.03025 0.92404 0.38111
vn 0.1506 0.91218 0.38111
vn -0.02725 0.83226 0.55372
vn 0.13564 0.82158 0.55372
vn -0.03272 0.99946 0
vn -0.0321 0.98044 0.19419
vn 0.1629 0.98664 0
vn -0.0321 0.98044 0.19419
vn 0.15979 0.96786 0.19419
vn -0.03025 0.92404 0.38111
vn 0.29436 0.47337 -0.83023
vn 0.19635 0.5217 -0.83023
vn 0.19635 0.5217 -0.83023
vn 0.29436 0.47337 -0.83023
vn 0.38105 0.40684 -0.83023
vn 0.29436 0.47337 -0.83023
vn 0.48454 0.51734 -0.7054
vn 0.48454 0.51734 -0.7054
vn 0.24968 0.66338 -0.7054
vn 0.24968 0.66338 -0.7054
vn 0.13564 0.82158 -0.55372
vn 0.29332 0.77933 -0.55372
vn 0.3743 0.60192 -0.7054
vn 0.3743 0.60192 -0.7054
vn 0.43972 0.70714 -0.55372
vn 0.43972 0.70714 -0.55372
vn 0.29332 0.77933 -0.55372
vn 0.1506 0.91218 -0.38111
vn 0.32567 0.86527 -0.38111
vn 0.32567 0.86527 -0.38111
vn 0.48821 0.78511 -0.38111
vn 0.34554 0.91809 -0.19419
vn 0.15979 0.96786 -0.19419
vn 0.34554 0.91809 -0.19419
vn 0.56923 0.60776 -0.55372
vn 0.56923 0.60776 -0.55372
vn 0.632 0.67478 -0.38111
vn 0.632 0.67478 -0.38111
vn 0.67058 0.71597 -0.19419
vn 0.48821 0.78511 -0.38111
vn 0.51802 0.83304 -0.19419
vn 0.51802 0.83304 -0.19419
vn 0.67058 0.71597 -0.19419
vn 0.34554 0.91809 0.19419
vn 0.1506 0.91218 0.38111
vn 0.32567 0.86527 0.38111
vn 0.13564 0.82158 0.55372
vn 0.29332 0.77933 0.55372
vn 0.43972 0.70714 0.55372
vn 0.43972 0.70714 0.55372
vn 0.32567 0.86527 0.38111
vn 0.48821 0.78511 0.38111
vn 0.29332 0.77933 0.55372
vn 0.35225 0.93591 0
vn 0.15979 0.96786 0.19419
vn 0.34554 0.91809 0.19419
vn 0.67058 0.71597 0.19419
vn 0.52807 0.8492 0
vn 0.51802 0.83304 0.19419
vn 0.51802 0.83304 0.19419
vn 0.67058 0.71597 -0.19419
vn 0.68359 0.72986 0
vn 0.79737 0.57139 -0.19419
vn 0.81285 0.58248 0
vn 0.67058 0.71597 0.19419
vn 0.67058 0.71597 0.19419
vn 0.79737 0.57139 0.19419
vn 0.632 0.67478 0.38111
vn 0.56923 0.60776 0.55372
vn 0.56923 0.60776 0.55372
vn 0.48821 0.78511 0.38111
vn 0.632 0.67478 0.38111
vn -0.38406 -0.01257 0.92322
vn -0.37913 0.06259 0.92322
vn -0.37913 0.06259 0.92322
vn -0.5217 0.19635 0.83023
vn -0.35963 0.13536 0.92322
vn -0.32632 0.20292 0.92322
vn -0.35963 0.13536 0.92322
vn -0.35963 0.13536 0.92322
vn -0.18344 0.06904 0.9806
vn -0.32632 0.20292 0.92322
vn -0.16644 0.1035 0.9806
vn -0.16644 0.1035 0.9806
vn -0.28046 0.26268 0.92322
vn -0.14305 0.13398 0.9806
vn -0.14305 0.13398 0.9806
vn -0.47337 0.29436 0.83023
vn -0.40684 0.38105 0.83023
vn -0.40684 0.38105 0.83023
vn -0.51734 0.48454 0.7054
vn -0.41287 0.57615 0.7054
vn -0.41287 0.57615 0.7054
vn -0.32469 0.4531 0.83023
vn -0.28046 0.26268 0.92322
vn -0.22382 0.31235 0.92322
vn -0.22382 0.31235 0.92322
vn -0.15859 0.35001 0.92322
vn -0.32469 0.4531 0.83023
vn -0.23005 0.50774 0.83023
vn -0.23005 0.50774 0.83023
vn -0.11416 0.15932 0.9806
vn -0.08089 0.17853 0.9806
vn -0.11416 0.15932 0.9806
vn -0.08089 0.17853 0.9806
vn -0.04451 0.19088 0.9806
vn -0.15859 0.35001 0.92322
vn -0.08726 0.37422 0.92322
vn -0.00641 0.19589 0.9806
vn -0.04451 0.19088 0.9806
vn -0.01257 0.38406 0.92322
vn -0.08726 0.37422 0.92322
vn -0.12658 0.54286 0.83023
vn -0.12658 0.54286 0.83023
vn -0.01824 0.55713 0.83023
vn 0.03193 0.19338 0.9806
vn -0.00641 0.19589 0.9806
vn 0.06259 0.37913 0.92322
vn -0.01257 0.38406 0.92322
vn 0.06259 0.37913 0.92322
vn 0.13536 0.35963 0.92322
vn 0.06259 0.37913 0.92322
vn -0.01824 0.55713 0.83023
vn 0.0908 0.54998 0.83023
vn 0.0908 0.54998 0.83023
vn -0.29253 0.64563 0.7054
vn -0.29253 0.64563 0.7054
vn -0.16095 0.69029 0.7054
vn -0.16095 0.69029 0.7054
vn -0.02319 0.70843 0.7054
vn -0.02319 0.70843 0.7054
vn 0.11546 0.69934 0.7054
vn 0.11546 0.69934 0.7054
vn 0.13536 0.35963 0.92322
vn 0.20292 0.32632 0.92322
vn 0.19635 0.5217 0.83023
vn 0.19635 0.5217 0.83023
vn 0.29436 0.47337 0.83023
vn 0.29436 0.47337 0.83023
vn 0.48454 0.51734 0.7054
vn 0.48454 0.51734 0.7054
vn 0.29436 0.47337 0.83023
vn 0.38105 0.40684 0.83023
vn 0.24968 0.66338 0.7054
vn 0.24968 0.66338 0.7054
vn 0.3743 0.60192 0.7054
vn 0.3743 0.60192 0.7054
vn -0.18114 0.33889 -0.92322
vn -0.18114 0.33889 -0.92322
vn -0.11155 0.36772 -0.92322
vn -0.11155 0.36772 -0.92322
vn -0.03766 0.38241 -0.92322
vn -0.03766 0.38241 -0.92322
vn -0.73438 0.39253 -0.55372
vn -0.88472 0.26838 -0.38111
vn -0.88472 0.26838 -0.38111
vn -0.93872 0.28476 -0.19419
vn -0.79685 0.24172 -0.55372
vn -0.95694 0.29028 0
vn -0.93872 0.28476 0.19419
vn -0.88472 0.26838 0.38111
vn -0.88472 0.26838 0.38111
vn -0.79685 0.24172 0.55372
vn -0.73438 0.39253 0.55372
vn -0.73438 0.39253 -0.55372
vn -0.73438 0.39253 -0.55372
vn -0.93872 0.28476 -0.19419
vn -0.86513 0.46242 -0.19419
vn -0.86513 0.46242 -0.19419
vn -0.81536 0.43582 -0.38111
vn -0.81536 0.43582 -0.38111
vn -0.71467 0.58652 -0.38111
vn -0.71467 0.58652 -0.38111
vn -0.7583 0.62232 -0.19419
vn -0.7583 0.62232 -0.19419
vn -0.93872 0.28476 0.19419
vn -0.86513 0.46242 0.19419
vn -0.86513 0.46242 0.19419
vn -0.77301 0.63439 0
vn -0.7583 0.62232 0.19419
vn -0.7583 0.62232 0.19419
vn -0.81536 0.43582 0.38111
vn -0.81536 0.43582 0.38111
vn -0.73438 0.39253 0.55372
vn -0.73438 0.39253 0.55372
vn -0.71467 0.58652 0.38111
vn -0.71467 0.58652 0.38111
vn -0.63439 0.77301 0
vn -0.4916 0.26277 -0.83023
vn -0.62512 0.33413 -0.7054
vn -0.54792 0.44967 -0.7054
vn -0.62512 0.33413 -0.7054
vn -0.54792 0.44967 -0.7054
vn -0.64369 0.52826 -0.55372
vn -0.64369 0.52826 -0.55372
vn -0.52826 0.64369 -0.55372
vn -0.43089 0.35363 -0.83023
vn -0.43089 0.35363 -0.83023
vn -0.35363 0.43089 -0.83023
vn -0.35363 0.43089 -0.83023
vn -0.44967 0.54792 -0.7054
vn -0.44967 0.54792 -0.7054
vn -0.52826 0.64369 -0.55372
vn -0.33413 0.62512 -0.7054
vn -0.39253 0.73438 -0.55372
vn -0.39253 0.73438 -0.55372
vn -0.58652 0.71467 -0.38111
vn -0.58652 0.71467 -0.38111
vn -0.62232 0.7583 -0.19419
vn -0.62232 0.7583 -0.19419
vn -0.43582 0.81536 -0.38111
vn -0.43582 0.81536 -0.38111
vn -0.46242 0.86513 -0.19419
vn -0.46242 0.86513 -0.19419
vn -0.24377 0.29704 -0.92322
vn -0.35363 0.43089 -0.83023
vn -0.26277 0.4916 -0.83023
vn -0.26277 0.4916 -0.83023
vn -0.33413 0.62512 -0.7054
vn -0.16181 0.53342 -0.83023
vn -0.20576 0.67829 -0.7054
vn -0.16181 0.53342 -0.83023
vn -0.05464 0.55474 -0.83023
vn -0.05464 0.55474 -0.83023
vn -0.24172 0.79685 -0.55372
vn -0.20576 0.67829 -0.7054
vn -0.24172 0.79685 -0.55372
vn -0.06948 0.7054 -0.7054
vn -0.06948 0.7054 -0.7054
vn -0.08162 0.8287 -0.55372
vn -0.08162 0.8287 -0.55372
vn -0.26838 0.88472 -0.38111
vn -0.26838 0.88472 -0.38111
vn -0.28476 0.93872 -0.19419
vn -0.28476 0.93872 -0.19419
vn -0.09062 0.92008 -0.38111
vn -0.09062 0.92008 -0.38111
vn -0.09615 0.97624 -0.19419
vn -0.09615 0.97624 -0.19419
vn -0.64369 0.52826 0.55372
vn -0.64369 0.52826 0.55372
vn -0.52826 0.64369 0.55372
vn -0.52826 0.64369 0.55372
vn -0.62232 0.7583 0.19419
vn -0.62232 0.7583 0.19419
vn -0.46242 0.86513 0.19419
vn -0.46242 0.86513 0.19419
vn -0.58652 0.71467 0.38111
vn -0.58652 0.71467 0.38111
vn -0.43582 0.81536 0.38111
vn -0.43582 0.81536 0.38111
vn -0.39253 0.73438 0.55372
vn -0.39253 0.73438 0.55372
vn -0.29028 0.95694 0
vn -0.28476 0.93872 0.19419
vn -0.28476 0.93872 0.19419
vn -0.09802 0.99518 0
vn -0.09615 0.97624 0.19419
vn -0.09615 0.97624 0.19419
vn -0.24172 0.79685 0.55372
vn -0.24172 0.79685 0.55372
vn -0.26838 0.88472 0.38111
vn -0.26838 0.88472 0.38111
vn -0.08162 0.8287 0.55372
vn -0.09062 0.92008 0.38111
vn -0.09062 0.92008 0.38111
vn -0.08162 0.8287 0.55372
vn -0.62512 0.33413 0.7054
vn -0.62512 0.33413 0.7054
vn -0.54792 0.44967 0.7054
vn -0.43089 0.35363 0.83023
vn -0.4916 0.26277 0.83023
vn -0.54792 0.44967 0.7054
vn -0.43089 0.35363 0.83023
vn -0.35363 0.43089 0.83023
vn -0.44967 0.54792 0.7054
vn -0.44967 0.54792 0.7054
vn -0.33413 0.62512 0.7054
vn -0.35363 0.43089 0.83023
vn -0.24377 0.29704 0.92322
vn -0.26277 0.4916 0.83023
vn -0.35363 0.43089 0.83023
vn -0.18114 0.33889 0.92322
vn -0.18114 0.33889 0.92322
vn -0.26277 0.4916 0.83023
vn -0.33413 0.62512 0.7054
vn -0.20576 0.67829 0.7054
vn -0.16181 0.53342 0.83023
vn -0.11155 0.36772 0.92322
vn -0.11155 0.36772 0.92322
vn -0.03766 0.38241 0.92322
vn -0.03766 0.38241 0.92322
vn -0.16181 0.53342 0.83023
vn -0.05464 0.55474 0.83023
vn -0.05464 0.55474 0.83023
vn -0.20576 0.67829 0.7054
vn -0.06948 0.7054 0.7054
vn -0.06948 0.7054 0.7054
vn 0.03766 -0.38241 -0.92322
vn 0.03766 -0.38241 -0.92322
vn 0.11155 -0.36772 -0.92322
vn 0.11155 -0.36772 -0.92322
vn 0.18114 -0.33889 -0.92322
vn 0.18114 -0.33889 -0.92322
vn 0.08162 -0.8287 -0.55372
vn 0.06948 -0.7054 -0.7054
vn 0.08162 -0.8287 -0.55372
vn 0.06948 -0.7054 -0.7054
vn 0.24172 -0.79685 -0.55372
vn 0.20576 -0.67829 -0.7054
vn 0.24172 -0.79685 -0.55372
vn 0.09062 -0.92008 -0.38111
vn 0.09062 -0.92008 -0.38111
vn 0.09615 -0.97624 -0.19419
vn 0.09615 -0.97624 -0.19419
vn 0.26838 -0.88472 -0.38111
vn 0.26838 -0.88472 -0.38111
vn 0.28476 -0.93872 -0.19419
vn 0.28476 -0.93872 -0.19419
vn 0.05464 -0.55474 -0.83023
vn 0.05464 -0.55474 -0.83023
vn 0.16181 -0.53342 -0.83023
vn 0.20576 -0.67829 -0.7054
vn 0.16181 -0.53342 -0.83023
vn 0.33413 -0.62512 -0.7054
vn 0.26277 -0.4916 -0.83023
vn 0.35363 -0.43089 -0.83023
vn 0.26277 -0.4916 -0.83023
vn 0.24377 -0.29704 -0.92322
vn 0.39253 -0.73438 -0.55372
vn 0.39253 -0.73438 -0.55372
vn 0.46242 -0.86513 -0.19419
vn 0.46242 -0.86513 -0.19419
vn 0.43582 -0.81536 -0.38111
vn 0.43582 -0.81536 -0.38111
vn 0.58652 -0.71467 -0.38111
vn 0.58652 -0.71467 -0.38111
vn 0.62232 -0.7583 -0.19419
vn 0.62232 -0.7583 -0.19419
vn 0.44967 -0.54792 -0.7054
vn 0.33413 -0.62512 -0.7054
vn 0.52826 -0.64369 -0.55372
vn 0.44967 -0.54792 -0.7054
vn 0.35363 -0.43089 -0.83023
vn 0.35363 -0.43089 -0.83023
vn 0.43089 -0.35363 -0.83023
vn 0.43089 -0.35363 -0.83023
vn 0.52826 -0.64369 -0.55372
vn 0.64369 -0.52826 -0.55372
vn 0.54792 -0.44967 -0.7054
vn 0.4916 -0.26277 -0.83023
vn 0.62512 -0.33413 -0.7054
vn 0.54792 -0.44967 -0.7054
vn 0.64369 -0.52826 -0.55372
vn 0.62512 -0.33413 -0.7054
vn 0.09802 -0.99518 0
vn 0.09615 -0.97624 0.19419
vn 0.09615 -0.97624 0.19419
vn 0.29028 -0.95694 0
vn 0.28476 -0.93872 0.19419
vn 0.28476 -0.93872 0.19419
vn 0.09062 -0.92008 0.38111
vn 0.09062 -0.92008 0.38111
vn 0.08162 -0.8287 0.55372
vn 0.08162 -0.8287 0.55372
vn 0.26838 -0.88472 0.38111
vn 0.26838 -0.88472 0.38111
vn 0.24172 -0.79685 0.55372
vn 0.24172 -0.79685 0.55372
vn 0.4714 -0.88192 0
vn 0.46242 -0.86513 0.19419
vn 0.46242 -0.86513 0.19419
vn 0.63439 -0.77301 0
vn 0.62232 -0.7583 0.19419
vn 0.62232 -0.7583 0.19419
vn 0.43582 -0.81536 0.38111
vn 0.43582 -0.81536 0.38111
vn 0.39253 -0.73438 0.55372
vn 0.39253 -0.73438 0.55372
vn 0.58652 -0.71467 0.38111
vn 0.58652 -0.71467 0.38111
vn 0.52826 -0.64369 0.55372
vn 0.52826 -0.64369 0.55372
vn 0.64369 -0.52826 0.55372
vn 0.64369 -0.52826 0.55372
vn 0.73438 -0.39253 -0.55372
vn 0.73438 -0.39253 -0.55372
vn 0.71467 -0.58652 -0.38111
vn 0.71467 -0.58652 -0.38111
vn 0.7583 -0.62232 -0.19419
vn 0.7583 -0.62232 -0.19419
vn 0.81536 -0.43582 -0.38111
vn 0.81536 -0.43582 -0.38111
vn 0.86513 -0.46242 -0.19419
vn 0.86513 -0.46242 -0.19419
vn 0.93872 -0.28476 -0.19419
vn 0.77301 -0.63439 0
vn 0.7583 -0.62232 0.19419
vn 0.7583 -0.62232 0.19419
vn 0.88192 -0.4714 0
vn 0.95694 -0.29028 0
vn 0.86513 -0.46242 0.19419
vn 0.86513 -0.46242 0.19419
vn 0.93872 -0.28476 0.19419
vn 0.71467 -0.58652 0.38111
vn 0.71467 -0.58652 0.38111
vn 0.81536 -0.43582 0.38111
vn 0.81536 -0.43582 0.38111
vn 0.73438 -0.39253 0.55372
vn 0.73438 -0.39253 0.55372
vn 0.73438 -0.39253 -0.55372
vn 0.79685 -0.24172 -0.55372
vn 0.88472 -0.26838 -0.38111
vn 0.88472 -0.26838 -0.38111
vn 0.93872 -0.28476 -0.19419
vn 0.93872 -0.28476 0.19419
vn 0.79685 -0.24172 0.55372
vn 0.73438 -0.39253 0.55372
vn 0.88472 -0.26838 0.38111
vn 0.88472 -0.26838 0.38111
vn 0.06948 -0.7054 0.7054
vn 0.06948 -0.7054 0.7054
vn 0.20576 -0.67829 0.7054
vn 0.05464 -0.55474 0.83023
vn 0.05464 -0.55474 0.83023
vn 0.16181 -0.53342 0.83023
vn 0.03766 -0.38241 0.92322
vn 0.03766 -0.38241 0.92322
vn 0.11155 -0.36772 0.92322
vn 0.11155 -0.36772 0.92322
vn 0.20576 -0.67829 0.7054
vn 0.33413 -0.62512 0.7054
vn 0.16181 -0.53342 0.83023
vn 0.26277 -0.4916 0.83023
vn 0.18114 -0.33889 0.92322
vn 0.18114 -0.33889 0.92322
vn 0.26277 -0.4916 0.83023
vn 0.35363 -0.43089 0.83023
vn 0.35363 -0.43089 0.83023
vn 0.24377 -0.29704 0.92322
vn 0.33413 -0.62512 0.7054
vn 0.44967 -0.54792 0.7054
vn 0.44967 -0.54792 0.7054
vn 0.35363 -0.43089 0.83023
vn 0.43089 -0.35363 0.83023
vn 0.54792 -0.44967 0.7054
vn 0.43089 -0.35363 0.83023
vn 0.4916 -0.26277 0.83023
vn 0.54792 -0.44967 0.7054
vn 0.62512 -0.33413 0.7054
vn 0.62512 -0.33413 0.7054
vn -0.20292 -0.32632 -0.92322
vn -0.13536 -0.35963 -0.92322
vn -0.13536 -0.35963 -0.92322
vn -0.06259 -0.37913 -0.92322
vn -0.06259 -0.37913 -0.92322
vn 0.01257 -0.38406 -0.92322
vn -0.03193 -0.19338 -0.9806
vn 0.00641 -0.19589 -0.9806
vn -0.06259 -0.37913 -0.92322
vn 0.01257 -0.38406 -0.92322
vn 0.08726 -0.37422 -0.92322
vn 0.00641 -0.19589 -0.9806
vn 0.04451 -0.19088 -0.9806
vn 0.08726 -0.37422 -0.92322
vn 0.15859 -0.35001 -0.92322
vn 0.04451 -0.19088 -0.9806
vn 0.08089 -0.17853 -0.9806
vn 0.08089 -0.17853 -0.9806
vn 0.11416 -0.15932 -0.9806
vn 0.11416 -0.15932 -0.9806
vn 0.15859 -0.35001 -0.92322
vn 0.22382 -0.31235 -0.92322
vn 0.22382 -0.31235 -0.92322
vn 0.28046 -0.26268 -0.92322
vn 0.14305 -0.13398 -0.9806
vn 0.14305 -0.13398 -0.9806
vn 0.28046 -0.26268 -0.92322
vn 0.16644 -0.1035 -0.9806
vn 0.16644 -0.1035 -0.9806
vn 0.32632 -0.20292 -0.92322
vn 0.18344 -0.06904 -0.9806
vn 0.35963 -0.13536 -0.92322
vn 0.32632 -0.20292 -0.92322
vn 0.35963 -0.13536 -0.92322
vn 0.35963 -0.13536 -0.92322
vn 0.37913 -0.06259 -0.92322
vn 0.37913 -0.06259 -0.92322
vn 0.38406 0.01257 -0.92322
vn -0.56923 -0.60776 -0.55372
vn -0.56923 -0.60776 -0.55372
vn -0.67058 -0.71597 -0.19419
vn -0.48821 -0.78511 -0.38111
vn -0.51802 -0.83304 -0.19419
vn -0.51802 -0.83304 -0.19419
vn -0.632 -0.67478 -0.38111
vn -0.632 -0.67478 -0.38111
vn -0.67058 -0.71597 -0.19419
vn -0.34554 -0.91809 -0.19419
vn -0.15979 -0.96786 -0.19419
vn -0.29332 -0.77933 -0.55372
vn -0.3743 -0.60192 -0.7054
vn -0.43972 -0.70714 -0.55372
vn -0.43972 -0.70714 -0.55372
vn -0.3743 -0.60192 -0.7054
vn -0.29332 -0.77933 -0.55372
vn -0.13564 -0.82158 -0.55372
vn -0.24968 -0.66338 -0.7054
vn -0.24968 -0.66338 -0.7054
vn -0.48821 -0.78511 -0.38111
vn -0.32567 -0.86527 -0.38111
vn -0.34554 -0.91809 -0.19419
vn -0.32567 -0.86527 -0.38111
vn -0.1506 -0.91218 -0.38111
vn -0.79737 -0.57139 -0.19419
vn -0.81285 -0.58248 0
vn -0.67058 -0.71597 -0.19419
vn -0.68359 -0.72986 0
vn -0.79737 -0.57139 0.19419
vn -0.67058 -0.71597 0.19419
vn -0.67058 -0.71597 0.19419
vn -0.52807 -0.8492 0
vn -0.51802 -0.83304 0.19419
vn -0.51802 -0.83304 0.19419
vn -0.67058 -0.71597 0.19419
vn -0.632 -0.67478 0.38111
vn -0.48821 -0.78511 0.38111
vn -0.632 -0.67478 0.38111
vn -0.56923 -0.60776 0.55372
vn -0.56923 -0.60776 0.55372
vn -0.34554 -0.91809 0.19419
vn -0.15979 -0.96786 0.19419
vn -0.34554 -0.91809 0.19419
vn -0.48821 -0.78511 0.38111
vn -0.32567 -0.86527 0.38111
vn -0.29332 -0.77933 0.55372
vn -0.43972 -0.70714 0.55372
vn -0.43972 -0.70714 0.55372
vn -0.32567 -0.86527 0.38111
vn -0.1506 -0.91218 0.38111
vn -0.29332 -0.77933 0.55372
vn -0.13564 -0.82158 0.55372
vn -0.48454 -0.51734 -0.7054
vn -0.38105 -0.40684 -0.83023
vn -0.29436 -0.47337 -0.83023
vn -0.48454 -0.51734 -0.7054
vn -0.29436 -0.47337 -0.83023
vn -0.19635 -0.5217 -0.83023
vn -0.19635 -0.5217 -0.83023
vn -0.29436 -0.47337 -0.83023
vn -0.15979 -0.96786 -0.19419
vn 0.0321 -0.98044 -0.19419
vn 0.03025 -0.92404 -0.38111
vn 0.0321 -0.98044 -0.19419
vn -0.13564 -0.82158 -0.55372
vn 0.02725 -0.83226 -0.55372
vn -0.11546 -0.69934 -0.7054
vn 0.02319 -0.70843 -0.7054
vn -0.11546 -0.69934 -0.7054
vn 0.02725 -0.83226 -0.55372
vn 0.18909 -0.81095 -0.55372
vn 0.16095 -0.69029 -0.7054
vn 0.02319 -0.70843 -0.7054
vn -0.1506 -0.91218 -0.38111
vn 0.03025 -0.92404 -0.38111
vn 0.22275 -0.95534 -0.19419
vn 0.22275 -0.95534 -0.19419
vn 0.18909 -0.81095 -0.55372
vn 0.29253 -0.64563 -0.7054
vn 0.16095 -0.69029 -0.7054
vn 0.34366 -0.75848 -0.55372
vn 0.29253 -0.64563 -0.7054
vn 0.34366 -0.75848 -0.55372
vn 0.48503 -0.67686 -0.55372
vn 0.20994 -0.90038 -0.38111
vn 0.20994 -0.90038 -0.38111
vn 0.38156 -0.84212 -0.38111
vn 0.38156 -0.84212 -0.38111
vn 0.40485 -0.89353 -0.19419
vn 0.40485 -0.89353 -0.19419
vn 0.03272 -0.99946 0
vn -0.15979 -0.96786 0.19419
vn 0.0321 -0.98044 0.19419
vn 0.0321 -0.98044 0.19419
vn 0.03025 -0.92404 0.38111
vn -0.1506 -0.91218 0.38111
vn 0.03025 -0.92404 0.38111
vn -0.13564 -0.82158 0.55372
vn 0.02725 -0.83226 0.55372
vn 0.02725 -0.83226 0.55372
vn 0.18909 -0.81095 0.55372
vn 0.22708 -0.97388 0
vn 0.22275 -0.95534 0.19419
vn 0.22275 -0.95534 0.19419
vn 0.41271 -0.91086 0
vn 0.40485 -0.89353 0.19419
vn 0.40485 -0.89353 0.19419
vn 0.20994 -0.90038 0.38111
vn 0.20994 -0.90038 0.38111
vn 0.18909 -0.81095 0.55372
vn 0.34366 -0.75848 0.55372
vn 0.38156 -0.84212 0.38111
vn 0.38156 -0.84212 0.38111
vn 0.34366 -0.75848 0.55372
vn 0.48503 -0.67686 0.55372
vn -0.0908 -0.54998 -0.83023
vn -0.0908 -0.54998 -0.83023
vn 0.01824 -0.55713 -0.83023
vn 0.01824 -0.55713 -0.83023
vn 0.12658 -0.54286 -0.83023
vn 0.12658 -0.54286 -0.83023
vn 0.23005 -0.50774 -0.83023
vn 0.23005 -0.50774 -0.83023
vn 0.32469 -0.4531 -0.83023
vn 0.41287 -0.57615 -0.7054
vn 0.32469 -0.4531 -0.83023
vn 0.51734 -0.48454 -0.7054
vn 0.41287 -0.57615 -0.7054
vn 0.40684 -0.38105 -0.83023
vn 0.40684 -0.38105 -0.83023
vn 0.47337 -0.29436 -0.83023
vn 0.5217 -0.19635 -0.83023
vn -0.3743 -0.60192 0.7054
vn -0.3743 -0.60192 0.7054
vn -0.24968 -0.66338 0.7054
vn -0.24968 -0.66338 0.7054
vn -0.48454 -0.51734 0.7054
vn -0.48454 -0.51734 0.7054
vn -0.38105 -0.40684 0.83023
vn -0.29436 -0.47337 0.83023
vn -0.29436 -0.47337 0.83023
vn -0.29436 -0.47337 0.83023
vn -0.19635 -0.5217 0.83023
vn -0.19635 -0.5217 0.83023
vn -0.20292 -0.32632 0.92322
vn -0.13536 -0.35963 0.92322
vn -0.11546 -0.69934 0.7054
vn -0.11546 -0.69934 0.7054
vn 0.02319 -0.70843 0.7054
vn 0.02319 -0.70843 0.7054
vn 0.16095 -0.69029 0.7054
vn 0.16095 -0.69029 0.7054
vn 0.29253 -0.64563 0.7054
vn 0.29253 -0.64563 0.7054
vn -0.0908 -0.54998 0.83023
vn 0.01824 -0.55713 0.83023
vn -0.0908 -0.54998 0.83023
vn -0.13536 -0.35963 0.92322
vn -0.06259 -0.37913 0.92322
vn -0.06259 -0.37913 0.92322
vn 0.01257 -0.38406 0.92322
vn -0.06259 -0.37913 0.92322
vn -0.03193 -0.19338 0.9806
vn 0.00641 -0.19589 0.9806
vn 0.01824 -0.55713 0.83023
vn 0.12658 -0.54286 0.83023
vn 0.12658 -0.54286 0.83023
vn 0.01257 -0.38406 0.92322
vn 0.08726 -0.37422 0.92322
vn 0.00641 -0.19589 0.9806
vn 0.04451 -0.19088 0.9806
vn 0.08726 -0.37422 0.92322
vn 0.15859 -0.35001 0.92322
vn 0.04451 -0.19088 0.9806
vn 0.08089 -0.17853 0.9806
vn 0.11416 -0.15932 0.9806
vn 0.08089 -0.17853 0.9806
vn 0.11416 -0.15932 0.9806
vn 0.23005 -0.50774 0.83023
vn 0.23005 -0.50774 0.83023
vn 0.32469 -0.4531 0.83023
vn 0.15859 -0.35001 0.92322
vn 0.22382 -0.31235 0.92322
vn 0.22382 -0.31235 0.92322
vn 0.28046 -0.26268 0.92322
vn 0.41287 -0.57615 0.7054
vn 0.41287 -0.57615 0.7054
vn 0.51734 -0.48454 0.7054
vn 0.32469 -0.4531 0.83023
vn 0.40684 -0.38105 0.83023
vn 0.40684 -0.38105 0.83023
vn 0.47337 -0.29436 0.83023
vn 0.28046 -0.26268 0.92322
vn 0.14305 -0.13398 0.9806
vn 0.14305 -0.13398 0.9806
vn 0.16644 -0.1035 0.9806
vn 0.16644 -0.1035 0.9806
vn 0.32632 -0.20292 0.92322
vn 0.35963 -0.13536 0.92322
vn 0.35963 -0.13536 0.92322
vn 0.18344 -0.06904 0.9806
vn 0.32632 -0.20292 0.92322
vn 0.35963 -0.13536 0.92322
vn 0.5217 -0.19635 0.83023
vn 0.37913 -0.06259 0.92322
vn 0.37913 -0.06259 0.92322
vn 0.38406 0.01257 0.92322
vn 0.48503 -0.67686 -0.55372
vn 0.60776 -0.56923 -0.55372
vn 0.53852 -0.7515 -0.38111
vn 0.57139 -0.79737 -0.19419
vn 0.57139 -0.79737 -0.19419
vn 0.53852 -0.7515 -0.38111
vn 0.67478 -0.632 -0.38111
vn 0.67478 -0.632 -0.38111
vn 0.71597 -0.67058 -0.19419
vn 0.71597 -0.67058 -0.19419
vn 0.58248 -0.81285 0
vn 0.57139 -0.79737 0.19419
vn 0.57139 -0.79737 0.19419
vn 0.72986 -0.68359 0
vn 0.71597 -0.67058 0.19419
vn 0.71597 -0.67058 0.19419
vn 0.53852 -0.7515 0.38111
vn 0.53852 -0.7515 0.38111
vn 0.67478 -0.632 0.38111
vn 0.48503 -0.67686 0.55372
vn 0.60776 -0.56923 0.55372
vn 0.67478 -0.632 0.38111
vn 0.51734 -0.48454 -0.7054
vn 0.60776 -0.56923 -0.55372
vn 0.60192 -0.3743 -0.7054
vn 0.47337 -0.29436 -0.83023
vn 0.66338 -0.24968 -0.7054
vn 0.60192 -0.3743 -0.7054
vn 0.70714 -0.43972 -0.55372
vn 0.70714 -0.43972 -0.55372
vn 0.77933 -0.29332 -0.55372
vn 0.78511 -0.48821 -0.38111
vn 0.78511 -0.48821 -0.38111
vn 0.83304 -0.51802 -0.19419
vn 0.5217 -0.19635 -0.83023
vn 0.54998 -0.0908 -0.83023
vn 0.54998 -0.0908 -0.83023
vn 0.55713 0.01824 -0.83023
vn 0.55713 0.01824 -0.83023
vn 0.55713 0.01824 -0.83023
vn 0.69934 -0.11546 -0.7054
vn 0.66338 -0.24968 -0.7054
vn 0.69934 -0.11546 -0.7054
vn 0.77933 -0.29332 -0.55372
vn 0.82158 -0.13564 -0.55372
vn 0.70843 0.02319 -0.7054
vn 0.70843 0.02319 -0.7054
vn 0.83226 0.02725 -0.55372
vn 0.83304 -0.51802 -0.19419
vn 0.86527 -0.32567 -0.38111
vn 0.86527 -0.32567 -0.38111
vn 0.91809 -0.34554 -0.19419
vn 0.91809 -0.34554 -0.19419
vn 0.82158 -0.13564 -0.55372
vn 0.83226 0.02725 -0.55372
vn 0.91218 -0.1506 -0.38111
vn 0.91218 -0.1506 -0.38111
vn 0.96786 -0.15979 -0.19419
vn 0.96786 -0.15979 -0.19419
vn 0.92404 0.03025 -0.38111
vn 0.92404 0.03025 -0.38111
vn 0.98044 0.0321 -0.19419
vn 0.98044 0.0321 -0.19419
vn 0.8492 -0.52807 0
vn 0.83304 -0.51802 0.19419
vn 0.60776 -0.56923 0.55372
vn 0.78511 -0.48821 0.38111
vn 0.78511 -0.48821 0.38111
vn 0.70714 -0.43972 0.55372
vn 0.70714 -0.43972 0.55372
vn 0.77933 -0.29332 0.55372
vn 0.77933 -0.29332 0.55372
vn 0.82158 -0.13564 0.55372
vn 0.83226 0.02725 0.55372
vn 0.83304 -0.51802 0.19419
vn 0.93591 -0.35225 0
vn 0.91809 -0.34554 0.19419
vn 0.91809 -0.34554 0.19419
vn 0.86527 -0.32567 0.38111
vn 0.86527 -0.32567 0.38111
vn 0.98664 -0.1629 0
vn 0.96786 -0.15979 0.19419
vn 0.96786 -0.15979 0.19419
vn 0.98044 0.0321 0.19419
vn 0.98044 0.0321 0.19419
vn 0.99946 0.03272 0
vn 0.91218 -0.1506 0.38111
vn 0.91218 -0.1506 0.38111
vn 0.82158 -0.13564 0.55372
vn 0.92404 0.03025 0.38111
vn 0.92404 0.03025 0.38111
vn 0.83226 0.02725 0.55372
vn 0.51734 -0.48454 0.7054
vn 0.60192 -0.3743 0.7054
vn 0.60192 -0.3743 0.7054
vn 0.66338 -0.24968 0.7054
vn 0.47337 -0.29436 0.83023
vn 0.5217 -0.19635 0.83023
vn 0.54998 -0.0908 0.83023
vn 0.54998 -0.0908 0.83023
vn 0.55713 0.01824 0.83023
vn 0.55713 0.01824 0.83023
vn 0.55713 0.01824 0.83023
vn 0.66338 -0.24968 0.7054
vn 0.69934 -0.11546 0.7054
vn 0.69934 -0.11546 0.7054
vn 0.70843 0.02319 0.7054
vn 0.70843 0.02319 0.7054
vn 0.54286 0.12658 -0.83023
vn 0.69029 0.16095 -0.7054
vn 0.69029 0.16095 -0.7054
vn 0.81095 0.18909 -0.55372
vn 0.81095 0.18909 -0.55372
vn 0.90038 0.20994 -0.38111
vn 0.90038 0.20994 -0.38111
vn 0.95534 0.22275 -0.19419
vn 0.95534 0.22275 -0.19419
vn 0.81095 0.18909 0.55372
vn 0.97388 0.22708 0
vn 0.95534 0.22275 0.19419
vn 0.95534 0.22275 0.19419
vn 0.90038 0.20994 0.38111
vn 0.90038 0.20994 0.38111
vn 0.81095 0.18909 0.55372
vn 0.54286 0.12658 0.83023
vn 0.69029 0.16095 0.7054
vn 0.69029 0.16095 0.7054
vn -0.18909 -0.81095 -0.55372
vn -0.20994 -0.90038 -0.38111
vn -0.20994 -0.90038 -0.38111
vn -0.22275 -0.95534 -0.19419
vn -0.22275 -0.95534 -0.19419
vn -0.16095 -0.69029 -0.7054
vn -0.18909 -0.81095 -0.55372
vn -0.16095 -0.69029 -0.7054
vn -0.12658 -0.54286 -0.83023
vn -0.22708 -0.97388 0
vn -0.22275 -0.95534 0.19419
vn -0.22275 -0.95534 0.19419
vn -0.20994 -0.90038 0.38111
vn -0.20994 -0.90038 0.38111
vn -0.18909 -0.81095 0.55372
vn -0.18909 -0.81095 0.55372
vn -0.16095 -0.69029 0.7054
vn -0.16095 -0.69029 0.7054
vn -0.12658 -0.54286 0.83023
vn -0.02725 -0.83226 -0.55372
vn 0.13564 -0.82158 -0.55372
vn -0.03025 -0.92404 -0.38111
vn -0.03025 -0.92404 -0.38111
vn -0.0321 -0.98044 -0.19419
vn -0.0321 -0.98044 -0.19419
vn 0.1506 -0.91218 -0.38111
vn 0.1506 -0.91218 -0.38111
vn 0.15979 -0.96786 -0.19419
vn 0.15979 -0.96786 -0.19419
vn -0.02319 -0.70843 -0.7054
vn 0.11546 -0.69934 -0.7054
vn -0.02725 -0.83226 -0.55372
vn -0.02319 -0.70843 -0.7054
vn -0.01824 -0.55713 -0.83023
vn -0.01824 -0.55713 -0.83023
vn -0.01824 -0.55713 -0.83023
vn 0.0908 -0.54998 -0.83023
vn 0.13564 -0.82158 -0.55372
vn 0.11546 -0.69934 -0.7054
vn 0.29332 -0.77933 -0.55372
vn 0.0908 -0.54998 -0.83023
vn 0.24968 -0.66338 -0.7054
vn 0.19635 -0.5217 -0.83023
vn 0.32567 -0.86527 -0.38111
vn 0.32567 -0.86527 -0.38111
vn 0.34554 -0.91809 -0.19419
vn 0.34554 -0.91809 -0.19419
vn 0.51802 -0.83304 -0.19419
vn 0.29332 -0.77933 -0.55372
vn 0.24968 -0.66338 -0.7054
vn 0.43972 -0.70714 -0.55372
vn 0.3743 -0.60192 -0.7054
vn 0.3743 -0.60192 -0.7054
vn 0.43972 -0.70714 -0.55372
vn 0.48454 -0.51734 -0.7054
vn 0.56923 -0.60776 -0.55372
vn 0.48454 -0.51734 -0.7054
vn 0.48821 -0.78511 -0.38111
vn 0.48821 -0.78511 -0.38111
vn 0.51802 -0.83304 -0.19419
vn -0.03272 -0.99946 0
vn -0.0321 -0.98044 0.19419
vn -0.0321 -0.98044 0.19419
vn 0.15979 -0.96786 0.19419
vn 0.15979 -0.96786 0.19419
vn -0.03025 -0.92404 0.38111
vn -0.03025 -0.92404 0.38111
vn -0.02725 -0.83226 0.55372
vn 0.1506 -0.91218 0.38111
vn 0.1506 -0.91218 0.38111
vn 0.13564 -0.82158 0.55372
vn -0.02725 -0.83226 0.55372
vn 0.13564 -0.82158 0.55372
vn 0.29332 -0.77933 0.55372
vn 0.34554 -0.91809 0.19419
vn 0.34554 -0.91809 0.19419
vn 0.52807 -0.8492 0
vn 0.51802 -0.83304 0.19419
vn 0.32567 -0.86527 0.38111
vn 0.32567 -0.86527 0.38111
vn 0.51802 -0.83304 0.19419
vn 0.29332 -0.77933 0.55372
vn 0.43972 -0.70714 0.55372
vn 0.48821 -0.78511 0.38111
vn 0.48821 -0.78511 0.38111
vn 0.43972 -0.70714 0.55372
vn 0.56923 -0.60776 0.55372
vn 0.56923 -0.60776 -0.55372
vn 0.67686 -0.48503 -0.55372
vn 0.632 -0.67478 -0.38111
vn 0.67058 -0.71597 -0.19419
vn 0.67058 -0.71597 -0.19419
vn 0.632 -0.67478 -0.38111
vn 0.7515 -0.53852 -0.38111
vn 0.7515 -0.53852 -0.38111
vn 0.79737 -0.57139 -0.19419
vn 0.79737 -0.57139 -0.19419
vn 0.68359 -0.72986 0
vn 0.67058 -0.71597 0.19419
vn 0.67058 -0.71597 0.19419
vn 0.81285 -0.58248 0
vn 0.79737 -0.57139 0.19419
vn 0.79737 -0.57139 0.19419
vn 0.632 -0.67478 0.38111
vn 0.632 -0.67478 0.38111
vn 0.7515 -0.53852 0.38111
vn 0.56923 -0.60776 0.55372
vn 0.67686 -0.48503 0.55372
vn 0.7515 -0.53852 0.38111
vn -0.02319 -0.70843 0.7054
vn -0.02319 -0.70843 0.7054
vn 0.11546 -0.69934 0.7054
vn -0.01824 -0.55713 0.83023
vn -0.01824 -0.55713 0.83023
vn -0.01824 -0.55713 0.83023
vn 0.0908 -0.54998 0.83023
vn 0.11546 -0.69934 0.7054
vn 0.24968 -0.66338 0.7054
vn 0.0908 -0.54998 0.83023
vn 0.19635 -0.5217 0.83023
vn 0.24968 -0.66338 0.7054
vn 0.3743 -0.60192 0.7054
vn 0.3743 -0.60192 0.7054
vn 0.48454 -0.51734 0.7054
vn 0.48454 -0.51734 0.7054
vn -0.01257 -0.38406 -0.92322
vn 0.06259 -0.37913 -0.92322
vn 0.06259 -0.37913 -0.92322
vn 0.13536 -0.35963 -0.92322
vn 0.13536 -0.35963 -0.92322
vn 0.20292 -0.32632 -0.92322
vn 0.06904 -0.18344 -0.9806
vn 0.13536 -0.35963 -0.92322
vn 0.20292 -0.32632 -0.92322
vn 0.1035 -0.16644 -0.9806
vn 0.1035 -0.16644 -0.9806
vn 0.26268 -0.28046 -0.92322
vn 0.13398 -0.14305 -0.9806
vn 0.13398 -0.14305 -0.9806
vn 0.17853 -0.08089 -0.9806
vn 0.15932 -0.11416 -0.9806
vn 0.15932 -0.11416 -0.9806
vn 0.17853 -0.08089 -0.9806
vn 0.19088 -0.04451 -0.9806
vn 0.26268 -0.28046 -0.92322
vn 0.31235 -0.22382 -0.92322
vn 0.31235 -0.22382 -0.92322
vn 0.35001 -0.15859 -0.92322
vn 0.37422 -0.08726 -0.92322
vn 0.19589 -0.00641 -0.9806
vn 0.19088 -0.04451 -0.9806
vn 0.35001 -0.15859 -0.92322
vn 0.38406 -0.01257 -0.92322
vn 0.37422 -0.08726 -0.92322
vn 0.19589 -0.00641 -0.9806
vn 0.19338 0.03193 -0.9806
vn 0.37913 0.06259 -0.92322
vn 0.37913 0.06259 -0.92322
vn 0.38406 -0.01257 -0.92322
vn 0.37913 0.06259 -0.92322
vn 0.35963 0.13536 -0.92322
vn 0.35963 0.13536 -0.92322
vn 0.32632 0.20292 -0.92322
vn 0.19635 -0.5217 -0.83023
vn 0.29436 -0.47337 -0.83023
vn 0.29436 -0.47337 -0.83023
vn 0.38105 -0.40684 -0.83023
vn 0.38105 -0.40684 -0.83023
vn 0.4531 -0.32469 -0.83023
vn 0.57615 -0.41287 -0.7054
vn 0.4531 -0.32469 -0.83023
vn 0.50774 -0.23005 -0.83023
vn 0.50774 -0.23005 -0.83023
vn 0.54286 -0.12658 -0.83023
vn 0.54286 -0.12658 -0.83023
vn 0.55713 -0.01824 -0.83023
vn 0.55713 -0.01824 -0.83023
vn 0.54998 0.0908 -0.83023
vn 0.54998 0.0908 -0.83023
vn 0.47337 0.29436 -0.83023
vn 0.5217 0.19635 -0.83023
vn 0.47337 0.29436 -0.83023
vn 0.47337 0.29436 -0.83023
vn 0.5217 0.19635 -0.83023
vn 0.40684 0.38105 -0.83023
vn 0.60192 0.3743 -0.7054
vn 0.51734 0.48454 -0.7054
vn 0.51734 0.48454 -0.7054
vn 0.57615 -0.41287 -0.7054
vn 0.67686 -0.48503 -0.55372
vn 0.64563 -0.29253 -0.7054
vn 0.69029 -0.16095 -0.7054
vn 0.64563 -0.29253 -0.7054
vn 0.75848 -0.34366 -0.55372
vn 0.75848 -0.34366 -0.55372
vn 0.81095 -0.18909 -0.55372
vn 0.84212 -0.38156 -0.38111
vn 0.84212 -0.38156 -0.38111
vn 0.89353 -0.40485 -0.19419
vn 0.89353 -0.40485 -0.19419
vn 0.90038 -0.20994 -0.38111
vn 0.90038 -0.20994 -0.38111
vn 0.69029 -0.16095 -0.7054
vn 0.70843 -0.02319 -0.7054
vn 0.69934 0.11546 -0.7054
vn 0.70843 -0.02319 -0.7054
vn 0.69934 0.11546 -0.7054
vn 0.81095 -0.18909 -0.55372
vn 0.83226 -0.02725 -0.55372
vn 0.83226 -0.02725 -0.55372
vn 0.82158 0.13564 -0.55372
vn 0.92404 -0.03025 -0.38111
vn 0.91218 0.1506 -0.38111
vn 0.95534 -0.22275 -0.19419
vn 0.95534 -0.22275 -0.19419
vn 0.92404 -0.03025 -0.38111
vn 0.98044 -0.0321 -0.19419
vn 0.98044 -0.0321 -0.19419
vn 0.96786 0.15979 -0.19419
vn 0.91086 -0.41271 0
vn 0.89353 -0.40485 0.19419
vn 0.89353 -0.40485 0.19419
vn 0.67686 -0.48503 0.55372
vn 0.75848 -0.34366 0.55372
vn 0.84212 -0.38156 0.38111
vn 0.84212 -0.38156 0.38111
vn 0.75848 -0.34366 0.55372
vn 0.90038 -0.20994 0.38111
vn 0.90038 -0.20994 0.38111
vn 0.81095 -0.18909 0.55372
vn 0.81095 -0.18909 0.55372
vn 0.83226 -0.02725 0.55372
vn 0.92404 -0.03025 0.38111
vn 0.91218 0.1506 0.38111
vn 0.83226 -0.02725 0.55372
vn 0.82158 0.13564 0.55372
vn 0.97388 -0.22708 0
vn 0.95534 -0.22275 0.19419
vn 0.95534 -0.22275 0.19419
vn 0.99946 -0.03272 0
vn 0.98044 -0.0321 0.19419
vn 0.98664 0.1629 0
vn 0.98044 -0.0321 0.19419
vn 0.96786 0.15979 0.19419
vn 0.92404 -0.03025 0.38111
vn 0.66338 0.24968 -0.7054
vn 0.66338 0.24968 -0.7054
vn 0.60192 0.3743 -0.7054
vn 0.70714 0.43972 -0.55372
vn 0.70714 0.43972 -0.55372
vn 0.82158 0.13564 -0.55372
vn 0.77933 0.29332 -0.55372
vn 0.77933 0.29332 -0.55372
vn 0.91218 0.1506 -0.38111
vn 0.86527 0.32567 -0.38111
vn 0.78511 0.48821 -0.38111
vn 0.86527 0.32567 -0.38111
vn 0.91809 0.34554 -0.19419
vn 0.60776 0.56923 -0.55372
vn 0.60776 0.56923 -0.55372
vn 0.67478 0.632 -0.38111
vn 0.71597 0.67058 -0.19419
vn 0.67478 0.632 -0.38111
vn 0.71597 0.67058 -0.19419
vn 0.78511 0.48821 -0.38111
vn 0.83304 0.51802 -0.19419
vn 0.83304 0.51802 -0.19419
vn 0.96786 0.15979 -0.19419
vn 0.91809 0.34554 -0.19419
vn 0.91809 0.34554 0.19419
vn 0.70714 0.43972 0.55372
vn 0.70714 0.43972 0.55372
vn 0.91218 0.1506 0.38111
vn 0.86527 0.32567 0.38111
vn 0.82158 0.13564 0.55372
vn 0.77933 0.29332 0.55372
vn 0.78511 0.48821 0.38111
vn 0.86527 0.32567 0.38111
vn 0.77933 0.29332 0.55372
vn 0.71597 0.67058 0.19419
vn 0.57139 0.79737 -0.19419
vn 0.58248 0.81285 0
vn 0.71597 0.67058 -0.19419
vn 0.72986 0.68359 0
vn 0.57139 0.79737 0.19419
vn 0.71597 0.67058 0.19419
vn 0.8492 0.52807 0
vn 0.83304 0.51802 0.19419
vn 0.83304 0.51802 0.19419
vn 0.67478 0.632 0.38111
vn 0.67478 0.632 0.38111
vn 0.60776 0.56923 0.55372
vn 0.60776 0.56923 0.55372
vn 0.71597 0.67058 0.19419
vn 0.78511 0.48821 0.38111
vn 0.93591 0.35225 0
vn 0.96786 0.15979 0.19419
vn 0.91809 0.34554 0.19419
vn -0.01257 -0.38406 0.92322
vn 0.06259 -0.37913 0.92322
vn 0.06259 -0.37913 0.92322
vn 0.19635 -0.5217 0.83023
vn 0.13536 -0.35963 0.92322
vn 0.13536 -0.35963 0.92322
vn 0.20292 -0.32632 0.92322
vn 0.20292 -0.32632 0.92322
vn 0.13536 -0.35963 0.92322
vn 0.06904 -0.18344 0.9806
vn 0.1035 -0.16644 0.9806
vn 0.1035 -0.16644 0.9806
vn 0.13398 -0.14305 0.9806
vn 0.26268 -0.28046 0.92322
vn 0.13398 -0.14305 0.9806
vn 0.15932 -0.11416 0.9806
vn 0.17853 -0.08089 0.9806
vn 0.15932 -0.11416 0.9806
vn 0.17853 -0.08089 0.9806
vn 0.19088 -0.04451 0.9806
vn 0.29436 -0.47337 0.83023
vn 0.29436 -0.47337 0.83023
vn 0.38105 -0.40684 0.83023
vn 0.38105 -0.40684 0.83023
vn 0.26268 -0.28046 0.92322
vn 0.31235 -0.22382 0.92322
vn 0.31235 -0.22382 0.92322
vn 0.4531 -0.32469 0.83023
vn 0.57615 -0.41287 0.7054
vn 0.4531 -0.32469 0.83023
vn 0.50774 -0.23005 0.83023
vn 0.50774 -0.23005 0.83023
vn 0.35001 -0.15859 0.92322
vn 0.37422 -0.08726 0.92322
vn 0.19088 -0.04451 0.9806
vn 0.19589 -0.00641 0.9806
vn 0.35001 -0.15859 0.92322
vn 0.37422 -0.08726 0.92322
vn 0.38406 -0.01257 0.92322
vn 0.37913 0.06259 0.92322
vn 0.19589 -0.00641 0.9806
vn 0.19338 0.03193 0.9806
vn 0.38406 -0.01257 0.92322
vn 0.37913 0.06259 0.92322
vn 0.37913 0.06259 0.92322
vn 0.35963 0.13536 0.92322
vn 0.54286 -0.12658 0.83023
vn 0.54286 -0.12658 0.83023
vn 0.55713 -0.01824 0.83023
vn 0.55713 -0.01824 0.83023
vn 0.54998 0.0908 0.83023
vn 0.54998 0.0908 0.83023
vn 0.35963 0.13536 0.92322
vn 0.32632 0.20292 0.92322
vn 0.47337 0.29436 0.83023
vn 0.5217 0.19635 0.83023
vn 0.47337 0.29436 0.83023
vn 0.47337 0.29436 0.83023
vn 0.5217 0.19635 0.83023
vn 0.60192 0.3743 0.7054
vn 0.51734 0.48454 0.7054
vn 0.51734 0.48454 0.7054
vn 0.40684 0.38105 0.83023
vn 0.57615 -0.41287 0.7054
vn 0.64563 -0.29253 0.7054
vn 0.69029 -0.16095 0.7054
vn 0.64563 -0.29253 0.7054
vn 0.69029 -0.16095 0.7054
vn 0.70843 -0.02319 0.7054
vn 0.69934 0.11546 0.7054
vn 0.70843 -0.02319 0.7054
vn 0.69934 0.11546 0.7054
vn 0.66338 0.24968 0.7054
vn 0.66338 0.24968 0.7054
vn 0.60192 0.3743 0.7054
vn 0.33889 -0.18114 -0.92322
vn 0.36772 -0.11155 -0.92322
vn 0.38241 -0.03766 -0.92322
vn 0.36772 -0.11155 -0.92322
vn 0.38241 -0.03766 -0.92322
vn 0.39253 -0.73438 -0.55372
vn 0.26838 -0.88472 -0.38111
vn 0.26838 -0.88472 -0.38111
vn 0.28476 -0.93872 -0.19419
vn 0.24172 -0.79685 -0.55372
vn 0.29028 -0.95694 0
vn 0.28476 -0.93872 0.19419
vn 0.26838 -0.88472 0.38111
vn 0.26838 -0.88472 0.38111
vn 0.24172 -0.79685 0.55372
vn 0.39253 -0.73438 0.55372
vn 0.39253 -0.73438 -0.55372
vn 0.39253 -0.73438 -0.55372
vn 0.28476 -0.93872 -0.19419
vn 0.46242 -0.86513 -0.19419
vn 0.46242 -0.86513 -0.19419
vn 0.43582 -0.81536 -0.38111
vn 0.43582 -0.81536 -0.38111
vn 0.58652 -0.71467 -0.38111
vn 0.58652 -0.71467 -0.38111
vn 0.62232 -0.7583 -0.19419
vn 0.62232 -0.7583 -0.19419
vn 0.28476 -0.93872 0.19419
vn 0.46242 -0.86513 0.19419
vn 0.46242 -0.86513 0.19419
vn 0.63439 -0.77301 0
vn 0.62232 -0.7583 0.19419
vn 0.62232 -0.7583 0.19419
vn 0.43582 -0.81536 0.38111
vn 0.43582 -0.81536 0.38111
vn 0.39253 -0.73438 0.55372
vn 0.39253 -0.73438 0.55372
vn 0.58652 -0.71467 0.38111
vn 0.58652 -0.71467 0.38111
vn 0.77301 -0.63439 0
vn 0.33413 -0.62512 -0.7054
vn 0.26277 -0.4916 -0.83023
vn 0.35363 -0.43089 -0.83023
vn 0.44967 -0.54792 -0.7054
vn 0.33413 -0.62512 -0.7054
vn 0.52826 -0.64369 -0.55372
vn 0.44967 -0.54792 -0.7054
vn 0.35363 -0.43089 -0.83023
vn 0.43089 -0.35363 -0.83023
vn 0.43089 -0.35363 -0.83023
vn 0.52826 -0.64369 -0.55372
vn 0.64369 -0.52826 -0.55372
vn 0.54792 -0.44967 -0.7054
vn 0.62512 -0.33413 -0.7054
vn 0.54792 -0.44967 -0.7054
vn 0.64369 -0.52826 -0.55372
vn 0.29704 -0.24377 -0.92322
vn 0.43089 -0.35363 -0.83023
vn 0.33889 -0.18114 -0.92322
vn 0.4916 -0.26277 -0.83023
vn 0.53342 -0.16181 -0.83023
vn 0.4916 -0.26277 -0.83023
vn 0.67829 -0.20576 -0.7054
vn 0.62512 -0.33413 -0.7054
vn 0.53342 -0.16181 -0.83023
vn 0.55474 -0.05464 -0.83023
vn 0.55474 -0.05464 -0.83023
vn 0.73438 -0.39253 -0.55372
vn 0.73438 -0.39253 -0.55372
vn 0.71467 -0.58652 -0.38111
vn 0.71467 -0.58652 -0.38111
vn 0.7583 -0.62232 -0.19419
vn 0.7583 -0.62232 -0.19419
vn 0.81536 -0.43582 -0.38111
vn 0.81536 -0.43582 -0.38111
vn 0.86513 -0.46242 -0.19419
vn 0.86513 -0.46242 -0.19419
vn 0.67829 -0.20576 -0.7054
vn 0.79685 -0.24172 -0.55372
vn 0.79685 -0.24172 -0.55372
vn 0.7054 -0.06948 -0.7054
vn 0.7054 -0.06948 -0.7054
vn 0.8287 -0.08162 -0.55372
vn 0.8287 -0.08162 -0.55372
vn 0.88472 -0.26838 -0.38111
vn 0.88472 -0.26838 -0.38111
vn 0.93872 -0.28476 -0.19419
vn 0.93872 -0.28476 -0.19419
vn 0.92008 -0.09062 -0.38111
vn 0.92008 -0.09062 -0.38111
vn 0.97624 -0.09615 -0.19419
vn 0.97624 -0.09615 -0.19419
vn 0.52826 -0.64369 0.55372
vn 0.52826 -0.64369 0.55372
vn 0.64369 -0.52826 0.55372
vn 0.64369 -0.52826 0.55372
vn 0.7583 -0.62232 0.19419
vn 0.7583 -0.62232 0.19419
vn 0.86513 -0.46242 0.19419
vn 0.86513 -0.46242 0.19419
vn 0.71467 -0.58652 0.38111
vn 0.71467 -0.58652 0.38111
vn 0.81536 -0.43582 0.38111
vn 0.81536 -0.43582 0.38111
vn 0.73438 -0.39253 0.55372
vn 0.73438 -0.39253 0.55372
vn 0.95694 -0.29028 0
vn 0.93872 -0.28476 0.19419
vn 0.93872 -0.28476 0.19419
vn 0.99518 -0.09802 0
vn 0.97624 -0.09615 0.19419
vn 0.97624 -0.09615 0.19419
vn 0.79685 -0.24172 0.55372
vn 0.79685 -0.24172 0.55372
vn 0.8287 -0.08162 0.55372
vn 0.88472 -0.26838 0.38111
vn 0.88472 -0.26838 0.38111
vn 0.92008 -0.09062 0.38111
vn 0.92008 -0.09062 0.38111
vn 0.8287 -0.08162 0.55372
vn 0.33413 -0.62512 0.7054
vn 0.33413 -0.62512 0.7054
vn 0.44967 -0.54792 0.7054
vn 0.26277 -0.4916 0.83023
vn 0.44967 -0.54792 0.7054
vn 0.35363 -0.43089 0.83023
vn 0.35363 -0.43089 0.83023
vn 0.43089 -0.35363 0.83023
vn 0.43089 -0.35363 0.83023
vn 0.54792 -0.44967 0.7054
vn 0.54792 -0.44967 0.7054
vn 0.62512 -0.33413 0.7054
vn 0.43089 -0.35363 0.83023
vn 0.29704 -0.24377 0.92322
vn 0.33889 -0.18114 0.92322
vn 0.33889 -0.18114 0.92322
vn 0.4916 -0.26277 0.83023
vn 0.53342 -0.16181 0.83023
vn 0.36772 -0.11155 0.92322
vn 0.38241 -0.03766 0.92322
vn 0.36772 -0.11155 0.92322
vn 0.38241 -0.03766 0.92322
vn 0.62512 -0.33413 0.7054
vn 0.67829 -0.20576 0.7054
vn 0.4916 -0.26277 0.83023
vn 0.53342 -0.16181 0.83023
vn 0.55474 -0.05464 0.83023
vn 0.55474 -0.05464 0.83023
vn 0.67829 -0.20576 0.7054
vn 0.7054 -0.06948 0.7054
vn 0.7054 -0.06948 0.7054
vn 0.03766 0.38241 -0.92322
vn 0.03766 0.38241 -0.92322
vn 0.11155 0.36772 -0.92322
vn 0.11155 0.36772 -0.92322
vn 0.18114 0.33889 -0.92322
vn 0.05464 0.55474 -0.83023
vn 0.05464 0.55474 -0.83023
vn 0.16181 0.53342 -0.83023
vn 0.18114 0.33889 -0.92322
vn 0.26277 0.4916 -0.83023
vn 0.24377 0.29704 -0.92322
vn 0.35363 0.43089 -0.83023
vn 0.35363 0.43089 -0.83023
vn 0.26277 0.4916 -0.83023
vn 0.16181 0.53342 -0.83023
vn 0.20576 0.67829 -0.7054
vn 0.33413 0.62512 -0.7054
vn 0.06948 0.7054 -0.7054
vn 0.08162 0.8287 -0.55372
vn 0.06948 0.7054 -0.7054
vn 0.08162 0.8287 -0.55372
vn 0.20576 0.67829 -0.7054
vn 0.24172 0.79685 -0.55372
vn 0.24172 0.79685 -0.55372
vn 0.09062 0.92008 -0.38111
vn 0.09062 0.92008 -0.38111
vn 0.09615 0.97624 -0.19419
vn 0.09615 0.97624 -0.19419
vn 0.26838 0.88472 -0.38111
vn 0.26838 0.88472 -0.38111
vn 0.28476 0.93872 -0.19419
vn 0.28476 0.93872 -0.19419
vn 0.35363 0.43089 -0.83023
vn 0.43089 0.35363 -0.83023
vn 0.44967 0.54792 -0.7054
vn 0.33413 0.62512 -0.7054
vn 0.44967 0.54792 -0.7054
vn 0.52826 0.64369 -0.55372
vn 0.4916 0.26277 -0.83023
vn 0.43089 0.35363 -0.83023
vn 0.54792 0.44967 -0.7054
vn 0.62512 0.33413 -0.7054
vn 0.62512 0.33413 -0.7054
vn 0.54792 0.44967 -0.7054
vn 0.64369 0.52826 -0.55372
vn 0.52826 0.64369 -0.55372
vn 0.64369 0.52826 -0.55372
vn 0.39253 0.73438 -0.55372
vn 0.39253 0.73438 -0.55372
vn 0.43582 0.81536 -0.38111
vn 0.43582 0.81536 -0.38111
vn 0.46242 0.86513 -0.19419
vn 0.46242 0.86513 -0.19419
vn 0.58652 0.71467 -0.38111
vn 0.58652 0.71467 -0.38111
vn 0.62232 0.7583 -0.19419
vn 0.62232 0.7583 -0.19419
vn 0.09802 0.99518 0
vn 0.09615 0.97624 0.19419
vn 0.09615 0.97624 0.19419
vn 0.29028 0.95694 0
vn 0.28476 0.93872 0.19419
vn 0.28476 0.93872 0.19419
vn 0.08162 0.8287 0.55372
vn 0.09062 0.92008 0.38111
vn 0.09062 0.92008 0.38111
vn 0.08162 0.8287 0.55372
vn 0.24172 0.79685 0.55372
vn 0.24172 0.79685 0.55372
vn 0.26838 0.88472 0.38111
vn 0.26838 0.88472 0.38111
vn 0.52826 0.64369 0.55372
vn 0.64369 0.52826 0.55372
vn 0.52826 0.64369 0.55372
vn 0.64369 0.52826 0.55372
vn 0.4714 0.88192 0
vn 0.46242 0.86513 0.19419
vn 0.46242 0.86513 0.19419
vn 0.63439 0.77301 0
vn 0.62232 0.7583 0.19419
vn 0.62232 0.7583 0.19419
vn 0.43582 0.81536 0.38111
vn 0.43582 0.81536 0.38111
vn 0.39253 0.73438 0.55372
vn 0.39253 0.73438 0.55372
vn 0.58652 0.71467 0.38111
vn 0.58652 0.71467 0.38111
vn 0.73438 0.39253 -0.55372
vn 0.79685 0.24172 -0.55372
vn 0.88472 0.26838 -0.38111
vn 0.88472 0.26838 -0.38111
vn 0.93872 0.28476 -0.19419
vn 0.95694 0.29028 0
vn 0.93872 0.28476 0.19419
vn 0.79685 0.24172 0.55372
vn 0.73438 0.39253 0.55372
vn 0.88472 0.26838 0.38111
vn 0.88472 0.26838 0.38111
vn 0.73438 0.39253 -0.55372
vn 0.73438 0.39253 -0.55372
vn 0.81536 0.43582 -0.38111
vn 0.81536 0.43582 -0.38111
vn 0.71467 0.58652 -0.38111
vn 0.71467 0.58652 -0.38111
vn 0.7583 0.62232 -0.19419
vn 0.7583 0.62232 -0.19419
vn 0.86513 0.46242 -0.19419
vn 0.86513 0.46242 -0.19419
vn 0.93872 0.28476 -0.19419
vn 0.77301 0.63439 0
vn 0.7583 0.62232 0.19419
vn 0.7583 0.62232 0.19419
vn 0.88192 0.4714 0
vn 0.86513 0.46242 0.19419
vn 0.86513 0.46242 0.19419
vn 0.93872 0.28476 0.19419
vn 0.81536 0.43582 0.38111
vn 0.81536 0.43582 0.38111
vn 0.73438 0.39253 0.55372
vn 0.73438 0.39253 0.55372
vn 0.71467 0.58652 0.38111
vn 0.71467 0.58652 0.38111
vn 0.03766 0.38241 0.92322
vn 0.03766 0.38241 0.92322
vn 0.11155 0.36772 0.92322
vn 0.11155 0.36772 0.92322
vn 0.05464 0.55474 0.83023
vn 0.05464 0.55474 0.83023
vn 0.16181 0.53342 0.83023
vn 0.18114 0.33889 0.92322
vn 0.18114 0.33889 0.92322
vn 0.26277 0.4916 0.83023
vn 0.24377 0.29704 0.92322
vn 0.26277 0.4916 0.83023
vn 0.35363 0.43089 0.83023
vn 0.20576 0.67829 0.7054
vn 0.33413 0.62512 0.7054
vn 0.16181 0.53342 0.83023
vn 0.06948 0.7054 0.7054
vn 0.06948 0.7054 0.7054
vn 0.20576 0.67829 0.7054
vn 0.35363 0.43089 0.83023
vn 0.35363 0.43089 0.83023
vn 0.43089 0.35363 0.83023
vn 0.43089 0.35363 0.83023
vn 0.33413 0.62512 0.7054
vn 0.44967 0.54792 0.7054
vn 0.44967 0.54792 0.7054
vn 0.62512 0.33413 0.7054
vn 0.4916 0.26277 0.83023
vn 0.54792 0.44967 0.7054
vn 0.62512 0.33413 0.7054
vn 0.54792 0.44967 0.7054
vn -0.20292 0.32632 -0.92322
vn -0.13536 0.35963 -0.92322
vn 0.04451 0.19088 -0.9806
vn 0.08089 0.17853 -0.9806
vn 0.11416 0.15932 -0.9806
vn 0.08089 0.17853 -0.9806
vn 0.11416 0.15932 -0.9806
vn -0.06259 0.37913 -0.92322
vn -0.13536 0.35963 -0.92322
vn -0.03193 0.19338 -0.9806
vn 0.00641 0.19589 -0.9806
vn -0.06259 0.37913 -0.92322
vn -0.06259 0.37913 -0.92322
vn 0.01257 0.38406 -0.92322
vn 0.00641 0.19589 -0.9806
vn 0.04451 0.19088 -0.9806
vn 0.01257 0.38406 -0.92322
vn 0.08726 0.37422 -0.92322
vn 0.15859 0.35001 -0.92322
vn 0.08726 0.37422 -0.92322
vn 0.16644 0.1035 -0.9806
vn 0.16644 0.1035 -0.9806
vn 0.14305 0.13398 -0.9806
vn 0.14305 0.13398 -0.9806
vn 0.28046 0.26268 -0.92322
vn 0.18344 0.06904 -0.9806
vn 0.35963 0.13536 -0.92322
vn 0.35963 0.13536 -0.92322
vn 0.32632 0.20292 -0.92322
vn 0.37913 0.06259 -0.92322
vn 0.38406 -0.01257 -0.92322
vn 0.37913 0.06259 -0.92322
vn 0.35963 0.13536 -0.92322
vn 0.32632 0.20292 -0.92322
vn 0.22382 0.31235 -0.92322
vn 0.22382 0.31235 -0.92322
vn 0.15859 0.35001 -0.92322
vn 0.28046 0.26268 -0.92322
vn -0.48454 0.51734 -0.7054
vn -0.38105 0.40684 -0.83023
vn -0.29436 0.47337 -0.83023
vn -0.48454 0.51734 -0.7054
vn -0.29436 0.47337 -0.83023
vn -0.29436 0.47337 -0.83023
vn -0.19635 0.5217 -0.83023
vn -0.19635 0.5217 -0.83023
vn -0.56923 0.60776 -0.55372
vn -0.56923 0.60776 -0.55372
vn -0.632 0.67478 -0.38111
vn -0.67058 0.71597 -0.19419
vn -0.632 0.67478 -0.38111
vn -0.67058 0.71597 -0.19419
vn -0.48821 0.78511 -0.38111
vn -0.51802 0.83304 -0.19419
vn -0.51802 0.83304 -0.19419
vn -0.3743 0.60192 -0.7054
vn -0.43972 0.70714 -0.55372
vn -0.43972 0.70714 -0.55372
vn -0.3743 0.60192 -0.7054
vn -0.29332 0.77933 -0.55372
vn -0.24968 0.66338 -0.7054
vn -0.24968 0.66338 -0.7054
vn -0.29332 0.77933 -0.55372
vn -0.13564 0.82158 -0.55372
vn -0.48821 0.78511 -0.38111
vn -0.32567 0.86527 -0.38111
vn -0.34554 0.91809 -0.19419
vn -0.32567 0.86527 -0.38111
vn -0.1506 0.91218 -0.38111
vn -0.34554 0.91809 -0.19419
vn -0.15979 0.96786 -0.19419
vn -0.79737 0.57139 -0.19419
vn -0.81285 0.58248 0
vn -0.67058 0.71597 -0.19419
vn -0.68359 0.72986 0
vn -0.79737 0.57139 0.19419
vn -0.67058 0.71597 0.19419
vn -0.67058 0.71597 0.19419
vn -0.52807 0.8492 0
vn -0.51802 0.83304 0.19419
vn -0.51802 0.83304 0.19419
vn -0.67058 0.71597 0.19419
vn -0.632 0.67478 0.38111
vn -0.632 0.67478 0.38111
vn -0.56923 0.60776 0.55372
vn -0.56923 0.60776 0.55372
vn -0.48821 0.78511 0.38111
vn -0.34554 0.91809 0.19419
vn -0.43972 0.70714 0.55372
vn -0.43972 0.70714 0.55372
vn -0.48821 0.78511 0.38111
vn -0.32567 0.86527 0.38111
vn -0.29332 0.77933 0.55372
vn -0.32567 0.86527 0.38111
vn -0.1506 0.91218 0.38111
vn -0.29332 0.77933 0.55372
vn -0.13564 0.82158 0.55372
vn -0.34554 0.91809 0.19419
vn -0.15979 0.96786 0.19419
vn -0.0908 0.54998 -0.83023
vn -0.0908 0.54998 -0.83023
vn 0.01824 0.55713 -0.83023
vn 0.01824 0.55713 -0.83023
vn 0.12658 0.54286 -0.83023
vn 0.12658 0.54286 -0.83023
vn 0.5217 0.19635 -0.83023
vn 0.23005 0.50774 -0.83023
vn 0.23005 0.50774 -0.83023
vn 0.32469 0.4531 -0.83023
vn 0.40684 0.38105 -0.83023
vn 0.47337 0.29436 -0.83023
vn 0.40684 0.38105 -0.83023
vn 0.32469 0.4531 -0.83023
vn 0.41287 0.57615 -0.7054
vn 0.51734 0.48454 -0.7054
vn 0.41287 0.57615 -0.7054
vn -0.11546 0.69934 -0.7054
vn 0.02319 0.70843 -0.7054
vn -0.11546 0.69934 -0.7054
vn -0.13564 0.82158 -0.55372
vn 0.02725 0.83226 -0.55372
vn 0.16095 0.69029 -0.7054
vn 0.02319 0.70843 -0.7054
vn 0.02725 0.83226 -0.55372
vn 0.18909 0.81095 -0.55372
vn -0.1506 0.91218 -0.38111
vn 0.03025 0.92404 -0.38111
vn -0.15979 0.96786 -0.19419
vn 0.0321 0.98044 -0.19419
vn 0.03025 0.92404 -0.38111
vn 0.0321 0.98044 -0.19419
vn 0.29253 0.64563 -0.7054
vn 0.16095 0.69029 -0.7054
vn 0.29253 0.64563 -0.7054
vn 0.34366 0.75848 -0.55372
vn 0.18909 0.81095 -0.55372
vn 0.48503 0.67686 -0.55372
vn 0.34366 0.75848 -0.55372
vn 0.20994 0.90038 -0.38111
vn 0.20994 0.90038 -0.38111
vn 0.38156 0.84212 -0.38111
vn 0.38156 0.84212 -0.38111
vn 0.40485 0.89353 -0.19419
vn 0.40485 0.89353 -0.19419
vn 0.22275 0.95534 -0.19419
vn 0.22275 0.95534 -0.19419
vn -0.1506 0.91218 0.38111
vn 0.03025 0.92404 0.38111
vn -0.13564 0.82158 0.55372
vn 0.02725 0.83226 0.55372
vn 0.02725 0.83226 0.55372
vn 0.18909 0.81095 0.55372
vn 0.03272 0.99946 0
vn -0.15979 0.96786 0.19419
vn 0.0321 0.98044 0.19419
vn 0.0321 0.98044 0.19419
vn 0.03025 0.92404 0.38111
vn 0.41271 0.91086 0
vn 0.40485 0.89353 0.19419
vn 0.40485 0.89353 0.19419
vn 0.34366 0.75848 0.55372
vn 0.20994 0.90038 0.38111
vn 0.20994 0.90038 0.38111
vn 0.18909 0.81095 0.55372
vn 0.48503 0.67686 0.55372
vn 0.38156 0.84212 0.38111
vn 0.38156 0.84212 0.38111
vn 0.34366 0.75848 0.55372
vn 0.22708 0.97388 0
vn 0.22275 0.95534 0.19419
vn 0.22275 0.95534 0.19419
vn -0.48454 0.51734 0.7054
vn -0.48454 0.51734 0.7054
vn -0.29436 0.47337 0.83023
vn -0.38105 0.40684 0.83023
vn -0.29436 0.47337 0.83023
vn -0.20292 0.32632 0.92322
vn -0.13536 0.35963 0.92322
vn -0.29436 0.47337 0.83023
vn -0.19635 0.5217 0.83023
vn -0.19635 0.5217 0.83023
vn -0.3743 0.60192 0.7054
vn -0.3743 0.60192 0.7054
vn -0.24968 0.66338 0.7054
vn -0.24968 0.66338 0.7054
vn 0.04451 0.19088 0.9806
vn 0.08089 0.17853 0.9806
vn 0.08089 0.17853 0.9806
vn 0.11416 0.15932 0.9806
vn 0.11416 0.15932 0.9806
vn -0.06259 0.37913 0.92322
vn -0.13536 0.35963 0.92322
vn -0.06259 0.37913 0.92322
vn 0.00641 0.19589 0.9806
vn -0.03193 0.19338 0.9806
vn 0.01257 0.38406 0.92322
vn -0.06259 0.37913 0.92322
vn -0.0908 0.54998 0.83023
vn 0.01824 0.55713 0.83023
vn -0.0908 0.54998 0.83023
vn 0.04451 0.19088 0.9806
vn 0.00641 0.19589 0.9806
vn 0.01257 0.38406 0.92322
vn 0.08726 0.37422 0.92322
vn 0.15859 0.35001 0.92322
vn 0.08726 0.37422 0.92322
vn 0.01824 0.55713 0.83023
vn 0.12658 0.54286 0.83023
vn 0.12658 0.54286 0.83023
vn 0.16644 0.1035 0.9806
vn 0.16644 0.1035 0.9806
vn 0.28046 0.26268 0.92322
vn 0.14305 0.13398 0.9806
vn 0.14305 0.13398 0.9806
vn 0.35963 0.13536 0.92322
vn 0.18344 0.06904 0.9806
vn 0.32632 0.20292 0.92322
vn 0.37913 0.06259 0.92322
vn 0.38406 -0.01257 0.92322
vn 0.37913 0.06259 0.92322
vn 0.35963 0.13536 0.92322
vn 0.35963 0.13536 0.92322
vn 0.32632 0.20292 0.92322
vn 0.5217 0.19635 0.83023
vn 0.22382 0.31235 0.92322
vn 0.22382 0.31235 0.92322
vn 0.15859 0.35001 0.92322
vn 0.28046 0.26268 0.92322
vn 0.23005 0.50774 0.83023
vn 0.23005 0.50774 0.83023
vn 0.32469 0.4531 0.83023
vn 0.40684 0.38105 0.83023
vn 0.47337 0.29436 0.83023
vn 0.40684 0.38105 0.83023
vn 0.41287 0.57615 0.7054
vn 0.51734 0.48454 0.7054
vn 0.41287 0.57615 0.7054
vn 0.32469 0.4531 0.83023
vn -0.11546 0.69934 0.7054
vn -0.11546 0.69934 0.7054
vn 0.02319 0.70843 0.7054
vn 0.02319 0.70843 0.7054
vn 0.16095 0.69029 0.7054
vn 0.16095 0.69029 0.7054
vn 0.29253 0.64563 0.7054
vn 0.29253 0.64563 0.7054
vn 0.38241 0.03766 -0.92322
vn 0.36772 0.11155 -0.92322
vn 0.38241 0.03766 -0.92322
vn 0.36772 0.11155 -0.92322
vn 0.33889 0.18114 -0.92322
vn 0.33889 0.18114 -0.92322
vn 0.39253 0.73438 -0.55372
vn 0.24172 0.79685 -0.55372
vn 0.26838 0.88472 -0.38111
vn 0.26838 0.88472 -0.38111
vn 0.28476 0.93872 -0.19419
vn 0.29028 0.95694 0
vn 0.28476 0.93872 0.19419
vn 0.24172 0.79685 0.55372
vn 0.39253 0.73438 0.55372
vn 0.26838 0.88472 0.38111
vn 0.26838 0.88472 0.38111
vn 0.29704 0.24377 -0.92322
vn 0.43089 0.35363 -0.83023
vn 0.53342 0.16181 -0.83023
vn 0.4916 0.26277 -0.83023
vn 0.55474 0.05464 -0.83023
vn 0.55474 0.05464 -0.83023
vn 0.53342 0.16181 -0.83023
vn 0.4916 0.26277 -0.83023
vn 0.67829 0.20576 -0.7054
vn 0.62512 0.33413 -0.7054
vn 0.43089 0.35363 -0.83023
vn 0.35363 0.43089 -0.83023
vn 0.35363 0.43089 -0.83023
vn 0.43089 0.35363 -0.83023
vn 0.26277 0.4916 -0.83023
vn 0.44967 0.54792 -0.7054
vn 0.33413 0.62512 -0.7054
vn 0.33413 0.62512 -0.7054
vn 0.44967 0.54792 -0.7054
vn 0.52826 0.64369 -0.55372
vn 0.62512 0.33413 -0.7054
vn 0.54792 0.44967 -0.7054
vn 0.54792 0.44967 -0.7054
vn 0.64369 0.52826 -0.55372
vn 0.52826 0.64369 -0.55372
vn 0.64369 0.52826 -0.55372
vn 0.7054 0.06948 -0.7054
vn 0.7054 0.06948 -0.7054
vn 0.8287 0.08162 -0.55372
vn 0.67829 0.20576 -0.7054
vn 0.79685 0.24172 -0.55372
vn 0.79685 0.24172 -0.55372
vn 0.8287 0.08162 -0.55372
vn 0.92008 0.09062 -0.38111
vn 0.92008 0.09062 -0.38111
vn 0.97624 0.09615 -0.19419
vn 0.97624 0.09615 -0.19419
vn 0.88472 0.26838 -0.38111
vn 0.88472 0.26838 -0.38111
vn 0.93872 0.28476 -0.19419
vn 0.93872 0.28476 -0.19419
vn 0.73438 0.39253 -0.55372
vn 0.73438 0.39253 -0.55372
vn 0.81536 0.43582 -0.38111
vn 0.81536 0.43582 -0.38111
vn 0.71467 0.58652 -0.38111
vn 0.71467 0.58652 -0.38111
vn 0.7583 0.62232 -0.19419
vn 0.7583 0.62232 -0.19419
vn 0.86513 0.46242 -0.19419
vn 0.86513 0.46242 -0.19419
vn 0.52826 0.64369 0.55372
vn 0.64369 0.52826 0.55372
vn 0.52826 0.64369 0.55372
vn 0.64369 0.52826 0.55372
vn 0.99518 0.09802 0
vn 0.97624 0.09615 0.19419
vn 0.97624 0.09615 0.19419
vn 0.95694 0.29028 0
vn 0.93872 0.28476 0.19419
vn 0.93872 0.28476 0.19419
vn 0.8287 0.08162 0.55372
vn 0.79685 0.24172 0.55372
vn 0.79685 0.24172 0.55372
vn 0.92008 0.09062 0.38111
vn 0.92008 0.09062 0.38111
vn 0.8287 0.08162 0.55372
vn 0.88472 0.26838 0.38111
vn 0.88472 0.26838 0.38111
vn 0.77301 0.63439 0
vn 0.7583 0.62232 0.19419
vn 0.7583 0.62232 0.19419
vn 0.86513 0.46242 0.19419
vn 0.86513 0.46242 0.19419
vn 0.81536 0.43582 0.38111
vn 0.81536 0.43582 0.38111
vn 0.73438 0.39253 0.55372
vn 0.73438 0.39253 0.55372
vn 0.71467 0.58652 0.38111
vn 0.71467 0.58652 0.38111
vn 0.39253 0.73438 -0.55372
vn 0.39253 0.73438 -0.55372
vn 0.43582 0.81536 -0.38111
vn 0.43582 0.81536 -0.38111
vn 0.28476 0.93872 -0.19419
vn 0.46242 0.86513 -0.19419
vn 0.46242 0.86513 -0.19419
vn 0.58652 0.71467 -0.38111
vn 0.58652 0.71467 -0.38111
vn 0.62232 0.7583 -0.19419
vn 0.62232 0.7583 -0.19419
vn 0.28476 0.93872 0.19419
vn 0.46242 0.86513 0.19419
vn 0.46242 0.86513 0.19419
vn 0.63439 0.77301 0
vn 0.62232 0.7583 0.19419
vn 0.62232 0.7583 0.19419
vn 0.43582 0.81536 0.38111
vn 0.43582 0.81536 0.38111
vn 0.39253 0.73438 0.55372
vn 0.39253 0.73438 0.55372
vn 0.58652 0.71467 0.38111
vn 0.58652 0.71467 0.38111
vn 0.38241 0.03766 0.92322
vn 0.36772 0.11155 0.92322
vn 0.38241 0.03766 0.92322
vn 0.36772 0.11155 0.92322
vn 0.33889 0.18114 0.92322
vn 0.33889 0.18114 0.92322
vn 0.43089 0.35363 0.83023
vn 0.29704 0.24377 0.92322
vn 0.53342 0.16181 0.83023
vn 0.4916 0.26277 0.83023
vn 0.55474 0.05464 0.83023
vn 0.55474 0.05464 0.83023
vn 0.53342 0.16181 0.83023
vn 0.67829 0.20576 0.7054
vn 0.62512 0.33413 0.7054
vn 0.4916 0.26277 0.83023
vn 0.43089 0.35363 0.83023
vn 0.35363 0.43089 0.83023
vn 0.43089 0.35363 0.83023
vn 0.44967 0.54792 0.7054
vn 0.26277 0.4916 0.83023
vn 0.35363 0.43089 0.83023
vn 0.33413 0.62512 0.7054
vn 0.33413 0.62512 0.7054
vn 0.44967 0.54792 0.7054
vn 0.62512 0.33413 0.7054
vn 0.54792 0.44967 0.7054
vn 0.54792 0.44967 0.7054
vn 0.7054 0.06948 0.7054
vn 0.7054 0.06948 0.7054
vn 0.67829 0.20576 0.7054
vn 0.32632 -0.20292 -0.92322
vn 0.35963 -0.13536 -0.92322
vn 0.19088 0.04451 -0.9806
vn 0.17853 0.08089 -0.9806
vn 0.15932 0.11416 -0.9806
vn 0.17853 0.08089 -0.9806
vn 0.15932 0.11416 -0.9806
vn 0.06259 0.37913 -0.92322
vn 0.06259 0.37913 -0.92322
vn -0.01257 0.38406 -0.92322
vn 0.1035 0.16644 -0.9806
vn 0.13398 0.14305 -0.9806
vn 0.1035 0.16644 -0.9806
vn 0.06904 0.18344 -0.9806
vn 0.13536 0.35963 -0.92322
vn 0.20292 0.32632 -0.92322
vn 0.13398 0.14305 -0.9806
vn 0.26268 0.28046 -0.92322
vn 0.13536 0.35963 -0.92322
vn 0.13536 0.35963 -0.92322
vn 0.20292 0.32632 -0.92322
vn 0.19338 -0.03193 -0.9806
vn 0.19589 0.00641 -0.9806
vn 0.37913 -0.06259 -0.92322
vn 0.35963 -0.13536 -0.92322
vn 0.37913 -0.06259 -0.92322
vn 0.37913 -0.06259 -0.92322
vn 0.38406 0.01257 -0.92322
vn 0.19589 0.00641 -0.9806
vn 0.19088 0.04451 -0.9806
vn 0.37422 0.08726 -0.92322
vn 0.35001 0.15859 -0.92322
vn 0.38406 0.01257 -0.92322
vn 0.37422 0.08726 -0.92322
vn 0.35001 0.15859 -0.92322
vn 0.31235 0.22382 -0.92322
vn 0.31235 0.22382 -0.92322
vn 0.26268 0.28046 -0.92322
vn 0.47337 -0.29436 -0.83023
vn 0.40684 -0.38105 -0.83023
vn 0.51734 -0.48454 -0.7054
vn 0.60192 -0.3743 -0.7054
vn 0.51734 -0.48454 -0.7054
vn 0.47337 -0.29436 -0.83023
vn 0.47337 -0.29436 -0.83023
vn 0.5217 -0.19635 -0.83023
vn 0.5217 -0.19635 -0.83023
vn 0.19635 0.5217 -0.83023
vn 0.54998 -0.0908 -0.83023
vn 0.54998 -0.0908 -0.83023
vn 0.55713 0.01824 -0.83023
vn 0.55713 0.01824 -0.83023
vn 0.54286 0.12658 -0.83023
vn 0.54286 0.12658 -0.83023
vn 0.4531 0.32469 -0.83023
vn 0.29436 0.47337 -0.83023
vn 0.29436 0.47337 -0.83023
vn 0.38105 0.40684 -0.83023
vn 0.38105 0.40684 -0.83023
vn 0.50774 0.23005 -0.83023
vn 0.4531 0.32469 -0.83023
vn 0.50774 0.23005 -0.83023
vn 0.57615 0.41287 -0.7054
vn 0.60776 -0.56923 -0.55372
vn 0.60776 -0.56923 -0.55372
vn 0.71597 -0.67058 -0.19419
vn 0.67478 -0.632 -0.38111
vn 0.67478 -0.632 -0.38111
vn 0.71597 -0.67058 -0.19419
vn 0.78511 -0.48821 -0.38111
vn 0.83304 -0.51802 -0.19419
vn 0.83304 -0.51802 -0.19419
vn 0.60192 -0.3743 -0.7054
vn 0.70714 -0.43972 -0.55372
vn 0.70714 -0.43972 -0.55372
vn 0.66338 -0.24968 -0.7054
vn 0.66338 -0.24968 -0.7054
vn 0.77933 -0.29332 -0.55372
vn 0.77933 -0.29332 -0.55372
vn 0.82158 -0.13564 -0.55372
vn 0.78511 -0.48821 -0.38111
vn 0.86527 -0.32567 -0.38111
vn 0.91809 -0.34554 -0.19419
vn 0.86527 -0.32567 -0.38111
vn 0.91218 -0.1506 -0.38111
vn 0.91809 -0.34554 -0.19419
vn 0.96786 -0.15979 -0.19419
vn 0.57139 -0.79737 -0.19419
vn 0.58248 -0.81285 0
vn 0.71597 -0.67058 -0.19419
vn 0.72986 -0.68359 0
vn 0.57139 -0.79737 0.19419
vn 0.71597 -0.67058 0.19419
vn 0.71597 -0.67058 0.19419
vn 0.71597 -0.67058 0.19419
vn 0.8492 -0.52807 0
vn 0.83304 -0.51802 0.19419
vn 0.83304 -0.51802 0.19419
vn 0.67478 -0.632 0.38111
vn 0.67478 -0.632 0.38111
vn 0.60776 -0.56923 0.55372
vn 0.60776 -0.56923 0.55372
vn 0.78511 -0.48821 0.38111
vn 0.91809 -0.34554 0.19419
vn 0.70714 -0.43972 0.55372
vn 0.70714 -0.43972 0.55372
vn 0.78511 -0.48821 0.38111
vn 0.86527 -0.32567 0.38111
vn 0.77933 -0.29332 0.55372
vn 0.86527 -0.32567 0.38111
vn 0.91218 -0.1506 0.38111
vn 0.77933 -0.29332 0.55372
vn 0.82158 -0.13564 0.55372
vn 0.91809 -0.34554 0.19419
vn 0.96786 -0.15979 0.19419
vn 0.69934 -0.11546 -0.7054
vn 0.70843 0.02319 -0.7054
vn 0.69934 -0.11546 -0.7054
vn 0.70843 0.02319 -0.7054
vn 0.69029 0.16095 -0.7054
vn 0.82158 -0.13564 -0.55372
vn 0.83226 0.02725 -0.55372
vn 0.81095 0.18909 -0.55372
vn 0.83226 0.02725 -0.55372
vn 0.91218 -0.1506 -0.38111
vn 0.92404 0.03025 -0.38111
vn 0.69029 0.16095 -0.7054
vn 0.64563 0.29253 -0.7054
vn 0.64563 0.29253 -0.7054
vn 0.75848 0.34366 -0.55372
vn 0.57615 0.41287 -0.7054
vn 0.67686 0.48503 -0.55372
vn 0.81095 0.18909 -0.55372
vn 0.75848 0.34366 -0.55372
vn 0.90038 0.20994 -0.38111
vn 0.90038 0.20994 -0.38111
vn 0.84212 0.38156 -0.38111
vn 0.84212 0.38156 -0.38111
vn 0.89353 0.40485 -0.19419
vn 0.89353 0.40485 -0.19419
vn 0.96786 -0.15979 -0.19419
vn 0.98044 0.0321 -0.19419
vn 0.92404 0.03025 -0.38111
vn 0.98044 0.0321 -0.19419
vn 0.95534 0.22275 -0.19419
vn 0.95534 0.22275 -0.19419
vn 0.91218 -0.1506 0.38111
vn 0.92404 0.03025 0.38111
vn 0.82158 -0.13564 0.55372
vn 0.83226 0.02725 0.55372
vn 0.81095 0.18909 0.55372
vn 0.83226 0.02725 0.55372
vn 0.91086 0.41271 0
vn 0.89353 0.40485 0.19419
vn 0.89353 0.40485 0.19419
vn 0.75848 0.34366 0.55372
vn 0.67686 0.48503 0.55372
vn 0.90038 0.20994 0.38111
vn 0.90038 0.20994 0.38111
vn 0.81095 0.18909 0.55372
vn 0.84212 0.38156 0.38111
vn 0.84212 0.38156 0.38111
vn 0.75848 0.34366 0.55372
vn 0.99946 0.03272 0
vn 0.96786 -0.15979 0.19419
vn 0.98044 0.0321 0.19419
vn 0.98044 0.0321 0.19419
vn 0.92404 0.03025 0.38111
vn 0.97388 0.22708 0
vn 0.95534 0.22275 0.19419
vn 0.95534 0.22275 0.19419
vn 0.47337 -0.29436 0.83023
vn 0.32632 -0.20292 0.92322
vn 0.51734 -0.48454 0.7054
vn 0.51734 -0.48454 0.7054
vn 0.60192 -0.3743 0.7054
vn 0.40684 -0.38105 0.83023
vn 0.47337 -0.29436 0.83023
vn 0.47337 -0.29436 0.83023
vn 0.5217 -0.19635 0.83023
vn 0.5217 -0.19635 0.83023
vn 0.19088 0.04451 0.9806
vn 0.17853 0.08089 0.9806
vn 0.17853 0.08089 0.9806
vn 0.15932 0.11416 0.9806
vn 0.15932 0.11416 0.9806
vn 0.06259 0.37913 0.92322
vn 0.06259 0.37913 0.92322
vn -0.01257 0.38406 0.92322
vn 0.1035 0.16644 0.9806
vn 0.1035 0.16644 0.9806
vn 0.20292 0.32632 0.92322
vn 0.13536 0.35963 0.92322
vn 0.06904 0.18344 0.9806
vn 0.13398 0.14305 0.9806
vn 0.13398 0.14305 0.9806
vn 0.26268 0.28046 0.92322
vn 0.13536 0.35963 0.92322
vn 0.13536 0.35963 0.92322
vn 0.19635 0.5217 0.83023
vn 0.20292 0.32632 0.92322
vn 0.37913 -0.06259 0.92322
vn 0.19338 -0.03193 0.9806
vn 0.19589 0.00641 0.9806
vn 0.35963 -0.13536 0.92322
vn 0.35963 -0.13536 0.92322
vn 0.37913 -0.06259 0.92322
vn 0.38406 0.01257 0.92322
vn 0.37913 -0.06259 0.92322
vn 0.19088 0.04451 0.9806
vn 0.19589 0.00641 0.9806
vn 0.37422 0.08726 0.92322
vn 0.35001 0.15859 0.92322
vn 0.37422 0.08726 0.92322
vn 0.38406 0.01257 0.92322
vn 0.35001 0.15859 0.92322
vn 0.54998 -0.0908 0.83023
vn 0.54998 -0.0908 0.83023
vn 0.55713 0.01824 0.83023
vn 0.55713 0.01824 0.83023
vn 0.54286 0.12658 0.83023
vn 0.54286 0.12658 0.83023
vn 0.31235 0.22382 0.92322
vn 0.31235 0.22382 0.92322
vn 0.26268 0.28046 0.92322
vn 0.4531 0.32469 0.83023
vn 0.29436 0.47337 0.83023
vn 0.29436 0.47337 0.83023
vn 0.38105 0.40684 0.83023
vn 0.38105 0.40684 0.83023
vn 0.50774 0.23005 0.83023
vn 0.4531 0.32469 0.83023
vn 0.50774 0.23005 0.83023
vn 0.57615 0.41287 0.7054
vn 0.60192 -0.3743 0.7054
vn 0.66338 -0.24968 0.7054
vn 0.66338 -0.24968 0.7054
vn 0.69934 -0.11546 0.7054
vn 0.69934 -0.11546 0.7054
vn 0.70843 0.02319 0.7054
vn 0.70843 0.02319 0.7054
vn 0.69029 0.16095 0.7054
vn 0.69029 0.16095 0.7054
vn 0.64563 0.29253 0.7054
vn 0.64563 0.29253 0.7054
vn 0.57615 0.41287 0.7054
vn 0.54286 -0.12658 -0.83023
vn 0.69029 -0.16095 -0.7054
vn 0.69029 -0.16095 -0.7054
vn 0.81095 -0.18909 -0.55372
vn 0.81095 -0.18909 -0.55372
vn 0.90038 -0.20994 -0.38111
vn 0.90038 -0.20994 -0.38111
vn 0.95534 -0.22275 -0.19419
vn 0.95534 -0.22275 -0.19419
vn 0.81095 -0.18909 0.55372
vn 0.97388 -0.22708 0
vn 0.95534 -0.22275 0.19419
vn 0.95534 -0.22275 0.19419
vn 0.90038 -0.20994 0.38111
vn 0.90038 -0.20994 0.38111
vn 0.81095 -0.18909 0.55372
vn 0.54286 -0.12658 0.83023
vn 0.69029 -0.16095 0.7054
vn 0.69029 -0.16095 0.7054
vn 0.55713 -0.01824 -0.83023
vn 0.55713 -0.01824 -0.83023
vn 0.55713 -0.01824 -0.83023
vn 0.54998 0.0908 -0.83023
vn 0.54998 0.0908 -0.83023
vn 0.5217 0.19635 -0.83023
vn 0.70843 -0.02319 -0.7054
vn 0.70843 -0.02319 -0.7054
vn 0.83226 -0.02725 -0.55372
vn 0.69934 0.11546 -0.7054
vn 0.69934 0.11546 -0.7054
vn 0.66338 0.24968 -0.7054
vn 0.82158 0.13564 -0.55372
vn 0.77933 0.29332 -0.55372
vn 0.47337 0.29436 -0.83023
vn 0.60192 0.3743 -0.7054
vn 0.66338 0.24968 -0.7054
vn 0.60192 0.3743 -0.7054
vn 0.51734 0.48454 -0.7054
vn 0.60776 0.56923 -0.55372
vn 0.70714 0.43972 -0.55372
vn 0.77933 0.29332 -0.55372
vn 0.70714 0.43972 -0.55372
vn 0.78511 0.48821 -0.38111
vn 0.78511 0.48821 -0.38111
vn 0.83304 0.51802 -0.19419
vn 0.83226 -0.02725 -0.55372
vn 0.82158 0.13564 -0.55372
vn 0.92404 -0.03025 -0.38111
vn 0.92404 -0.03025 -0.38111
vn 0.98044 -0.0321 -0.19419
vn 0.98044 -0.0321 -0.19419
vn 0.91218 0.1506 -0.38111
vn 0.91218 0.1506 -0.38111
vn 0.96786 0.15979 -0.19419
vn 0.96786 0.15979 -0.19419
vn 0.86527 0.32567 -0.38111
vn 0.86527 0.32567 -0.38111
vn 0.91809 0.34554 -0.19419
vn 0.91809 0.34554 -0.19419
vn 0.83304 0.51802 -0.19419
vn 0.83226 -0.02725 0.55372
vn 0.82158 0.13564 0.55372
vn 0.77933 0.29332 0.55372
vn 0.8492 0.52807 0
vn 0.83304 0.51802 0.19419
vn 0.60776 0.56923 0.55372
vn 0.70714 0.43972 0.55372
vn 0.77933 0.29332 0.55372
vn 0.78511 0.48821 0.38111
vn 0.78511 0.48821 0.38111
vn 0.70714 0.43972 0.55372
vn 0.98044 -0.0321 0.19419
vn 0.98044 -0.0321 0.19419
vn 0.96786 0.15979 0.19419
vn 0.96786 0.15979 0.19419
vn 0.99946 -0.03272 0
vn 0.92404 -0.03025 0.38111
vn 0.92404 -0.03025 0.38111
vn 0.83226 -0.02725 0.55372
vn 0.91218 0.1506 0.38111
vn 0.91218 0.1506 0.38111
vn 0.82158 0.13564 0.55372
vn 0.91809 0.34554 0.19419
vn 0.91809 0.34554 0.19419
vn 0.83304 0.51802 0.19419
vn 0.86527 0.32567 0.38111
vn 0.86527 0.32567 0.38111
vn 0.48503 0.67686 -0.55372
vn 0.60776 0.56923 -0.55372
vn 0.53852 0.7515 -0.38111
vn 0.67478 0.632 -0.38111
vn 0.53852 0.7515 -0.38111
vn 0.57139 0.79737 -0.19419
vn 0.57139 0.79737 -0.19419
vn 0.67478 0.632 -0.38111
vn 0.71597 0.67058 -0.19419
vn 0.71597 0.67058 -0.19419
vn 0.58248 0.81285 0
vn 0.57139 0.79737 0.19419
vn 0.57139 0.79737 0.19419
vn 0.72986 0.68359 0
vn 0.71597 0.67058 0.19419
vn 0.71597 0.67058 0.19419
vn 0.53852 0.7515 0.38111
vn 0.67478 0.632 0.38111
vn 0.48503 0.67686 0.55372
vn 0.60776 0.56923 0.55372
vn 0.53852 0.7515 0.38111
vn 0.67478 0.632 0.38111
vn 0.55713 -0.01824 0.83023
vn 0.55713 -0.01824 0.83023
vn 0.55713 -0.01824 0.83023
vn 0.54998 0.0908 0.83023
vn 0.54998 0.0908 0.83023
vn 0.5217 0.19635 0.83023
vn 0.70843 -0.02319 0.7054
vn 0.70843 -0.02319 0.7054
vn 0.69934 0.11546 0.7054
vn 0.69934 0.11546 0.7054
vn 0.66338 0.24968 0.7054
vn 0.60192 0.3743 0.7054
vn 0.66338 0.24968 0.7054
vn 0.60192 0.3743 0.7054
vn 0.47337 0.29436 0.83023
vn 0.51734 0.48454 0.7054
vn -0.12658 0.54286 -0.83023
vn -0.16095 0.69029 -0.7054
vn -0.16095 0.69029 -0.7054
vn -0.18909 0.81095 -0.55372
vn -0.18909 0.81095 -0.55372
vn -0.20994 0.90038 -0.38111
vn -0.20994 0.90038 -0.38111
vn -0.22275 0.95534 -0.19419
vn -0.22275 0.95534 -0.19419
vn -0.18909 0.81095 0.55372
vn -0.22708 0.97388 0
vn -0.22275 0.95534 0.19419
vn -0.22275 0.95534 0.19419
vn -0.20994 0.90038 0.38111
vn -0.20994 0.90038 0.38111
vn -0.18909 0.81095 0.55372
vn -0.12658 0.54286 0.83023
vn -0.16095 0.69029 0.7054
vn -0.16095 0.69029 0.7054
vn -0.01824 0.55713 -0.83023
vn -0.01824 0.55713 -0.83023
vn -0.01824 0.55713 -0.83023
vn 0.0908 0.54998 -0.83023
vn -0.02319 0.70843 -0.7054
vn 0.11546 0.69934 -0.7054
vn -0.02319 0.70843 -0.7054
vn -0.02725 0.83226 -0.55372
vn 0.0908 0.54998 -0.83023
vn 0.19635 0.5217 -0.83023
vn 0.24968 0.66338 -0.7054
vn 0.11546 0.69934 -0.7054
vn 0.13564 0.82158 -0.55372
vn 0.29332 0.77933 -0.55372
vn -0.02725 0.83226 -0.55372
vn 0.13564 0.82158 -0.55372
vn -0.03025 0.92404 -0.38111
vn -0.03025 0.92404 -0.38111
vn -0.0321 0.98044 -0.19419
vn -0.0321 0.98044 -0.19419
vn 0.1506 0.91218 -0.38111
vn 0.1506 0.91218 -0.38111
vn 0.15979 0.96786 -0.19419
vn 0.15979 0.96786 -0.19419
vn 0.3743 0.60192 -0.7054
vn 0.3743 0.60192 -0.7054
vn 0.24968 0.66338 -0.7054
vn 0.29332 0.77933 -0.55372
vn 0.43972 0.70714 -0.55372
vn 0.48454 0.51734 -0.7054
vn 0.48454 0.51734 -0.7054
vn 0.56923 0.60776 -0.55372
vn 0.43972 0.70714 -0.55372
vn 0.48821 0.78511 -0.38111
vn 0.48821 0.78511 -0.38111
vn 0.51802 0.83304 -0.19419
vn 0.32567 0.86527 -0.38111
vn 0.32567 0.86527 -0.38111
vn 0.34554 0.91809 -0.19419
vn 0.34554 0.91809 -0.19419
vn 0.51802 0.83304 -0.19419
vn -0.02725 0.83226 0.55372
vn 0.13564 0.82158 0.55372
vn 0.29332 0.77933 0.55372
vn -0.0321 0.98044 0.19419
vn -0.0321 0.98044 0.19419
vn -0.03272 0.99946 0
vn 0.15979 0.96786 0.19419
vn 0.15979 0.96786 0.19419
vn -0.03025 0.92404 0.38111
vn -0.03025 0.92404 0.38111
vn -0.02725 0.83226 0.55372
vn 0.1506 0.91218 0.38111
vn 0.1506 0.91218 0.38111
vn 0.13564 0.82158 0.55372
vn 0.52807 0.8492 0
vn 0.51802 0.83304 0.19419
vn 0.29332 0.77933 0.55372
vn 0.43972 0.70714 0.55372
vn 0.56923 0.60776 0.55372
vn 0.48821 0.78511 0.38111
vn 0.48821 0.78511 0.38111
vn 0.43972 0.70714 0.55372
vn 0.34554 0.91809 0.19419
vn 0.34554 0.91809 0.19419
vn 0.51802 0.83304 0.19419
vn 0.32567 0.86527 0.38111
vn 0.32567 0.86527 0.38111
vn 0.56923 0.60776 -0.55372
vn 0.67686 0.48503 -0.55372
vn 0.632 0.67478 -0.38111
vn 0.7515 0.53852 -0.38111
vn 0.632 0.67478 -0.38111
vn 0.67058 0.71597 -0.19419
vn 0.67058 0.71597 -0.19419
vn 0.7515 0.53852 -0.38111
vn 0.79737 0.57139 -0.19419
vn 0.79737 0.57139 -0.19419
vn 0.68359 0.72986 0
vn 0.67058 0.71597 0.19419
vn 0.67058 0.71597 0.19419
vn 0.81285 0.58248 0
vn 0.79737 0.57139 0.19419
vn 0.79737 0.57139 0.19419
vn 0.632 0.67478 0.38111
vn 0.7515 0.53852 0.38111
vn 0.56923 0.60776 0.55372
vn 0.67686 0.48503 0.55372
vn 0.632 0.67478 0.38111
vn 0.7515 0.53852 0.38111
vn -0.01824 0.55713 0.83023
vn -0.01824 0.55713 0.83023
vn -0.01824 0.55713 0.83023
vn 0.0908 0.54998 0.83023
vn -0.02319 0.70843 0.7054
vn -0.02319 0.70843 0.7054
vn 0.11546 0.69934 0.7054
vn 0.24968 0.66338 0.7054
vn 0.0908 0.54998 0.83023
vn 0.19635 0.5217 0.83023
vn 0.11546 0.69934 0.7054
vn 0.3743 0.60192 0.7054
vn 0.3743 0.60192 0.7054
vn 0.24968 0.66338 0.7054
vn 0.48454 0.51734 0.7054
vn 0.48454 0.51734 0.7054
vn -0.88192 -0.4714 0
vn -0.88192 -0.4714 -0
vn -0.88192 -0.4714 0
vn -0.88192 -0.4714 -0
vn -0.88192 -0.4714 0
vn -0.88192 -0.4714 -0
vn -0.88192 -0.4714 -0
vn -0.88192 -0.4714 0
vn -0.88192 -0.4714 0
vn -0.88192 -0.4714 -0
vn -0.88192 -0.4714 -0
vn -0.88192 -0.4714 -0
vn -0.88192 -0.4714 0
vn -0.88192 -0.4714 0
vn -0.88192 -0.4714 0
vn -0.88192 -0.4714 -0
vn -0.88192 -0.4714 -0
vn -0.88192 -0.4714 0
vn -0.88192 -0.4714 -0
vn -0.88192 -0.4714 0
vn 0 0 -1
vn -0.88192 -0.4714 0
vn -0.88192 -0.4714 0
vn -0.88192 -0.4714 0
vn -0.88192 -0.4714 -0
vn -0.88192 -0.4714 0
vn -0.88192 -0.4714 -0
vn -0.88192 -0.4714 0
vn -0.88192 -0.4714 -0
vn -0.88192 -0.4714 -0
vn -0.88192 -0.4714 0
vn -0.88192 -0.4714 -0
vn -0.88192 -0.4714 0
vn -0.88192 -0.4714 0
vn -0.88192 -0.4714 -0
vn -0.88192 -0.4714 0
vn -0.88192 -0.4714 0
vn -0.88192 -0.4714 -0
vn -0.88192 -0.4714 -0
vn -0.88192 -0.4714 0
vn -0.88192 -0.4714 -0
vn -0.88192 -0.4714 -0
vn -0.88192 -0.4714 0
vn -0.77301 -0.63439 0
vn 0 0 1
vn -0.4714 -0.88192 0
vn -0.4714 -0.88192 -0
vn -0.4714 -0.88192 0
vn -0.4714 -0.88192 0
vn -0.4714 -0.88192 0
vn -0.4714 -0.88192 -0
vn -0.4714 -0.88192 0
vn -0.4714 -0.88192 -0
vn -0.4714 -0.88192 -0
vn -0.4714 -0.88192 0
vn -0.4714 -0.88192 -0
vn -0.4714 -0.88192 0
vn -0.4714 -0.88192 -0
vn -0.4714 -0.88192 0
vn -0.4714 -0.88192 -0
vn -0.4714 -0.88192 -0
vn -0.4714 -0.88192 -0
vn -0.4714 -0.88192 0
vn -0.4714 -0.88192 -0
vn -0.63439 -0.77301 0
vn -0.4714 -0.88192 0
vn -0.4714 -0.88192 -0
vn -0.4714 -0.88192 0
vn -0.4714 -0.88192 0
vn -0.4714 -0.88192 -0
vn -0.4714 -0.88192 -0
vn -0.4714 -0.88192 0
vn -0.4714 -0.88192 -0
vn -0.4714 -0.88192 -0
vn -0.4714 -0.88192 0
vn -0.4714 -0.88192 0
vn -0.4714 -0.88192 0
vn -0.4714 -0.88192 -0
vn -0.4714 -0.88192 -0
vn -0.4714 -0.88192 0
vn -0.4714 -0.88192 0
vn -0.4714 -0.88192 0
vn -0.4714 -0.88192 -0
vn -0.4714 -0.88192 0
vn -0.4714 -0.88192 -0
vn -0.4714 -0.88192 0
vn -0.4714 -0.88192 0
vn -0.88192 -0.4714 -0
vn -0.88192 -0.4714 -0
vn -0.88192 -0.4714 0
vn -0.88192 -0.4714 0
vn -0.88192 -0.4714 -0
vn -0.88192 -0.4714 -0
vn -0.88192 -0.4714 0
vn -0.88192 -0.4714 -0
vn -0.88192 -0.4714 0
vn -0.88192 -0.4714 0
vn -0.88192 -0.4714 0
vn -0.88192 -0.4714 0
vn -0.88192 -0.4714 0
vn -0.88192 -0.4714 -0
vn -0.88192 -0.4714 0
vn -0.95694 -0.29028 0
vn -0.88192 -0.4714 0
vn -0.88192 -0.4714 -0
vn -0.88192 -0.4714 0
vn -0.99518 -0.09802 0
vn -0.99518 -0.09802 0
vn -0.99518 -0.09802 0
vn -0.99518 -0.09802 0
vn -0.99518 -0.09802 -0
vn -0.99518 -0.09802 0
vn -0.99518 -0.09802 -0
vn -0.99518 -0.09802 0
vn -0.99518 -0.09802 -0
vn -0.99518 -0.09802 0
vn -0.99518 -0.09802 0
vn -0.99518 -0.09802 0
vn -0.99518 -0.09802 0
vn -0.99518 -0.09802 0
vn -0.99518 -0.09802 0
vn -0.99518 -0.09802 -0
vn -0.99518 -0.09802 -0
vn -0.99518 -0.09802 0
vn -0.99518 -0.09802 -0
vn -0.99518 -0.09802 0
vn -0.99518 -0.09802 -0
vn -0.99518 -0.09802 -0
vn -0.99518 -0.09802 0
vn -0.99518 -0.09802 0
vn -0.99518 -0.09802 0
vn -0.99518 -0.09802 -0
vn -0.99518 -0.09802 0
vn -0.4714 -0.88192 0
vn -0.4714 -0.88192 -0
vn -0.4714 -0.88192 0
vn -0.4714 -0.88192 -0
vn -0.4714 -0.88192 0
vn -0.4714 -0.88192 0
vn -0.4714 -0.88192 0
vn -0.4714 -0.88192 -0
vn -0.4714 -0.88192 0
vn -0.4714 -0.88192 0
vn -0.4714 -0.88192 0
vn -0.4714 -0.88192 -0
vn -0.4714 -0.88192 0
vn -0.4714 -0.88192 -0
vn -0.4714 -0.88192 0
vn -0.4714 -0.88192 0
vn -0.4714 -0.88192 -0
vn -0.29028 -0.95694 0
vn -0.09802 -0.99518 -0
vn -0.09802 -0.99518 0
vn -0.09802 -0.99518 -0
vn -0.09802 -0.99518 -0
vn -0.09802 -0.99518 0
vn -0.09802 -0.99518 -0
vn -0.09802 -0.99518 0
vn -0.09802 -0.99518 0
vn -0.09802 -0.99518 -0
vn -0.09802 -0.99518 -0
vn -0.09802 -0.99518 -0
vn -0.09802 -0.99518 0
vn -0.09802 -0.99518 -0
vn -0.09802 -0.99518 0
vn -0.09802 -0.99518 0
vn -0.09802 -0.99518 0
vn -0.09802 -0.99518 -0
vn -0.09802 -0.99518 0
vn -0.09802 -0.99518 -0
vn -0.09802 -0.99518 0
vn -0.09802 -0.99518 0
vn -0.09802 -0.99518 -0
vn -0.09802 -0.99518 0
vn -0.09802 -0.99518 -0
vn -0.09802 -0.99518 -0
vn -0.09802 -0.99518 -0
vn -0.09802 -0.99518 0
vn -0.99518 0.09802 0
vn -0.99518 0.09802 -0
vn -0.99518 0.09802 0
vn -0.99518 0.09802 -0
vn -0.99518 0.09802 -0
vn -0.99518 0.09802 -0
vn -0.99518 0.09802 0
vn -0.99518 0.09802 -0
vn -0.99518 0.09802 0
vn -0.99518 0.09802 0
vn -0.99518 0.09802 -0
vn -0.99518 0.09802 0
vn -0.99518 0.09802 0
vn -0.99518 0.09802 0
vn -0.99518 0.09802 -0
vn -0.99518 0.09802 -0
vn -0.99518 0.09802 -0
vn -0.99518 0.09802 -0
vn -0.99518 0.09802 -0
vn -0.99518 0.09802 -0
vn -0.99518 0.09802 0
vn -0.99518 0.09802 -0
vn -0.99518 0.09802 0
vn -0.99518 0.09802 0
vn -0.99518 0.09802 0
vn -0.99518 0.09802 -0
vn -0.99518 0.09802 0
vn -0.88192 0.4714 -0
vn -0.88192 0.4714 0
vn -0.88192 0.4714 -0
vn -0.88192 0.4714 0
vn -0.88192 0.4714 -0
vn -0.88192 0.4714 -0
vn -0.95694 0.29028 0
vn -0.88192 0.4714 0
vn -0.88192 0.4714 -0
vn -0.88192 0.4714 0
vn -0.88192 0.4714 0
vn -0.88192 0.4714 0
vn -0.88192 0.4714 0
vn -0.88192 0.4714 -0
vn -0.88192 0.4714 0
vn -0.88192 0.4714 0
vn -0.88192 0.4714 -0
vn -0.88192 0.4714 0
vn -0.88192 0.4714 0
vn -0.88192 0.4714 0
vn -0.88192 0.4714 -0
vn -0.88192 0.4714 -0
vn -0.88192 0.4714 0
vn -0.88192 0.4714 -0
vn -0.88192 0.4714 0
vn -0.88192 0.4714 0
vn -0.88192 0.4714 0
vn -0.88192 0.4714 0
vn -0.88192 0.4714 -0
vn -0.88192 0.4714 -0
vn -0.88192 0.4714 -0
vn -0.88192 0.4714 -0
vn -0.88192 0.4714 0
vn -0.88192 0.4714 0
vn -0.88192 0.4714 -0
vn -0.88192 0.4714 0
vn -0.88192 0.4714 -0
vn -0.88192 0.4714 0
vn -0.88192 0.4714 -0
vn -0.88192 0.4714 0
vn -0.88192 0.4714 -0
vn -0.88192 0.4714 0
vn -0.88192 0.4714 -0
vn -0.88192 0.4714 0
vn -0.88192 0.4714 -0
vn -0.88192 0.4714 0
vn -0.88192 0.4714 -0
vn -0.88192 0.4714 -0
vn -0.88192 0.4714 0
vn -0.88192 0.4714 0
vn -0.88192 0.4714 -0
vn -0.88192 0.4714 0
vn -0.88192 0.4714 -0
vn -0.88192 0.4714 0
vn -0.88192 0.4714 0
vn -0.88192 0.4714 -0
vn -0.88192 0.4714 0
vn -0.88192 0.4714 -0
vn -0.88192 0.4714 0
vn -0.88192 0.4714 -0
vn -0.88192 0.4714 0
vn -0.77301 0.63439 0
vn -0.63439 0.77301 0
vn -0.4714 0.88192 -0
vn -0.4714 0.88192 0
vn -0.4714 0.88192 0
vn -0.4714 0.88192 0
vn -0.4714 0.88192 -0
vn -0.4714 0.88192 0
vn -0.4714 0.88192 -0
vn -0.4714 0.88192 0
vn -0.4714 0.88192 -0
vn -0.4714 0.88192 -0
vn -0.4714 0.88192 -0
vn -0.4714 0.88192 0
vn -0.4714 0.88192 -0
vn -0.4714 0.88192 0
vn -0.4714 0.88192 -0
vn -0.4714 0.88192 0
vn -0.4714 0.88192 -0
vn -0.4714 0.88192 0
vn -0.4714 0.88192 -0
vn -0.4714 0.88192 -0
vn -0.4714 0.88192 0
vn -0.4714 0.88192 0
vn -0.4714 0.88192 0
vn -0.4714 0.88192 -0
vn -0.4714 0.88192 -0
vn -0.4714 0.88192 0
vn -0.4714 0.88192 -0
vn -0.4714 0.88192 -0
vn -0.4714 0.88192 0
vn -0.4714 0.88192 0
vn -0.4714 0.88192 0
vn -0.4714 0.88192 0
vn -0.4714 0.88192 0
vn -0.4714 0.88192 -0
vn -0.4714 0.88192 -0
vn -0.4714 0.88192 -0
vn -0.4714 0.88192 0
vn -0.4714 0.88192 -0
vn -0.4714 0.88192 0
vn -0.4714 0.88192 0
vn -0.4714 0.88192 0
vn -0.4714 0.88192 -0
vn -0.4714 0.88192 0
vn -0.4714 0.88192 0
vn -0.4714 0.88192 0
vn -0.4714 0.88192 -0
vn -0.4714 0.88192 0
vn -0.4714 0.88192 -0
vn -0.4714 0.88192 0
vn -0.4714 0.88192 -0
vn -0.4714 0.88192 -0
vn -0.4714 0.88192 -0
vn -0.4714 0.88192 0
vn -0.4714 0.88192 0
vn -0.4714 0.88192 0
vn -0.4714 0.88192 -0
vn -0.4714 0.88192 0
vn -0.4714 0.88192 -0
vn -0.4714 0.88192 0
vn -0.29028 0.95694 0
vn -0.09802 0.99518 0
vn -0.09802 0.99518 0
vn -0.09802 0.99518 0
vn -0.09802 0.99518 0
vn -0.09802 0.99518 -0
vn -0.09802 0.99518 0
vn -0.09802 0.99518 -0
vn -0.09802 0.99518 0
vn -0.09802 0.99518 -0
vn -0.09802 0.99518 0
vn -0.09802 0.99518 -0
vn -0.09802 0.99518 -0
vn -0.09802 0.99518 0
vn -0.09802 0.99518 -0
vn -0.09802 0.99518 0
vn -0.09802 0.99518 0
vn -0.09802 0.99518 -0
vn -0.09802 0.99518 0
vn -0.09802 0.99518 -0
vn -0.09802 0.99518 0
vn -0.09802 0.99518 0
vn -0.09802 0.99518 -0
vn -0.09802 0.99518 0
vn -0.09802 0.99518 0
vn -0.09802 0.99518 0
vn -0.09802 0.99518 -0
vn -0.09802 0.99518 0
vn 0.09802 -0.99518 0
vn 0.09802 -0.99518 -0
vn 0.09802 -0.99518 0
vn 0.09802 -0.99518 0
vn 0.09802 -0.99518 0
vn 0.09802 -0.99518 0
vn 0.09802 -0.99518 -0
vn 0.09802 -0.99518 0
vn 0.09802 -0.99518 -0
vn 0.09802 -0.99518 -0
vn 0.09802 -0.99518 0
vn 0.09802 -0.99518 -0
vn 0.09802 -0.99518 0
vn 0.09802 -0.99518 -0
vn 0.09802 -0.99518 0
vn 0.09802 -0.99518 0
vn 0.09802 -0.99518 -0
vn 0.09802 -0.99518 0
vn 0.09802 -0.99518 -0
vn 0.09802 -0.99518 0
vn 0.09802 -0.99518 0
vn 0.09802 -0.99518 0
vn 0.09802 -0.99518 -0
vn 0.09802 -0.99518 -0
vn 0.09802 -0.99518 0
vn 0.09802 -0.99518 0
vn 0.09802 -0.99518 0
vn 0.4714 -0.88192 0
vn 0.4714 -0.88192 0
vn 0.4714 -0.88192 0
vn 0.4714 -0.88192 -0
vn 0.4714 -0.88192 0
vn 0.4714 -0.88192 0
vn 0.4714 -0.88192 -0
vn 0.29028 -0.95694 0
vn 0.4714 -0.88192 0
vn 0.4714 -0.88192 -0
vn 0.4714 -0.88192 0
vn 0.4714 -0.88192 0
vn 0.4714 -0.88192 0
vn 0.4714 -0.88192 -0
vn 0.4714 -0.88192 0
vn 0.4714 -0.88192 -0
vn 0.4714 -0.88192 -0
vn 0.4714 -0.88192 0
vn 0.4714 -0.88192 -0
vn 0.4714 -0.88192 -0
vn 0.4714 -0.88192 -0
vn 0.4714 -0.88192 0
vn 0.4714 -0.88192 0
vn 0.4714 -0.88192 -0
vn 0.4714 -0.88192 0
vn 0.4714 -0.88192 -0
vn 0.4714 -0.88192 0
vn 0.4714 -0.88192 -0
vn 0.4714 -0.88192 -0
vn 0.4714 -0.88192 -0
vn 0.4714 -0.88192 -0
vn 0.4714 -0.88192 0
vn 0.4714 -0.88192 0
vn 0.4714 -0.88192 -0
vn 0.4714 -0.88192 0
vn 0.4714 -0.88192 0
vn 0.4714 -0.88192 0
vn 0.4714 -0.88192 -0
vn 0.4714 -0.88192 0
vn 0.4714 -0.88192 0
vn 0.4714 -0.88192 0
vn 0.4714 -0.88192 0
vn 0.4714 -0.88192 -0
vn 0.4714 -0.88192 0
vn 0.4714 -0.88192 -0
vn 0.4714 -0.88192 -0
vn 0.4714 -0.88192 0
vn 0.4714 -0.88192 0
vn 0.4714 -0.88192 0
vn 0.4714 -0.88192 -0
vn 0.4714 -0.88192 0
vn 0.4714 -0.88192 0
vn 0.4714 -0.88192 -0
vn 0.4714 -0.88192 0
vn 0.4714 -0.88192 0
vn 0.4714 -0.88192 0
vn 0.4714 -0.88192 -0
vn 0.4714 -0.88192 -0
vn 0.4714 -0.88192 -0
vn 0.4714 -0.88192 0
vn 0.63439 -0.77301 0
vn 0.77301 -0.63439 0
vn 0.88192 -0.4714 -0
vn 0.88192 -0.4714 0
vn 0.88192 -0.4714 -0
vn 0.88192 -0.4714 0
vn 0.88192 -0.4714 0
vn 0.88192 -0.4714 -0
vn 0.88192 -0.4714 0
vn 0.88192 -0.4714 -0
vn 0.88192 -0.4714 -0
vn 0.88192 -0.4714 0
vn 0.88192 -0.4714 0
vn 0.88192 -0.4714 -0
vn 0.88192 -0.4714 -0
vn 0.88192 -0.4714 0
vn 0.88192 -0.4714 0
vn 0.88192 -0.4714 -0
vn 0.88192 -0.4714 0
vn 0.88192 -0.4714 -0
vn 0.88192 -0.4714 0
vn 0.88192 -0.4714 0
vn 0.88192 -0.4714 -0
vn 0.88192 -0.4714 0
vn 0.88192 -0.4714 0
vn 0.88192 -0.4714 -0
vn 0.88192 -0.4714 0
vn 0.88192 -0.4714 -0
vn 0.88192 -0.4714 0
vn 0.88192 -0.4714 -0
vn 0.88192 -0.4714 -0
vn 0.88192 -0.4714 0
vn 0.88192 -0.4714 0
vn 0.88192 -0.4714 0
vn 0.88192 -0.4714 0
vn 0.88192 -0.4714 -0
vn 0.88192 -0.4714 -0
vn 0.88192 -0.4714 -0
vn 0.88192 -0.4714 0
vn 0.88192 -0.4714 -0
vn 0.88192 -0.4714 -0
vn 0.88192 -0.4714 0
vn 0.88192 -0.4714 0
vn 0.88192 -0.4714 -0
vn 0.88192 -0.4714 -0
vn 0.88192 -0.4714 -0
vn 0.88192 -0.4714 0
vn 0.88192 -0.4714 -0
vn 0.88192 -0.4714 -0
vn 0.88192 -0.4714 0
vn 0.88192 -0.4714 0
vn 0.88192 -0.4714 -0
vn 0.88192 -0.4714 0
vn 0.88192 -0.4714 -0
vn 0.88192 -0.4714 -0
vn 0.88192 -0.4714 0
vn 0.88192 -0.4714 0
vn 0.88192 -0.4714 0
vn 0.88192 -0.4714 0
vn 0.88192 -0.4714 0
vn 0.88192 -0.4714 -0
vn 0.88192 -0.4714 0
vn 0.95694 -0.29028 0
vn 0.99518 -0.09802 0
vn 0.99518 -0.09802 0
vn 0.99518 -0.09802 0
vn 0.99518 -0.09802 0
vn 0.99518 -0.09802 0
vn 0.99518 -0.09802 -0
vn 0.99518 -0.09802 0
vn 0.99518 -0.09802 0
vn 0.99518 -0.09802 -0
vn 0.99518 -0.09802 -0
vn 0.99518 -0.09802 -0
vn 0.99518 -0.09802 0
vn 0.99518 -0.09802 -0
vn 0.99518 -0.09802 0
vn 0.99518 -0.09802 0
vn 0.99518 -0.09802 -0
vn 0.99518 -0.09802 -0
vn 0.99518 -0.09802 0
vn 0.99518 -0.09802 -0
vn 0.99518 -0.09802 -0
vn 0.99518 -0.09802 0
vn 0.99518 -0.09802 -0
vn 0.99518 -0.09802 0
vn 0.99518 -0.09802 -0
vn 0.99518 -0.09802 -0
vn 0.99518 -0.09802 -0
vn 0.99518 -0.09802 0
vn 0.09802 0.99518 0
vn 0.09802 0.99518 -0
vn 0.09802 0.99518 0
vn 0.09802 0.99518 -0
vn 0.09802 0.99518 -0
vn 0.09802 0.99518 -0
vn 0.09802 0.99518 0
vn 0.09802 0.99518 -0
vn 0.09802 0.99518 -0
vn 0.09802 0.99518 0
vn 0.09802 0.99518 -0
vn 0.09802 0.99518 0
vn 0.09802 0.99518 -0
vn 0.09802 0.99518 0
vn 0.09802 0.99518 -0
vn 0.09802 0.99518 -0
vn 0.09802 0.99518 -0
vn 0.09802 0.99518 -0
vn 0.09802 0.99518 0
vn 0.09802 0.99518 -0
vn 0.09802 0.99518 0
vn 0.09802 0.99518 -0
vn 0.09802 0.99518 0
vn 0.09802 0.99518 0
vn 0.09802 0.99518 0
vn 0.09802 0.99518 0
vn 0.09802 0.99518 0
vn 0.4714 0.88192 0
vn 0.4714 0.88192 0
vn 0.4714 0.88192 -0
vn 0.4714 0.88192 0
vn 0.4714 0.88192 0
vn 0.4714 0.88192 -0
vn 0.29028 0.95694 0
vn 0.4714 0.88192 -0
vn 0.4714 0.88192 -0
vn 0.4714 0.88192 0
vn 0.4714 0.88192 0
vn 0.4714 0.88192 -0
vn 0.4714 0.88192 -0
vn 0.4714 0.88192 0
vn 0.4714 0.88192 0
vn 0.4714 0.88192 0
vn 0.4714 0.88192 -0
vn 0.4714 0.88192 0
vn 0.4714 0.88192 -0
vn 0.99518 0.09802 0
vn 0.99518 0.09802 -0
vn 0.99518 0.09802 0
vn 0.99518 0.09802 0
vn 0.99518 0.09802 0
vn 0.99518 0.09802 0
vn 0.99518 0.09802 -0
vn 0.99518 0.09802 0
vn 0.99518 0.09802 0
vn 0.99518 0.09802 -0
vn 0.99518 0.09802 0
vn 0.99518 0.09802 -0
vn 0.99518 0.09802 0
vn 0.99518 0.09802 -0
vn 0.99518 0.09802 -0
vn 0.99518 0.09802 0
vn 0.99518 0.09802 -0
vn 0.99518 0.09802 0
vn 0.99518 0.09802 -0
vn 0.99518 0.09802 0
vn 0.99518 0.09802 0
vn 0.99518 0.09802 0
vn 0.99518 0.09802 -0
vn 0.99518 0.09802 0
vn 0.99518 0.09802 0
vn 0.99518 0.09802 -0
vn 0.99518 0.09802 0
vn 0.88192 0.4714 0
vn 0.88192 0.4714 -0
vn 0.88192 0.4714 -0
vn 0.88192 0.4714 -0
vn 0.88192 0.4714 0
vn 0.88192 0.4714 -0
vn 0.88192 0.4714 -0
vn 0.88192 0.4714 -0
vn 0.88192 0.4714 0
vn 0.88192 0.4714 0
vn 0.95694 0.29028 0
vn 0.88192 0.4714 0
vn 0.88192 0.4714 -0
vn 0.88192 0.4714 0
vn 0.88192 0.4714 0
vn 0.88192 0.4714 0
vn 0.88192 0.4714 -0
vn 0.88192 0.4714 0
vn 0.88192 0.4714 0
vn 0.63439 0.77301 0
vn 0.77301 0.63439 0
vn 0.4714 0.88192 -0
vn 0.4714 0.88192 -0
vn 0.4714 0.88192 0
vn 0.4714 0.88192 -0
vn 0.4714 0.88192 -0
vn 0.4714 0.88192 0
vn 0.4714 0.88192 -0
vn 0.4714 0.88192 0
vn 0.4714 0.88192 -0
vn 0.4714 0.88192 0
vn 0.4714 0.88192 -0
vn 0.4714 0.88192 -0
vn 0.4714 0.88192 -0
vn 0.4714 0.88192 0
vn 0.4714 0.88192 -0
vn 0.4714 0.88192 0
vn 0.4714 0.88192 0
vn 0.4714 0.88192 0
vn 0.4714 0.88192 0
vn 0.4714 0.88192 0
vn 0.4714 0.88192 -0
vn 0.4714 0.88192 0
vn 0.4714 0.88192 0
vn 0.4714 0.88192 0
vn 0.4714 0.88192 0
vn 0.4714 0.88192 -0
vn 0.4714 0.88192 -0
vn 0.4714 0.88192 -0
vn 0.4714 0.88192 0
vn 0.4714 0.88192 0
vn 0.4714 0.88192 0
vn 0.4714 0.88192 -0
vn 0.4714 0.88192 0
vn 0.4714 0.88192 -0
vn 0.4714 0.88192 0
vn 0.4714 0.88192 0
vn 0.4714 0.88192 0
vn 0.4714 0.88192 0
vn 0.4714 0.88192 -0
vn 0.4714 0.88192 -0
vn 0.4714 0.88192 -0
vn 0.4714 0.88192 0
vn 0.88192 0.4714 -0
vn 0.88192 0.4714 0
vn 0.88192 0.4714 0
vn 0.88192 0.4714 -0
vn 0.88192 0.4714 0
vn 0.88192 0.4714 0
vn 0.88192 0.4714 -0
vn 0.88192 0.4714 -0
vn 0.88192 0.4714 0
vn 0.88192 0.4714 -0
vn 0.88192 0.4714 -0
vn 0.88192 0.4714 -0
vn 0.88192 0.4714 0
vn 0.88192 0.4714 0
vn 0.88192 0.4714 -0
vn 0.88192 0.4714 0
vn 0.88192 0.4714 -0
vn 0.88192 0.4714 0
vn 0.88192 0.4714 -0
vn 0.88192 0.4714 0
vn 0.88192 0.4714 0
vn 0.88192 0.4714 0
vn 0.88192 0.4714 -0
vn 0.88192 0.4714 0
vn 0.88192 0.4714 -0
vn 0.88192 0.4714 0
vn 0.88192 0.4714 0
vn 0.88192 0.4714 -0
vn 0.88192 0.4714 -0
vn 0.88192 0.4714 -0
vn 0.88192 0.4714 0
vn 0.88192 0.4714 0
vn 0.88192 0.4714 0
vn 0.88192 0.4714 -0
vn 0.88192 0.4714 0
vn 0.88192 0.4714 -0
vn 0.88192 0.4714 -0
vn 0.88192 0.4714 0
vn 0.88192 0.4714 -0
vn 0.88192 0.4714 0
vn 0.88192 0.4714 -0
vn 0.88192 0.4714 0
vn -0.95694 -0.29028 0
vn -0.99518 -0.09802 0
vn -0.29028 -0.95694 0
vn -0.09802 -0.99518 0
vn -0.77301 -0.63439 0
vn -0.63439 -0.77301 0
vn -0.99518 0.09802 0
vn -0.95694 0.29028 0
vn -0.77301 0.63439 0
vn -0.63439 0.77301 0
vn -0.29028 0.95694 0
vn -0.09802 0.99518 0
vn 0.09802 -0.99518 0
vn 0.09802 -0.99518 0
vn 0.29028 -0.95694 0
vn 0.29028 -0.95694 0
vn 0.09802 -0.99518 0
vn 0.09802 -0.99518 0
vn 0.4714 -0.88192 0
vn 0.63439 -0.77301 0
vn 0.63439 -0.77301 0
vn 0.77301 -0.63439 0
vn 0.88192 -0.4714 0
vn 0.95694 -0.29028 0
vn 0.95694 -0.29028 0
vn 0.99518 -0.09802 0
vn 0.99518 -0.09802 0
vn 0.63439 0.77301 0
vn 0.77301 0.63439 0
vn 0.63439 0.77301 0
vn 0.09802 0.99518 0
vn 0.09802 0.99518 0
vn 0.29028 0.95694 0
vn 0.29028 0.95694 0
vn 0.09802 0.99518 0
vn 0.09802 0.99518 0
vn 0.4714 0.88192 0
vn 0.99518 0.09802 0
vn 0.99518 0.09802 0
vn 0.95694 0.29028 0
vn 0.95694 0.29028 0
vn 0.88192 0.4714 0
vn -0.46913 -0.88192 0.0462
vn -0.76929 -0.63439 0.07577
vn -0.87767 -0.4714 0.08644
vn -0.95233 -0.29028 0.0938
vn -0.99039 -0.09802 0.09755
vn -0.63134 -0.77301 0.06218
vn -0.46913 -0.88192 0.0462
vn 0.09802 -0 0.99518
vn -0.87767 -0.4714 0.08644
vn -0.76929 -0.63439 0.07577
vn -0.95233 -0.29028 0.0938
vn -0.99039 -0.09802 0.09755
vn -0.63134 -0.77301 0.06218
vn 0.09802 0 0.99518
vn 0.09802 0 0.99518
vn 0.09802 0 0.99518
vn 0.09802 0 0.99518
vn 0.09802 0 0.99518
vn 0.09802 0 0.99518
vn 0.09802 0 0.99518
vn 0.09802 0 0.99518
vn -0.99039 0.09802 0.09755
vn -0.95233 0.29028 0.0938
vn -0.87767 0.4714 0.08644
vn -0.76929 0.63439 0.07577
vn -0.63134 0.77301 0.06218
vn -0.46913 0.88192 0.0462
vn -0.28889 0.95694 0.02845
vn -0.99039 0.09802 0.09755
vn -0.95233 0.29028 0.0938
vn -0.87767 0.4714 0.08644
vn -0.76929 0.63439 0.07577
vn 0.09802 0 0.99518
vn 0.09802 -0 0.99518
vn -0.63134 0.77301 0.06218
vn 0.09802 -0 0.99518
vn 0.09802 -0 0.99518
vn 0.09802 -0 0.99518
vn 0.09802 -0 0.99518
vn 0.09802 0 0.99518
vn 0.09802 0 0.99518
vn 0.09802 0 0.99518
vn 0.09802 0 0.99518
vn -0.46913 0.88192 0.0462
vn -0.09755 -0.99518 0.00961
vn -0.09802 0 -0.99518
vn -0.09802 -0 -0.99518
vn -0.09802 0 -0.99518
vn -0.09802 0 -0.99518
vn -0.09802 -0 -0.99518
vn -0.09802 0 -0.99518
vn 0.09755 -0.99518 -0.00961
vn -0.28889 -0.95694 0.02845
vn -0.09755 -0.99518 0.00961
vn -0.09755 -0.99518 0.00961
vn 0.28889 -0.95694 -0.02845
vn 0.46913 -0.88192 -0.0462
vn 0.09755 -0.99518 -0.00961
vn 0.28889 -0.95694 -0.02845
vn 0.46913 -0.88192 -0.0462
vn -0.09802 -0 -0.99518
vn -0.09802 -0 -0.99518
vn -0.09802 0 -0.99518
vn -0.09802 0 -0.99518
vn -0.09802 0 -0.99518
vn -0.09802 0 -0.99518
vn -0.09802 -0 -0.99518
vn -0.09802 0 -0.99518
vn -0.09802 0 -0.99518
vn 0.63134 -0.77301 -0.06218
vn 0.76929 -0.63439 -0.07577
vn 0.87767 -0.4714 -0.08644
vn 0.63134 -0.77301 -0.06218
vn 0.76929 -0.63439 -0.07577
vn 0.87767 -0.4714 -0.08644
vn 0.95233 -0.29028 -0.0938
vn 0.99039 -0.09802 -0.09755
vn 0.95233 -0.29028 -0.0938
vn 0.99039 -0.09802 -0.09755
vn -0.28889 -0.95694 0.02845
vn -0.09755 -0.99518 0.00961
vn 0.09755 -0.99518 -0.00961
vn 0.09802 0 0.99518
vn 0.09802 0 0.99518
vn 0.09802 0 0.99518
vn 0.09802 -0 0.99518
vn 0.09755 -0.99518 -0.00961
vn 0.09755 -0.99518 -0.00961
vn 0.09802 -0 0.99518
vn 0.09802 -0 0.99518
vn 0.28889 -0.95694 -0.02845
vn -0.09802 0 -0.99518
vn -0.09802 -0 -0.99518
vn -0.09755 0.99518 0.00961
vn -0.09802 -0 -0.99518
vn -0.09802 -0 -0.99518
vn -0.09802 0 -0.99518
vn -0.09802 -0 -0.99518
vn -0.09802 0 -0.99518
vn -0.09802 0 -0.99518
vn 0.09755 0.99518 -0.00961
vn -0.09755 0.99518 0.00961
vn -0.09755 0.99518 0.00961
vn 0.28889 0.95694 -0.02845
vn 0.46913 0.88192 -0.0462
vn 0.09755 0.99518 -0.00961
vn 0.28889 0.95694 -0.02845
vn 0.46913 0.88192 -0.0462
vn -0.09802 0 -0.99518
vn -0.09802 0 -0.99518
vn -0.09802 -0 -0.99518
vn -0.09802 0 -0.99518
vn -0.09802 0 -0.99518
vn -0.09802 -0 -0.99518
vn -0.09802 -0 -0.99518
vn -0.09802 -0 -0.99518
vn 0.95233 0.29028 -0.0938
vn 0.63134 0.77301 -0.06218
vn 0.76929 0.63439 -0.07577
vn 0.87767 0.4714 -0.08644
vn 0.63134 0.77301 -0.06218
vn 0.76929 0.63439 -0.07577
vn 0.87767 0.4714 -0.08644
vn 0.99039 0.09802 -0.09755
vn 0.99039 0.09802 -0.09755
vn 0.95233 0.29028 -0.0938
vn 0.09802 -0 0.99518
vn -0.28889 0.95694 0.02845
vn 0.09755 0.99518 -0.00961
vn -0.09755 0.99518 0.00961
vn 0.09802 -0 0.99518
vn 0.09802 -0 0.99518
vn 0.09802 -0 0.99518
vn 0.09802 0 0.99518
vn 0.09755 0.99518 -0.00961
vn 0.09755 0.99518 -0.00961
vn 0.09802 0 0.99518
vn 0.09802 0 0.99518
vn 0.28889 0.95694 -0.02845
vn -0.93855 -0.29028 0.18669
vn -0.97606 -0.09802 0.19415
vn -0.97606 0.09802 0.19415
vn -0.93855 0.29028 0.18669
vn -0.19509 0 -0.98079
vn -0.19509 -0 -0.98079
vn -0.19509 0 -0.98079
vn -0.09613 -0.99518 0.01912
vn -0.09613 -0.99518 0.01912
vn -0.46234 -0.88192 0.09196
vn -0.28471 -0.95694 0.05663
vn -0.28471 -0.95694 0.05663
vn -0.86498 -0.4714 0.17205
vn -0.75816 -0.63439 0.15081
vn -0.6222 -0.77301 0.12376
vn -0.19509 -0 -0.98079
vn -0.19509 -0 -0.98079
vn -0.19509 0 -0.98079
vn 0.09613 -0.99518 -0.01912
vn 0.28471 -0.95694 -0.05663
vn 0.28471 -0.95694 -0.05663
vn 0.46234 -0.88192 -0.09196
vn 0.28471 -0.95694 -0.05663
vn 0.46234 -0.88192 -0.09196
vn -0.19509 0 -0.98079
vn -0.19509 0 -0.98079
vn -0.19509 0 -0.98079
vn -0.19509 0 -0.98079
vn -0.19509 0 -0.98079
vn -0.19509 0 -0.98079
vn -0.19509 0 -0.98079
vn -0.19509 0 -0.98079
vn 0.6222 -0.77301 -0.12376
vn 0.75816 -0.63439 -0.15081
vn 0.6222 -0.77301 -0.12376
vn -0.19509 0 -0.98079
vn 0.86498 -0.4714 -0.17205
vn 0.75816 -0.63439 -0.15081
vn 0.86498 -0.4714 -0.17205
vn 0.93855 -0.29028 -0.18669
vn 0.97606 -0.09802 -0.19415
vn 0.93855 -0.29028 -0.18669
vn 0.97606 -0.09802 -0.19415
vn -0.46234 -0.88192 0.09196
vn -0.28471 -0.95694 0.05663
vn -0.86498 -0.4714 0.17205
vn -0.75816 -0.63439 0.15081
vn -0.93855 -0.29028 0.18669
vn -0.97606 -0.09802 0.19415
vn -0.6222 -0.77301 0.12376
vn 0.19509 0 0.98079
vn 0.19509 0 0.98079
vn 0.19509 0 0.98079
vn 0.19509 0 0.98079
vn 0.19509 0 0.98079
vn 0.19509 0 0.98079
vn 0.19509 0 0.98079
vn -0.09613 -0.99518 0.01912
vn 0.09613 -0.99518 -0.01912
vn 0.19509 0 0.98079
vn 0.19509 0 0.98079
vn 0.19509 0 0.98079
vn 0.19509 0 0.98079
vn 0.28471 -0.95694 -0.05663
vn 0.19509 -0 0.98079
vn 0.19509 -0 0.98079
vn 0.19509 -0 0.98079
vn 0.19509 0 0.98079
vn -0.86498 0.4714 0.17205
vn -0.75816 0.63439 0.15081
vn -0.6222 0.77301 0.12376
vn -0.19509 -0 -0.98079
vn -0.19509 0 -0.98079
vn -0.09613 0.99518 0.01912
vn -0.19509 -0 -0.98079
vn -0.46234 0.88192 0.09196
vn -0.28471 0.95694 0.05663
vn -0.28471 0.95694 0.05663
vn -0.19509 -0 -0.98079
vn -0.19509 -0 -0.98079
vn -0.19509 0 -0.98079
vn -0.19509 0 -0.98079
vn -0.19509 0 -0.98079
vn -0.19509 -0 -0.98079
vn -0.19509 -0 -0.98079
vn -0.19509 -0 -0.98079
vn 0.75816 0.63439 -0.15081
vn 0.6222 0.77301 -0.12376
vn 0.6222 0.77301 -0.12376
vn -0.19509 0 -0.98079
vn -0.19509 0 -0.98079
vn -0.19509 -0 -0.98079
vn -0.19509 -0 -0.98079
vn -0.09613 0.99518 0.01912
vn 0.09613 0.99518 -0.01912
vn 0.28471 0.95694 -0.05663
vn 0.28471 0.95694 -0.05663
vn 0.46234 0.88192 -0.09196
vn 0.28471 0.95694 -0.05663
vn 0.46234 0.88192 -0.09196
vn -0.19509 0 -0.98079
vn -0.19509 0 -0.98079
vn 0.97606 0.09802 -0.19415
vn 0.93855 0.29028 -0.18669
vn 0.97606 0.09802 -0.19415
vn 0.93855 0.29028 -0.18669
vn 0.86498 0.4714 -0.17205
vn 0.86498 0.4714 -0.17205
vn 0.75816 0.63439 -0.15081
vn -0.97606 0.09802 0.19415
vn -0.93855 0.29028 0.18669
vn -0.86498 0.4714 0.17205
vn -0.75816 0.63439 0.15081
vn -0.6222 0.77301 0.12376
vn 0.19509 0 0.98079
vn 0.19509 0 0.98079
vn 0.19509 -0 0.98079
vn 0.19509 0 0.98079
vn 0.19509 -0 0.98079
vn 0.19509 -0 0.98079
vn 0.19509 0 0.98079
vn 0.19509 0 0.98079
vn 0.19509 0 0.98079
vn -0.46234 0.88192 0.09196
vn -0.28471 0.95694 0.05663
vn 0.19509 -0 0.98079
vn 0.19509 -0 0.98079
vn -0.09613 0.99518 0.01912
vn 0.09613 0.99518 -0.01912
vn 0.19509 -0 0.98079
vn 0.19509 -0 0.98079
vn 0.19509 -0 0.98079
vn 0.19509 -0 0.98079
vn 0.28471 0.95694 -0.05663
vn 0.19509 0 0.98079
vn 0.19509 0 0.98079
vn -0.29028 -0 -0.95694
vn -0.29028 0 -0.95694
vn -0.29028 -0 -0.95694
vn -0.27779 -0.95694 0.08427
vn -0.4511 -0.88192 0.13684
vn -0.27779 -0.95694 0.08427
vn -0.73972 -0.63439 0.22439
vn -0.84395 -0.4714 0.25601
vn -0.91573 -0.29028 0.27779
vn -0.95233 -0.09802 0.28889
vn -0.60708 -0.77301 0.18415
vn -0.91573 -0.29028 0.27779
vn -0.95233 -0.09802 0.28889
vn -0.73972 -0.63439 0.22439
vn -0.84395 -0.4714 0.25601
vn -0.60708 -0.77301 0.18415
vn 0.29028 0 0.95694
vn 0.29028 -0 0.95694
vn -0.29028 0 -0.95694
vn -0.29028 -0 -0.95694
vn -0.29028 -0 -0.95694
vn -0.29028 0 -0.95694
vn 0.27779 -0.95694 -0.08427
vn 0.4511 -0.88192 -0.13684
vn -0.0938 -0.99518 0.02845
vn -0.27779 -0.95694 0.08427
vn 0.0938 -0.99518 -0.02845
vn -0.0938 -0.99518 0.02845
vn 0.0938 -0.99518 -0.02845
vn 0.27779 -0.95694 -0.08427
vn 0.27779 -0.95694 -0.08427
vn 0.27779 -0.95694 -0.08427
vn -0.29028 -0 -0.95694
vn -0.29028 -0 -0.95694
vn -0.29028 0 -0.95694
vn -0.29028 0 -0.95694
vn -0.29028 -0 -0.95694
vn 0.60708 -0.77301 -0.18415
vn -0.29028 -0 -0.95694
vn -0.29028 0 -0.95694
vn -0.29028 0 -0.95694
vn -0.29028 -0 -0.95694
vn 0.4511 -0.88192 -0.13684
vn 0.73972 -0.63439 -0.22439
vn 0.84395 -0.4714 -0.25601
vn 0.91573 -0.29028 -0.27779
vn 0.95233 -0.09802 -0.28889
vn 0.73972 -0.63439 -0.22439
vn 0.84395 -0.4714 -0.25601
vn 0.60708 -0.77301 -0.18415
vn 0.91573 -0.29028 -0.27779
vn 0.95233 -0.09802 -0.28889
vn -0.4511 -0.88192 0.13684
vn -0.27779 -0.95694 0.08427
vn 0.29028 -0 0.95694
vn 0.29028 0 0.95694
vn 0.29028 -0 0.95694
vn 0.29028 0 0.95694
vn 0.29028 0 0.95694
vn 0.29028 -0 0.95694
vn 0.29028 -0 0.95694
vn 0.29028 -0 0.95694
vn 0.29028 0 0.95694
vn 0.29028 0 0.95694
vn 0.29028 -0 0.95694
vn 0.29028 0 0.95694
vn 0.29028 -0 0.95694
vn 0.29028 0 0.95694
vn -0.95233 0.09802 0.28889
vn -0.91573 0.29028 0.27779
vn -0.84395 0.4714 0.25601
vn -0.73972 0.63439 0.22439
vn -0.60708 0.77301 0.18415
vn -0.29028 0 -0.95694
vn -0.29028 0 -0.95694
vn -0.27779 0.95694 0.08427
vn -0.4511 0.88192 0.13684
vn -0.27779 0.95694 0.08427
vn -0.95233 0.09802 0.28889
vn -0.91573 0.29028 0.27779
vn -0.84395 0.4714 0.25601
vn 0.29028 0 0.95694
vn 0.29028 -0 0.95694
vn -0.73972 0.63439 0.22439
vn -0.60708 0.77301 0.18415
vn -0.4511 0.88192 0.13684
vn -0.29028 0 -0.95694
vn -0.29028 0 -0.95694
vn -0.29028 -0 -0.95694
vn -0.29028 0 -0.95694
vn -0.29028 0 -0.95694
vn -0.29028 -0 -0.95694
vn -0.29028 -0 -0.95694
vn -0.29028 -0 -0.95694
vn -0.29028 -0 -0.95694
vn -0.29028 0 -0.95694
vn 0.60708 0.77301 -0.18415
vn -0.29028 -0 -0.95694
vn -0.29028 -0 -0.95694
vn -0.29028 0 -0.95694
vn -0.29028 -0 -0.95694
vn 0.27779 0.95694 -0.08427
vn 0.4511 0.88192 -0.13684
vn -0.0938 0.99518 0.02845
vn -0.27779 0.95694 0.08427
vn 0.0938 0.99518 -0.02845
vn -0.0938 0.99518 0.02845
vn 0.0938 0.99518 -0.02845
vn 0.27779 0.95694 -0.08427
vn 0.27779 0.95694 -0.08427
vn 0.4511 0.88192 -0.13684
vn 0.95233 0.09802 -0.28889
vn 0.91573 0.29028 -0.27779
vn 0.73972 0.63439 -0.22439
vn 0.84395 0.4714 -0.25601
vn 0.84395 0.4714 -0.25601
vn 0.73972 0.63439 -0.22439
vn 0.60708 0.77301 -0.18415
vn 0.95233 0.09802 -0.28889
vn 0.91573 0.29028 -0.27779
vn 0.29028 -0 0.95694
vn 0.29028 -0 0.95694
vn 0.29028 0 0.95694
vn 0.29028 -0 0.95694
vn 0.29028 0 0.95694
vn 0.29028 0 0.95694
vn 0.29028 -0 0.95694
vn 0.29028 0 0.95694
vn -0.27779 0.95694 0.08427
vn 0.29028 0 0.95694
vn 0.29028 -0 0.95694
vn 0.29028 0 0.95694
vn 0.29028 -0 0.95694
vn 0.29028 0 0.95694
vn 0.27779 0.95694 -0.08427
vn 0.29028 -0 0.95694
vn -0.38268 -0 -0.92388
vn -0.38268 -0 -0.92388
vn -0.38268 0 -0.92388
vn -0.38268 0 -0.92388
vn -0.81479 -0.4714 0.3375
vn -0.8841 -0.29028 0.36621
vn -0.91943 -0.09802 0.38084
vn -0.38268 0 -0.92388
vn -0.26819 -0.95694 0.11109
vn -0.38268 0 -0.92388
vn -0.38268 0 -0.92388
vn -0.38268 0 -0.92388
vn -0.38268 -0 -0.92388
vn -0.26819 -0.95694 0.11109
vn 0.09056 -0.99518 -0.03751
vn -0.09056 -0.99518 0.03751
vn -0.26819 -0.95694 0.11109
vn -0.43551 -0.88192 0.1804
vn -0.43551 -0.88192 0.1804
vn -0.26819 -0.95694 0.11109
vn -0.38268 -0 -0.92388
vn -0.71417 -0.63439 0.29582
vn -0.5861 -0.77301 0.24277
vn -0.81479 -0.4714 0.3375
vn -0.5861 -0.77301 0.24277
vn -0.71417 -0.63439 0.29582
vn -0.8841 -0.29028 0.36621
vn -0.91943 -0.09802 0.38084
vn 0.38268 0 0.92388
vn 0.38268 0 0.92388
vn 0.38268 -0 0.92388
vn 0.38268 -0 0.92388
vn 0.38268 0 0.92388
vn 0.38268 0 0.92388
vn -0.38268 0 -0.92388
vn -0.38268 -0 -0.92388
vn -0.38268 -0 -0.92388
vn -0.38268 -0 -0.92388
vn -0.38268 -0 -0.92388
vn -0.38268 0 -0.92388
vn 0.26819 -0.95694 -0.11109
vn 0.43551 -0.88192 -0.1804
vn 0.26819 -0.95694 -0.11109
vn 0.43551 -0.88192 -0.1804
vn 0.43551 -0.88192 -0.1804
vn 0.43551 -0.88192 -0.1804
vn 0.5861 -0.77301 -0.24277
vn 0.71417 -0.63439 -0.29582
vn 0.81479 -0.4714 -0.3375
vn 0.8841 -0.29028 -0.36621
vn 0.91943 -0.09802 -0.38084
vn 0.5861 -0.77301 -0.24277
vn 0.71417 -0.63439 -0.29582
vn 0.81479 -0.4714 -0.3375
vn 0.8841 -0.29028 -0.36621
vn 0.91943 -0.09802 -0.38084
vn 0.38268 -0 0.92388
vn 0.38268 0 0.92388
vn 0.38268 -0 0.92388
vn 0.38268 0 0.92388
vn 0.38268 0 0.92388
vn 0.38268 0 0.92388
vn 0.38268 -0 0.92388
vn 0.38268 -0 0.92388
vn 0.38268 -0 0.92388
vn 0.38268 -0 0.92388
vn -0.38268 -0 -0.92388
vn -0.38268 0 -0.92388
vn -0.91943 0.09802 0.38084
vn -0.8841 0.29028 0.36621
vn -0.81479 0.4714 0.3375
vn -0.38268 0 -0.92388
vn -0.91943 0.09802 0.38084
vn -0.8841 0.29028 0.36621
vn -0.71417 0.63439 0.29582
vn -0.5861 0.77301 0.24277
vn -0.81479 0.4714 0.3375
vn -0.71417 0.63439 0.29582
vn -0.5861 0.77301 0.24277
vn -0.38268 -0 -0.92388
vn -0.38268 -0 -0.92388
vn -0.38268 -0 -0.92388
vn -0.38268 0 -0.92388
vn -0.38268 0 -0.92388
vn -0.38268 0 -0.92388
vn -0.26819 0.95694 0.11109
vn 0.09056 0.99518 -0.03751
vn -0.09056 0.99518 0.03751
vn -0.43551 0.88192 0.1804
vn -0.26819 0.95694 0.11109
vn -0.26819 0.95694 0.11109
vn -0.43551 0.88192 0.1804
vn -0.26819 0.95694 0.11109
vn 0.38268 -0 0.92388
vn 0.38268 -0 0.92388
vn 0.38268 -0 0.92388
vn 0.38268 0 0.92388
vn 0.38268 0 0.92388
vn 0.38268 -0 0.92388
vn -0.38268 0 -0.92388
vn -0.38268 0 -0.92388
vn -0.38268 -0 -0.92388
vn -0.38268 0 -0.92388
vn -0.38268 0 -0.92388
vn -0.38268 -0 -0.92388
vn -0.38268 -0 -0.92388
vn 0.91943 0.09802 -0.38084
vn 0.8841 0.29028 -0.36621
vn 0.71417 0.63439 -0.29582
vn 0.5861 0.77301 -0.24277
vn 0.81479 0.4714 -0.3375
vn 0.5861 0.77301 -0.24277
vn 0.71417 0.63439 -0.29582
vn 0.26819 0.95694 -0.11109
vn 0.43551 0.88192 -0.1804
vn 0.26819 0.95694 -0.11109
vn 0.43551 0.88192 -0.1804
vn 0.43551 0.88192 -0.1804
vn 0.43551 0.88192 -0.1804
vn 0.91943 0.09802 -0.38084
vn 0.8841 0.29028 -0.36621
vn 0.81479 0.4714 -0.3375
vn 0.38268 0 0.92388
vn 0.38268 0 0.92388
vn 0.38268 -0 0.92388
vn 0.38268 0 0.92388
vn 0.38268 0 0.92388
vn 0.38268 -0 0.92388
vn 0.38268 0 0.92388
vn 0.38268 -0 0.92388
vn 0.38268 0 0.92388
vn 0.38268 -0 0.92388
vn -0.4714 0 -0.88192
vn -0.41573 -0.88192 0.22221
vn -0.4714 0 -0.88192
vn -0.4714 0 -0.88192
vn -0.4714 0 -0.88192
vn -0.4714 -0 -0.88192
vn -0.4714 0 -0.88192
vn -0.4714 -0 -0.88192
vn -0.4714 -0 -0.88192
vn -0.4714 0 -0.88192
vn -0.4714 -0 -0.88192
vn -0.4714 0 -0.88192
vn -0.4714 0 -0.88192
vn -0.4714 -0 -0.88192
vn 0.41573 -0.88192 -0.22221
vn -0.4714 0 -0.88192
vn 0.55948 -0.77301 -0.29905
vn -0.4714 0 -0.88192
vn -0.4714 -0 -0.88192
vn 0.68173 -0.63439 -0.36439
vn 0.77779 -0.4714 -0.41573
vn 0.84395 -0.29028 -0.4511
vn 0.87767 -0.09802 -0.46913
vn -0.77779 -0.4714 0.41573
vn -0.84395 -0.29028 0.4511
vn -0.87767 -0.09802 0.46913
vn -0.41573 -0.88192 0.22221
vn -0.41573 -0.88192 0.22221
vn -0.25601 -0.95694 0.13684
vn -0.08644 -0.99518 0.0462
vn 0.08644 -0.99518 -0.0462
vn -0.41573 -0.88192 0.22221
vn -0.25601 -0.95694 0.13684
vn -0.55948 -0.77301 0.29905
vn -0.68173 -0.63439 0.36439
vn -0.68173 -0.63439 0.36439
vn -0.77779 -0.4714 0.41573
vn -0.87767 -0.09802 0.46913
vn -0.84395 -0.29028 0.4511
vn -0.55948 -0.77301 0.29905
vn 0.4714 -0 0.88192
vn 0.4714 -0 0.88192
vn 0.4714 0 0.88192
vn 0.25601 -0.95694 -0.13684
vn -0.08644 -0.99518 0.0462
vn 0.08644 -0.99518 -0.0462
vn 0.41573 -0.88192 -0.22221
vn 0.41573 -0.88192 -0.22221
vn 0.25601 -0.95694 -0.13684
vn 0.41573 -0.88192 -0.22221
vn 0.41573 -0.88192 -0.22221
vn 0.4714 0 0.88192
vn 0.4714 -0 0.88192
vn 0.4714 0 0.88192
vn 0.4714 0 0.88192
vn 0.4714 -0 0.88192
vn 0.55948 -0.77301 -0.29905
vn 0.68173 -0.63439 -0.36439
vn 0.4714 0 0.88192
vn 0.4714 0 0.88192
vn 0.4714 -0 0.88192
vn 0.4714 0 0.88192
vn 0.4714 -0 0.88192
vn 0.4714 0 0.88192
vn 0.4714 -0 0.88192
vn 0.4714 0 0.88192
vn 0.4714 0 0.88192
vn 0.4714 -0 0.88192
vn 0.55948 -0.77301 -0.29905
vn 0.77779 -0.4714 -0.41573
vn 0.84395 -0.29028 -0.4511
vn 0.87767 -0.09802 -0.46913
vn 0.4714 0 0.88192
vn -0.41573 0.88192 0.22221
vn -0.4714 0 -0.88192
vn -0.4714 0 -0.88192
vn -0.4714 -0 -0.88192
vn -0.4714 -0 -0.88192
vn -0.4714 0 -0.88192
vn -0.4714 -0 -0.88192
vn -0.4714 0 -0.88192
vn -0.4714 -0 -0.88192
vn -0.4714 -0 -0.88192
vn -0.4714 -0 -0.88192
vn -0.4714 0 -0.88192
vn -0.4714 -0 -0.88192
vn -0.4714 -0 -0.88192
vn -0.4714 0 -0.88192
vn -0.4714 -0 -0.88192
vn -0.4714 -0 -0.88192
vn 0.55948 0.77301 -0.29905
vn 0.87767 0.09802 -0.46913
vn 0.84395 0.29028 -0.4511
vn 0.68173 0.63439 -0.36439
vn 0.77779 0.4714 -0.41573
vn 0.41573 0.88192 -0.22221
vn -0.87767 0.09802 0.46913
vn -0.84395 0.29028 0.4511
vn -0.77779 0.4714 0.41573
vn -0.68173 0.63439 0.36439
vn -0.55948 0.77301 0.29905
vn -0.87767 0.09802 0.46913
vn -0.84395 0.29028 0.4511
vn -0.77779 0.4714 0.41573
vn -0.68173 0.63439 0.36439
vn 0.4714 0 0.88192
vn -0.55948 0.77301 0.29905
vn -0.41573 0.88192 0.22221
vn -0.41573 0.88192 0.22221
vn -0.25601 0.95694 0.13684
vn -0.08644 0.99518 0.0462
vn 0.08644 0.99518 -0.0462
vn -0.41573 0.88192 0.22221
vn -0.25601 0.95694 0.13684
vn 0.4714 0 0.88192
vn 0.4714 -0 0.88192
vn 0.4714 0 0.88192
vn 0.55948 0.77301 -0.29905
vn 0.68173 0.63439 -0.36439
vn 0.4714 -0 0.88192
vn 0.4714 -0 0.88192
vn 0.4714 -0 0.88192
vn 0.4714 -0 0.88192
vn 0.4714 -0 0.88192
vn 0.4714 0 0.88192
vn 0.4714 0 0.88192
vn 0.4714 0 0.88192
vn 0.4714 0 0.88192
vn 0.4714 -0 0.88192
vn 0.25601 0.95694 -0.13684
vn -0.08644 0.99518 0.0462
vn 0.08644 0.99518 -0.0462
vn 0.41573 0.88192 -0.22221
vn 0.41573 0.88192 -0.22221
vn 0.25601 0.95694 -0.13684
vn 0.41573 0.88192 -0.22221
vn 0.41573 0.88192 -0.22221
vn 0.4714 -0 0.88192
vn 0.4714 0 0.88192
vn 0.4714 -0 0.88192
vn 0.4714 -0 0.88192
vn 0.4714 0 0.88192
vn 0.87767 0.09802 -0.46913
vn 0.84395 0.29028 -0.4511
vn 0.77779 0.4714 -0.41573
vn 0.55948 0.77301 -0.29905
vn -0.79567 -0.29028 0.53165
vn -0.82747 -0.09802 0.5529
vn -0.55557 0 -0.83147
vn -0.55557 -0 -0.83147
vn -0.55557 -0 -0.83147
vn -0.55557 0 -0.83147
vn -0.55557 -0 -0.83147
vn -0.0815 -0.99518 0.05446
vn -0.55557 -0 -0.83147
vn 0.0815 -0.99518 -0.05446
vn -0.39195 -0.88192 0.26189
vn -0.39195 -0.88192 0.26189
vn -0.52748 -0.77301 0.35245
vn -0.52748 -0.77301 0.35245
vn -0.24136 -0.95694 0.16127
vn -0.39195 -0.88192 0.26189
vn -0.39195 -0.88192 0.26189
vn -0.24136 -0.95694 0.16127
vn -0.0815 -0.99518 0.05446
vn -0.24136 -0.95694 0.16127
vn -0.0815 -0.99518 0.05446
vn 0.0815 -0.99518 -0.05446
vn -0.55557 -0 -0.83147
vn -0.55557 0 -0.83147
vn -0.55557 0 -0.83147
vn -0.55557 0 -0.83147
vn -0.55557 -0 -0.83147
vn -0.55557 0 -0.83147
vn -0.52748 -0.77301 0.35245
vn -0.64273 -0.63439 0.42946
vn -0.73329 -0.4714 0.48997
vn -0.73329 -0.4714 0.48997
vn -0.64273 -0.63439 0.42946
vn -0.52748 -0.77301 0.35245
vn -0.64273 -0.63439 0.42946
vn -0.64273 -0.63439 0.42946
vn -0.79567 -0.29028 0.53165
vn -0.79567 -0.29028 0.53165
vn -0.82747 -0.09802 0.5529
vn 0.24136 -0.95694 -0.16127
vn 0.24136 -0.95694 -0.16127
vn 0.24136 -0.95694 -0.16127
vn 0.24136 -0.95694 -0.16127
vn 0.39195 -0.88192 -0.26189
vn 0.39195 -0.88192 -0.26189
vn 0.39195 -0.88192 -0.26189
vn -0.55557 0 -0.83147
vn -0.55557 0 -0.83147
vn 0.52748 -0.77301 -0.35245
vn 0.52748 -0.77301 -0.35245
vn -0.55557 0 -0.83147
vn -0.55557 -0 -0.83147
vn 0.64273 -0.63439 -0.42946
vn 0.64273 -0.63439 -0.42946
vn 0.73329 -0.4714 -0.48997
vn 0.73329 -0.4714 -0.48997
vn 0.64273 -0.63439 -0.42946
vn 0.79567 -0.29028 -0.53165
vn 0.73329 -0.4714 -0.48997
vn 0.79567 -0.29028 -0.53165
vn 0.79567 -0.29028 -0.53165
vn 0.82747 -0.09802 -0.5529
vn 0.82747 -0.09802 -0.5529
vn 0.82747 -0.09802 -0.5529
vn 0.82747 -0.09802 -0.5529
vn 0.82747 -0.09802 -0.5529
vn 0.82747 -0.09802 -0.5529
vn -0.82747 0.09802 0.5529
vn -0.79567 0.29028 0.53165
vn -0.55557 -0 -0.83147
vn -0.55557 0 -0.83147
vn -0.55557 0 -0.83147
vn -0.55557 -0 -0.83147
vn -0.55557 -0 -0.83147
vn -0.55557 -0 -0.83147
vn -0.82747 0.09802 0.5529
vn -0.79567 0.29028 0.53165
vn -0.79567 0.29028 0.53165
vn -0.52748 0.77301 0.35245
vn -0.73329 0.4714 0.48997
vn -0.73329 0.4714 0.48997
vn -0.64273 0.63439 0.42946
vn -0.64273 0.63439 0.42946
vn -0.64273 0.63439 0.42946
vn -0.64273 0.63439 0.42946
vn -0.52748 0.77301 0.35245
vn -0.55557 0 -0.83147
vn -0.55557 0 -0.83147
vn -0.55557 -0 -0.83147
vn -0.55557 -0 -0.83147
vn -0.55557 0 -0.83147
vn -0.0815 0.99518 0.05446
vn -0.55557 0 -0.83147
vn 0.0815 0.99518 -0.05446
vn -0.39195 0.88192 0.26189
vn -0.39195 0.88192 0.26189
vn -0.52748 0.77301 0.35245
vn -0.52748 0.77301 0.35245
vn -0.24136 0.95694 0.16127
vn -0.39195 0.88192 0.26189
vn -0.39195 0.88192 0.26189
vn -0.24136 0.95694 0.16127
vn -0.0815 0.99518 0.05446
vn -0.24136 0.95694 0.16127
vn -0.0815 0.99518 0.05446
vn 0.0815 0.99518 -0.05446
vn -0.55557 0 -0.83147
vn -0.55557 -0 -0.83147
vn -0.55557 -0 -0.83147
vn -0.55557 -0 -0.83147
vn 0.52748 0.77301 -0.35245
vn 0.52748 0.77301 -0.35245
vn 0.79567 0.29028 -0.53165
vn 0.82747 0.09802 -0.5529
vn 0.82747 0.09802 -0.5529
vn 0.82747 0.09802 -0.5529
vn 0.82747 0.09802 -0.5529
vn 0.82747 0.09802 -0.5529
vn 0.82747 0.09802 -0.5529
vn 0.79567 0.29028 -0.53165
vn 0.79567 0.29028 -0.53165
vn 0.73329 0.4714 -0.48997
vn 0.64273 0.63439 -0.42946
vn 0.73329 0.4714 -0.48997
vn 0.73329 0.4714 -0.48997
vn 0.64273 0.63439 -0.42946
vn 0.64273 0.63439 -0.42946
vn 0.24136 0.95694 -0.16127
vn 0.24136 0.95694 -0.16127
vn 0.24136 0.95694 -0.16127
vn 0.24136 0.95694 -0.16127
vn 0.39195 0.88192 -0.26189
vn 0.39195 0.88192 -0.26189
vn 0.39195 0.88192 -0.26189
vn -0.63439 -0 -0.77301
vn 0.07577 -0.99518 -0.06218
vn 0.07577 -0.99518 -0.06218
vn -0.63439 -0 -0.77301
vn -0.63439 -0 -0.77301
vn -0.63439 -0 -0.77301
vn -0.63439 -0 -0.77301
vn -0.63439 -0 -0.77301
vn -0.63439 0 -0.77301
vn -0.63439 0 -0.77301
vn -0.63439 -0 -0.77301
vn -0.63439 0 -0.77301
vn -0.63439 0 -0.77301
vn -0.63439 0 -0.77301
vn -0.63439 -0 -0.77301
vn 0.22439 -0.95694 -0.18415
vn 0.36439 -0.88192 -0.29905
vn 0.49039 -0.77301 -0.40245
vn 0.59755 -0.63439 -0.49039
vn 0.68173 -0.4714 -0.55948
vn 0.73972 -0.29028 -0.60708
vn 0.76929 -0.09802 -0.63134
vn 0.07577 -0.99518 -0.06218
vn 0.07577 -0.99518 -0.06218
vn -0.07577 -0.99518 0.06218
vn -0.07577 -0.99518 0.06218
vn -0.22439 -0.95694 0.18415
vn -0.22439 -0.95694 0.18415
vn -0.36439 -0.88192 0.29905
vn -0.36439 -0.88192 0.29905
vn -0.73972 -0.29028 0.60708
vn -0.76929 -0.09802 0.63134
vn -0.76929 -0.09802 0.63134
vn -0.76929 -0.09802 0.63134
vn -0.49039 -0.77301 0.40245
vn -0.49039 -0.77301 0.40245
vn -0.59755 -0.63439 0.49039
vn -0.59755 -0.63439 0.49039
vn -0.59755 -0.63439 0.49039
vn -0.68173 -0.4714 0.55948
vn -0.49039 -0.77301 0.40245
vn -0.59755 -0.63439 0.49039
vn -0.68173 -0.4714 0.55948
vn -0.68173 -0.4714 0.55948
vn -0.73972 -0.29028 0.60708
vn -0.76929 -0.09802 0.63134
vn -0.07577 -0.99518 0.06218
vn 0.07577 -0.99518 -0.06218
vn 0.22439 -0.95694 -0.18415
vn -0.22439 -0.95694 0.18415
vn -0.36439 -0.88192 0.29905
vn 0.63439 -0 0.77301
vn 0.63439 0 0.77301
vn 0.63439 -0 0.77301
vn 0.63439 0 0.77301
vn 0.63439 -0 0.77301
vn 0.49039 -0.77301 -0.40245
vn 0.63439 -0 0.77301
vn 0.63439 0 0.77301
vn 0.63439 0 0.77301
vn 0.63439 0 0.77301
vn 0.63439 0 0.77301
vn 0.68173 -0.4714 -0.55948
vn 0.73972 -0.29028 -0.60708
vn 0.76929 -0.09802 -0.63134
vn 0.63439 -0 0.77301
vn 0.63439 -0 0.77301
vn 0.63439 0 0.77301
vn 0.63439 -0 0.77301
vn 0.63439 -0 0.77301
vn -0.63439 0 -0.77301
vn -0.63439 -0 -0.77301
vn -0.63439 0 -0.77301
vn -0.63439 -0 -0.77301
vn -0.63439 -0 -0.77301
vn -0.63439 -0 -0.77301
vn -0.63439 0 -0.77301
vn -0.63439 -0 -0.77301
vn -0.63439 -0 -0.77301
vn -0.63439 0 -0.77301
vn 0.07577 0.99518 -0.06218
vn 0.07577 0.99518 -0.06218
vn -0.63439 0 -0.77301
vn -0.63439 0 -0.77301
vn -0.63439 0 -0.77301
vn 0.59755 0.63439 -0.49039
vn 0.49039 0.77301 -0.40245
vn 0.76929 0.09802 -0.63134
vn 0.73972 0.29028 -0.60708
vn 0.68173 0.4714 -0.55948
vn 0.22439 0.95694 -0.18415
vn 0.36439 0.88192 -0.29905
vn -0.76929 0.09802 0.63134
vn -0.76929 0.09802 0.63134
vn -0.76929 0.09802 0.63134
vn -0.73972 0.29028 0.60708
vn -0.76929 0.09802 0.63134
vn -0.73972 0.29028 0.60708
vn -0.68173 0.4714 0.55948
vn -0.68173 0.4714 0.55948
vn -0.59755 0.63439 0.49039
vn -0.59755 0.63439 0.49039
vn -0.49039 0.77301 0.40245
vn -0.49039 0.77301 0.40245
vn -0.59755 0.63439 0.49039
vn -0.49039 0.77301 0.40245
vn -0.68173 0.4714 0.55948
vn -0.59755 0.63439 0.49039
vn 0.07577 0.99518 -0.06218
vn 0.07577 0.99518 -0.06218
vn -0.07577 0.99518 0.06218
vn -0.07577 0.99518 0.06218
vn -0.22439 0.95694 0.18415
vn -0.22439 0.95694 0.18415
vn -0.36439 0.88192 0.29905
vn -0.36439 0.88192 0.29905
vn 0.49039 0.77301 -0.40245
vn 0.63439 -0 0.77301
vn 0.63439 -0 0.77301
vn 0.63439 0 0.77301
vn 0.63439 -0 0.77301
vn 0.63439 -0 0.77301
vn -0.07577 0.99518 0.06218
vn 0.07577 0.99518 -0.06218
vn 0.22439 0.95694 -0.18415
vn -0.22439 0.95694 0.18415
vn -0.36439 0.88192 0.29905
vn 0.63439 -0 0.77301
vn 0.63439 0 0.77301
vn 0.63439 0 0.77301
vn 0.63439 -0 0.77301
vn 0.63439 0 0.77301
vn 0.76929 0.09802 -0.63134
vn 0.68173 0.4714 -0.55948
vn 0.63439 0 0.77301
vn 0.63439 0 0.77301
vn 0.63439 -0 0.77301
vn 0.63439 0 0.77301
vn 0.63439 0 0.77301
vn -1 0 0
vn 0 -1 0
vn 1 0 0
vn 0 1 0
vn -0.58652 -0.71467 -0.38111
vn -0.7583 -0.62232 -0.19419
vn -0.7583 -0.62232 -0.19419
vn -0.7583 -0.62232 -0.19419
vn -0.7583 -0.62232 -0.19419
vn -0.77301 -0.63439 0
vn -0.58652 -0.71467 -0.38111
vn -0.63439 -0.77301 0
vn -0.62232 -0.7583 -0.19419
vn -0.71467 -0.58652 -0.38111
vn -0.71467 -0.58652 -0.38111
vn -0.88192 -0.4714 -0
vn -0.86513 -0.46242 -0.19419
vn -0.86513 -0.46242 -0.19419
vn -0.7583 -0.62232 0.19419
vn -0.7583 -0.62232 0.19419
vn -0.62232 -0.7583 0.19419
vn -0.58652 -0.71467 0.38111
vn -0.71467 -0.58652 0.38111
vn -0.71467 -0.58652 0.38111
vn -0.64369 -0.52826 0.55372
vn -0.95694 -0.29028 0
vn -0.88192 -0.4714 0
vn -0.95694 -0.29028 0
vn -0.95694 -0.29028 0
vn -0.93872 -0.28476 0.19419
vn -0.88472 -0.26838 0.38111
vn -0.95694 -0.29028 0
vn -0.99518 -0.09802 0
vn -0.93872 -0.28476 0.19419
vn -0.99518 -0.09802 -0
vn -0.99518 -0.09802 0
vn -0.97624 -0.09615 0.19419
vn -0.97624 -0.09615 0.19419
vn -0.88472 -0.26838 0.38111
vn -0.92008 -0.09062 0.38111
vn -0.92008 -0.09062 0.38111
vn -0.88192 -0.4714 0
vn -0.86513 -0.46242 0.19419
vn -0.86513 -0.46242 0.19419
vn -0.81536 -0.43582 0.38111
vn -0.81536 -0.43582 0.38111
vn -0.73438 -0.39253 0.55372
vn -0.64369 -0.52826 0.55372
vn -0.73438 -0.39253 0.55372
vn -0.79685 -0.24172 0.55372
vn -0.79685 -0.24172 0.55372
vn -0.8287 -0.08162 0.55372
vn -0.8287 -0.08162 0.55372
vn -0.62512 -0.33413 0.7054
vn -0.67829 -0.20576 0.7054
vn -0.67829 -0.20576 0.7054
vn -0.7054 -0.06948 0.7054
vn -0.7054 -0.06948 0.7054
vn -0.33413 -0.62512 -0.7054
vn -0.20576 -0.67829 -0.7054
vn -0.33413 -0.62512 -0.7054
vn -0.33413 -0.62512 -0.7054
vn -0.26277 -0.4916 -0.83023
vn -0.06948 -0.7054 -0.7054
vn -0.16181 -0.53342 -0.83023
vn -0.05464 -0.55474 -0.83023
vn -0.20576 -0.67829 -0.7054
vn -0.46242 -0.86513 -0.19419
vn -0.46242 -0.86513 -0.19419
vn -0.4714 -0.88192 0
vn -0.52826 -0.64369 -0.55372
vn -0.58652 -0.71467 -0.38111
vn -0.52826 -0.64369 -0.55372
vn -0.58652 -0.71467 -0.38111
vn -0.43582 -0.81536 -0.38111
vn -0.52826 -0.64369 -0.55372
vn -0.39253 -0.73438 -0.55372
vn -0.39253 -0.73438 -0.55372
vn -0.43582 -0.81536 -0.38111
vn -0.44967 -0.54792 -0.7054
vn -0.52826 -0.64369 -0.55372
vn -0.33413 -0.62512 -0.7054
vn -0.62232 -0.7583 -0.19419
vn -0.26838 -0.88472 -0.38111
vn -0.26838 -0.88472 -0.38111
vn -0.08162 -0.8287 -0.55372
vn -0.09062 -0.92008 -0.38111
vn -0.09062 -0.92008 -0.38111
vn -0.29028 -0.95694 0
vn -0.28476 -0.93872 -0.19419
vn -0.28476 -0.93872 -0.19419
vn -0.09615 -0.97624 -0.19419
vn -0.09615 -0.97624 -0.19419
vn -0.09802 -0.99518 0
vn -0.24172 -0.79685 -0.55372
vn -0.24172 -0.79685 -0.55372
vn -0.26277 -0.4916 -0.83023
vn -0.26277 -0.4916 -0.83023
vn -0.26277 -0.4916 -0.83023
vn -0.16181 -0.53342 -0.83023
vn -0.18114 -0.33889 -0.92322
vn -0.11155 -0.36772 -0.92322
vn -0.18114 -0.33889 -0.92322
vn -0.18114 -0.33889 -0.92322
vn -0.11155 -0.36772 -0.92322
vn -0.09239 -0.17285 -0.9806
vn -0.0569 -0.18756 -0.9806
vn -0.09239 -0.17285 -0.9806
vn -0.09239 -0.17285 -0.9806
vn -0.12434 -0.15151 -0.9806
vn -0.15151 -0.12434 -0.9806
vn -0.12434 -0.15151 -0.9806
vn -0.15151 -0.12434 -0.9806
vn -0.12434 -0.15151 -0.9806
vn -0.17285 -0.09239 -0.9806
vn -0.17285 -0.09239 -0.9806
vn -0.18756 -0.0569 -0.9806
vn -0.09239 -0.17285 -0.9806
vn 0.05464 -0.55474 -0.83023
vn -0.06948 -0.7054 -0.7054
vn 0.06948 -0.7054 -0.7054
vn 0.06948 -0.7054 -0.7054
vn 0.16181 -0.53342 -0.83023
vn 0.20576 -0.67829 -0.7054
vn 0.20576 -0.67829 -0.7054
vn 0.33413 -0.62512 -0.7054
vn 0.33413 -0.62512 -0.7054
vn 0.44967 -0.54792 -0.7054
vn 0.09062 -0.92008 -0.38111
vn 0.08162 -0.8287 -0.55372
vn 0.09062 -0.92008 -0.38111
vn 0.09615 -0.97624 -0.19419
vn 0.09615 -0.97624 -0.19419
vn 0.09802 -0.99518 0
vn -0.08162 -0.8287 -0.55372
vn 0.08162 -0.8287 -0.55372
vn 0.24172 -0.79685 -0.55372
vn 0.26838 -0.88472 -0.38111
vn 0.26838 -0.88472 -0.38111
vn 0.28476 -0.93872 -0.19419
vn 0.28476 -0.93872 -0.19419
vn 0.29028 -0.95694 0
vn 0.46242 -0.86513 -0.19419
vn 0.46242 -0.86513 -0.19419
vn 0.24172 -0.79685 -0.55372
vn 0.39253 -0.73438 -0.55372
vn 0.39253 -0.73438 -0.55372
vn 0.43582 -0.81536 -0.38111
vn 0.43582 -0.81536 -0.38111
vn 0.52826 -0.64369 -0.55372
vn -0.05464 -0.55474 -0.83023
vn 0.05464 -0.55474 -0.83023
vn -0.03766 -0.38241 -0.92322
vn -0.03766 -0.38241 -0.92322
vn 0.03766 -0.38241 -0.92322
vn 0.03766 -0.38241 -0.92322
vn 0.16181 -0.53342 -0.83023
vn 0.11155 -0.36772 -0.92322
vn 0.11155 -0.36772 -0.92322
vn 0.18114 -0.33889 -0.92322
vn 0.18114 -0.33889 -0.92322
vn 0.24377 -0.29704 -0.92322
vn -0.01921 -0.19505 -0.9806
vn -0.0569 -0.18756 -0.9806
vn -0.01921 -0.19505 -0.9806
vn 0.01921 -0.19505 -0.9806
vn 0.01921 -0.19505 -0.9806
vn 0.0569 -0.18756 -0.9806
vn 0.0569 -0.18756 -0.9806
vn 0.09239 -0.17285 -0.9806
vn 0.09239 -0.17285 -0.9806
vn 0.12434 -0.15151 -0.9806
vn 0.15151 -0.12434 -0.9806
vn 0.12434 -0.15151 -0.9806
vn 0.15151 -0.12434 -0.9806
vn 0.17285 -0.09239 -0.9806
vn 0.18756 -0.0569 -0.9806
vn 0.17285 -0.09239 -0.9806
vn 0.19505 -0.01921 -0.9806
vn 0.18756 -0.0569 -0.9806
vn 0.26277 -0.4916 -0.83023
vn 0.26277 -0.4916 -0.83023
vn 0.35363 -0.43089 -0.83023
vn 0.24377 -0.29704 -0.92322
vn 0.35363 -0.43089 -0.83023
vn 0.44967 -0.54792 -0.7054
vn 0.43089 -0.35363 -0.83023
vn 0.43089 -0.35363 -0.83023
vn 0.19505 -0.01921 -0.9806
vn 0.29704 -0.24377 -0.92322
vn 0.29704 -0.24377 -0.92322
vn 0.33889 -0.18114 -0.92322
vn 0.36772 -0.11155 -0.92322
vn 0.38241 -0.03766 -0.92322
vn 0.33889 -0.18114 -0.92322
vn 0.4916 -0.26277 -0.83023
vn 0.36772 -0.11155 -0.92322
vn 0.38241 -0.03766 -0.92322
vn -0.46242 -0.86513 0.19419
vn -0.46242 -0.86513 0.19419
vn -0.62232 -0.7583 0.19419
vn -0.58652 -0.71467 0.38111
vn -0.43582 -0.81536 0.38111
vn -0.52826 -0.64369 0.55372
vn -0.52826 -0.64369 0.55372
vn -0.43582 -0.81536 0.38111
vn -0.39253 -0.73438 0.55372
vn -0.39253 -0.73438 0.55372
vn -0.28476 -0.93872 0.19419
vn -0.28476 -0.93872 0.19419
vn -0.09615 -0.97624 0.19419
vn -0.09615 -0.97624 0.19419
vn -0.26838 -0.88472 0.38111
vn -0.26838 -0.88472 0.38111
vn -0.09062 -0.92008 0.38111
vn -0.09062 -0.92008 0.38111
vn -0.08162 -0.8287 0.55372
vn -0.24172 -0.79685 0.55372
vn -0.24172 -0.79685 0.55372
vn -0.44967 -0.54792 0.7054
vn -0.33413 -0.62512 0.7054
vn -0.20576 -0.67829 0.7054
vn -0.33413 -0.62512 0.7054
vn -0.06948 -0.7054 0.7054
vn -0.20576 -0.67829 0.7054
vn -0.16181 -0.53342 0.83023
vn -0.05464 -0.55474 0.83023
vn -0.54792 -0.44967 0.7054
vn -0.54792 -0.44967 0.7054
vn -0.62512 -0.33413 0.7054
vn -0.44967 -0.54792 0.7054
vn -0.35363 -0.43089 0.83023
vn -0.43089 -0.35363 0.83023
vn -0.43089 -0.35363 0.83023
vn -0.53342 -0.16181 0.83023
vn -0.4916 -0.26277 0.83023
vn -0.53342 -0.16181 0.83023
vn -0.55474 -0.05464 0.83023
vn -0.55474 -0.05464 0.83023
vn -0.4916 -0.26277 0.83023
vn -0.33889 -0.18114 0.92322
vn -0.36772 -0.11155 0.92322
vn -0.38241 -0.03766 0.92322
vn -0.36772 -0.11155 0.92322
vn -0.38241 -0.03766 0.92322
vn -0.26277 -0.4916 0.83023
vn -0.35363 -0.43089 0.83023
vn -0.26277 -0.4916 0.83023
vn -0.16181 -0.53342 0.83023
vn -0.24377 -0.29704 0.92322
vn -0.18114 -0.33889 0.92322
vn -0.24377 -0.29704 0.92322
vn -0.11155 -0.36772 0.92322
vn -0.18114 -0.33889 0.92322
vn -0.11155 -0.36772 0.92322
vn -0.29704 -0.24377 0.92322
vn -0.29704 -0.24377 0.92322
vn -0.33889 -0.18114 0.92322
vn -0.17285 -0.09239 0.9806
vn -0.19505 -0.01921 0.9806
vn -0.18756 -0.0569 0.9806
vn -0.15151 -0.12434 0.9806
vn -0.12434 -0.15151 0.9806
vn -0.0569 -0.18756 0.9806
vn -0.09239 -0.17285 0.9806
vn -0.09239 -0.17285 0.9806
vn -0.17285 -0.09239 0.9806
vn -0.19505 -0.01921 0.9806
vn -0.18756 -0.0569 0.9806
vn -0.15151 -0.12434 0.9806
vn -0.12434 -0.15151 0.9806
vn 0.09615 -0.97624 0.19419
vn 0.09615 -0.97624 0.19419
vn 0.09062 -0.92008 0.38111
vn 0.09062 -0.92008 0.38111
vn 0.08162 -0.8287 0.55372
vn -0.08162 -0.8287 0.55372
vn 0.08162 -0.8287 0.55372
vn 0.24172 -0.79685 0.55372
vn 0.28476 -0.93872 0.19419
vn 0.28476 -0.93872 0.19419
vn 0.4714 -0.88192 0
vn 0.46242 -0.86513 0.19419
vn 0.46242 -0.86513 0.19419
vn 0.26838 -0.88472 0.38111
vn 0.26838 -0.88472 0.38111
vn 0.24172 -0.79685 0.55372
vn 0.39253 -0.73438 0.55372
vn 0.43582 -0.81536 0.38111
vn 0.43582 -0.81536 0.38111
vn 0.39253 -0.73438 0.55372
vn 0.52826 -0.64369 0.55372
vn 0.06948 -0.7054 0.7054
vn -0.06948 -0.7054 0.7054
vn 0.05464 -0.55474 0.83023
vn 0.06948 -0.7054 0.7054
vn 0.20576 -0.67829 0.7054
vn 0.16181 -0.53342 0.83023
vn 0.20576 -0.67829 0.7054
vn 0.33413 -0.62512 0.7054
vn 0.33413 -0.62512 0.7054
vn 0.44967 -0.54792 0.7054
vn -0.05464 -0.55474 0.83023
vn 0.05464 -0.55474 0.83023
vn 0.16181 -0.53342 0.83023
vn -0.03766 -0.38241 0.92322
vn -0.03766 -0.38241 0.92322
vn 0.03766 -0.38241 0.92322
vn 0.03766 -0.38241 0.92322
vn 0.11155 -0.36772 0.92322
vn 0.11155 -0.36772 0.92322
vn 0.18114 -0.33889 0.92322
vn 0.18114 -0.33889 0.92322
vn 0.24377 -0.29704 0.92322
vn -0.01921 -0.19505 0.9806
vn -0.0569 -0.18756 0.9806
vn -0.01921 -0.19505 0.9806
vn 0.01921 -0.19505 0.9806
vn 0.0569 -0.18756 0.9806
vn 0.01921 -0.19505 0.9806
vn 0.0569 -0.18756 0.9806
vn 0.09239 -0.17285 0.9806
vn 0.09239 -0.17285 0.9806
vn 0.12434 -0.15151 0.9806
vn 0.15151 -0.12434 0.9806
vn 0.12434 -0.15151 0.9806
vn 0.15151 -0.12434 0.9806
vn 0.17285 -0.09239 0.9806
vn 0.18756 -0.0569 0.9806
vn 0.17285 -0.09239 0.9806
vn 0.18756 -0.0569 0.9806
vn 0.19505 -0.01921 0.9806
vn 0.26277 -0.4916 0.83023
vn 0.26277 -0.4916 0.83023
vn 0.35363 -0.43089 0.83023
vn 0.44967 -0.54792 0.7054
vn 0.35363 -0.43089 0.83023
vn 0.43089 -0.35363 0.83023
vn 0.43089 -0.35363 0.83023
vn 0.24377 -0.29704 0.92322
vn 0.4916 -0.26277 0.83023
vn 0.29704 -0.24377 0.92322
vn 0.29704 -0.24377 0.92322
vn 0.33889 -0.18114 0.92322
vn 0.19505 -0.01921 0.9806
vn 0.36772 -0.11155 0.92322
vn 0.38241 -0.03766 0.92322
vn 0.33889 -0.18114 0.92322
vn 0.36772 -0.11155 0.92322
vn 0.38241 -0.03766 0.92322
vn 0.58652 -0.71467 -0.38111
vn 0.58652 -0.71467 -0.38111
vn 0.52826 -0.64369 -0.55372
vn 0.64369 -0.52826 -0.55372
vn 0.58652 -0.71467 -0.38111
vn 0.71467 -0.58652 -0.38111
vn 0.62232 -0.7583 -0.19419
vn 0.58652 -0.71467 -0.38111
vn 0.58652 -0.71467 -0.38111
vn 0.62232 -0.7583 -0.19419
vn 0.7583 -0.62232 -0.19419
vn 0.77301 -0.63439 0
vn 0.71467 -0.58652 -0.38111
vn 0.7583 -0.62232 -0.19419
vn 0.7583 -0.62232 -0.19419
vn 0.54792 -0.44967 -0.7054
vn 0.54792 -0.44967 -0.7054
vn 0.62512 -0.33413 -0.7054
vn 0.62512 -0.33413 -0.7054
vn 0.4916 -0.26277 -0.83023
vn 0.53342 -0.16181 -0.83023
vn 0.53342 -0.16181 -0.83023
vn 0.55474 -0.05464 -0.83023
vn 0.55474 -0.05464 -0.83023
vn 0.67829 -0.20576 -0.7054
vn 0.67829 -0.20576 -0.7054
vn 0.7054 -0.06948 -0.7054
vn 0.7054 -0.06948 -0.7054
vn 0.64369 -0.52826 -0.55372
vn 0.73438 -0.39253 -0.55372
vn 0.71467 -0.58652 -0.38111
vn 0.81536 -0.43582 -0.38111
vn 0.73438 -0.39253 -0.55372
vn 0.73438 -0.39253 -0.55372
vn 0.79685 -0.24172 -0.55372
vn 0.79685 -0.24172 -0.55372
vn 0.8287 -0.08162 -0.55372
vn 0.8287 -0.08162 -0.55372
vn 0.62232 -0.7583 0.19419
vn 0.62232 -0.7583 0.19419
vn 0.77301 -0.63439 0
vn 0.77301 -0.63439 -0
vn 0.7583 -0.62232 0.19419
vn 0.7583 -0.62232 0.19419
vn 0.7583 -0.62232 0.19419
vn 0.58652 -0.71467 0.38111
vn 0.58652 -0.71467 0.38111
vn 0.52826 -0.64369 0.55372
vn 0.64369 -0.52826 0.55372
vn 0.71467 -0.58652 0.38111
vn 0.71467 -0.58652 0.38111
vn 0.71467 -0.58652 0.38111
vn 0.64369 -0.52826 0.55372
vn 0.64369 -0.52826 0.55372
vn 0.54792 -0.44967 0.7054
vn 0.64369 -0.52826 0.55372
vn 0.54792 -0.44967 0.7054
vn 0.62512 -0.33413 0.7054
vn 0.73438 -0.39253 0.55372
vn 0.62512 -0.33413 0.7054
vn 0.62512 -0.33413 0.7054
vn 0.62512 -0.33413 0.7054
vn 0.67829 -0.20576 0.7054
vn 0.4916 -0.26277 0.83023
vn 0.53342 -0.16181 0.83023
vn 0.53342 -0.16181 0.83023
vn 0.67829 -0.20576 0.7054
vn 0.55474 -0.05464 0.83023
vn 0.55474 -0.05464 0.83023
vn 0.55474 -0.05464 0.83023
vn 0.67829 -0.20576 0.7054
vn 0.67829 -0.20576 0.7054
vn 0.7054 -0.06948 0.7054
vn -0.86513 0.46242 -0.19419
vn -0.86513 0.46242 -0.19419
vn -0.88192 0.4714 0
vn -0.58652 0.71467 -0.38111
vn -0.7583 0.62232 -0.19419
vn -0.7583 0.62232 -0.19419
vn -0.7583 0.62232 -0.19419
vn -0.7583 0.62232 -0.19419
vn -0.77301 0.63439 0
vn -0.71467 0.58652 -0.38111
vn -0.71467 0.58652 -0.38111
vn -0.58652 0.71467 -0.38111
vn -0.62232 0.7583 -0.19419
vn -0.63439 0.77301 0
vn -0.99518 0.09802 0
vn -0.99518 0.09802 -0
vn -0.97624 0.09615 0.19419
vn -0.97624 0.09615 0.19419
vn -0.99518 0.09802 0
vn -0.95694 0.29028 0
vn -0.93872 0.28476 0.19419
vn -0.92008 0.09062 0.38111
vn -0.92008 0.09062 0.38111
vn -0.88472 0.26838 0.38111
vn -0.95694 0.29028 0
vn -0.95694 0.29028 0
vn -0.95694 0.29028 0
vn -0.88192 0.4714 0
vn -0.93872 0.28476 0.19419
vn -0.88192 0.4714 -0
vn -0.88472 0.26838 0.38111
vn -0.8287 0.08162 0.55372
vn -0.8287 0.08162 0.55372
vn -0.79685 0.24172 0.55372
vn -0.79685 0.24172 0.55372
vn -0.86513 0.46242 0.19419
vn -0.86513 0.46242 0.19419
vn -0.81536 0.43582 0.38111
vn -0.81536 0.43582 0.38111
vn -0.73438 0.39253 0.55372
vn -0.73438 0.39253 0.55372
vn -0.64369 0.52826 0.55372
vn -0.7054 0.06948 0.7054
vn -0.7054 0.06948 0.7054
vn -0.67829 0.20576 0.7054
vn -0.67829 0.20576 0.7054
vn -0.62512 0.33413 0.7054
vn -0.7583 0.62232 0.19419
vn -0.7583 0.62232 0.19419
vn -0.62232 0.7583 0.19419
vn -0.71467 0.58652 0.38111
vn -0.71467 0.58652 0.38111
vn -0.64369 0.52826 0.55372
vn -0.58652 0.71467 0.38111
vn -0.18756 0.0569 -0.9806
vn -0.17285 0.09239 -0.9806
vn -0.17285 0.09239 -0.9806
vn -0.15151 0.12434 -0.9806
vn -0.15151 0.12434 -0.9806
vn -0.12434 0.15151 -0.9806
vn -0.12434 0.15151 -0.9806
vn -0.12434 0.15151 -0.9806
vn -0.09239 0.17285 -0.9806
vn -0.09239 0.17285 -0.9806
vn -0.09239 0.17285 -0.9806
vn -0.0569 0.18756 -0.9806
vn -0.09239 0.17285 -0.9806
vn -0.26277 0.4916 -0.83023
vn -0.26277 0.4916 -0.83023
vn -0.26277 0.4916 -0.83023
vn -0.18114 0.33889 -0.92322
vn -0.18114 0.33889 -0.92322
vn -0.11155 0.36772 -0.92322
vn -0.11155 0.36772 -0.92322
vn -0.18114 0.33889 -0.92322
vn -0.16181 0.53342 -0.83023
vn -0.33413 0.62512 -0.7054
vn -0.26277 0.4916 -0.83023
vn -0.33413 0.62512 -0.7054
vn -0.33413 0.62512 -0.7054
vn -0.20576 0.67829 -0.7054
vn -0.16181 0.53342 -0.83023
vn -0.05464 0.55474 -0.83023
vn -0.20576 0.67829 -0.7054
vn -0.06948 0.7054 -0.7054
vn -0.52826 0.64369 -0.55372
vn -0.52826 0.64369 -0.55372
vn -0.52826 0.64369 -0.55372
vn -0.58652 0.71467 -0.38111
vn -0.58652 0.71467 -0.38111
vn -0.43582 0.81536 -0.38111
vn -0.44967 0.54792 -0.7054
vn -0.52826 0.64369 -0.55372
vn -0.33413 0.62512 -0.7054
vn -0.39253 0.73438 -0.55372
vn -0.39253 0.73438 -0.55372
vn -0.43582 0.81536 -0.38111
vn -0.62232 0.7583 -0.19419
vn -0.46242 0.86513 -0.19419
vn -0.4714 0.88192 0
vn -0.46242 0.86513 -0.19419
vn -0.24172 0.79685 -0.55372
vn -0.24172 0.79685 -0.55372
vn -0.26838 0.88472 -0.38111
vn -0.26838 0.88472 -0.38111
vn -0.08162 0.8287 -0.55372
vn -0.09062 0.92008 -0.38111
vn -0.09062 0.92008 -0.38111
vn -0.28476 0.93872 -0.19419
vn -0.28476 0.93872 -0.19419
vn -0.29028 0.95694 0
vn -0.09615 0.97624 -0.19419
vn -0.09615 0.97624 -0.19419
vn -0.09802 0.99518 0
vn -0.0569 0.18756 -0.9806
vn -0.01921 0.19505 -0.9806
vn -0.01921 0.19505 -0.9806
vn 0.01921 0.19505 -0.9806
vn 0.0569 0.18756 -0.9806
vn 0.09239 0.17285 -0.9806
vn 0.01921 0.19505 -0.9806
vn 0.0569 0.18756 -0.9806
vn 0.18756 0.0569 -0.9806
vn 0.12434 0.15151 -0.9806
vn 0.17285 0.09239 -0.9806
vn 0.15151 0.12434 -0.9806
vn 0.19505 0.01921 -0.9806
vn 0.18756 0.0569 -0.9806
vn 0.17285 0.09239 -0.9806
vn 0.09239 0.17285 -0.9806
vn 0.12434 0.15151 -0.9806
vn 0.15151 0.12434 -0.9806
vn -0.03766 0.38241 -0.92322
vn -0.03766 0.38241 -0.92322
vn 0.03766 0.38241 -0.92322
vn 0.03766 0.38241 -0.92322
vn -0.05464 0.55474 -0.83023
vn 0.05464 0.55474 -0.83023
vn 0.11155 0.36772 -0.92322
vn 0.18114 0.33889 -0.92322
vn 0.11155 0.36772 -0.92322
vn 0.24377 0.29704 -0.92322
vn 0.18114 0.33889 -0.92322
vn 0.16181 0.53342 -0.83023
vn 0.19505 0.01921 -0.9806
vn 0.38241 0.03766 -0.92322
vn 0.36772 0.11155 -0.92322
vn 0.29704 0.24377 -0.92322
vn 0.33889 0.18114 -0.92322
vn 0.29704 0.24377 -0.92322
vn 0.38241 0.03766 -0.92322
vn 0.36772 0.11155 -0.92322
vn 0.33889 0.18114 -0.92322
vn 0.4916 0.26277 -0.83023
vn 0.24377 0.29704 -0.92322
vn 0.26277 0.4916 -0.83023
vn 0.26277 0.4916 -0.83023
vn 0.35363 0.43089 -0.83023
vn 0.43089 0.35363 -0.83023
vn 0.43089 0.35363 -0.83023
vn 0.35363 0.43089 -0.83023
vn 0.44967 0.54792 -0.7054
vn 0.05464 0.55474 -0.83023
vn -0.06948 0.7054 -0.7054
vn 0.06948 0.7054 -0.7054
vn 0.16181 0.53342 -0.83023
vn 0.06948 0.7054 -0.7054
vn 0.20576 0.67829 -0.7054
vn 0.33413 0.62512 -0.7054
vn 0.20576 0.67829 -0.7054
vn 0.33413 0.62512 -0.7054
vn 0.44967 0.54792 -0.7054
vn -0.08162 0.8287 -0.55372
vn 0.08162 0.8287 -0.55372
vn 0.24172 0.79685 -0.55372
vn 0.09062 0.92008 -0.38111
vn 0.08162 0.8287 -0.55372
vn 0.09062 0.92008 -0.38111
vn 0.09615 0.97624 -0.19419
vn 0.09802 0.99518 0
vn 0.09615 0.97624 -0.19419
vn 0.24172 0.79685 -0.55372
vn 0.39253 0.73438 -0.55372
vn 0.52826 0.64369 -0.55372
vn 0.39253 0.73438 -0.55372
vn 0.43582 0.81536 -0.38111
vn 0.43582 0.81536 -0.38111
vn 0.26838 0.88472 -0.38111
vn 0.26838 0.88472 -0.38111
vn 0.28476 0.93872 -0.19419
vn 0.28476 0.93872 -0.19419
vn 0.29028 0.95694 0
vn 0.46242 0.86513 -0.19419
vn 0.46242 0.86513 -0.19419
vn 0.4714 0.88192 0
vn -0.55474 0.05464 0.83023
vn -0.55474 0.05464 0.83023
vn -0.53342 0.16181 0.83023
vn -0.53342 0.16181 0.83023
vn -0.4916 0.26277 0.83023
vn -0.4916 0.26277 0.83023
vn -0.38241 0.03766 0.92322
vn -0.36772 0.11155 0.92322
vn -0.38241 0.03766 0.92322
vn -0.36772 0.11155 0.92322
vn -0.33889 0.18114 0.92322
vn -0.62512 0.33413 0.7054
vn -0.54792 0.44967 0.7054
vn -0.54792 0.44967 0.7054
vn -0.43089 0.35363 0.83023
vn -0.43089 0.35363 0.83023
vn -0.44967 0.54792 0.7054
vn -0.35363 0.43089 0.83023
vn -0.19505 0.01921 0.9806
vn -0.18756 0.0569 0.9806
vn -0.17285 0.09239 0.9806
vn -0.33889 0.18114 0.92322
vn -0.29704 0.24377 0.92322
vn -0.29704 0.24377 0.92322
vn -0.19505 0.01921 0.9806
vn -0.18756 0.0569 0.9806
vn -0.17285 0.09239 0.9806
vn -0.15151 0.12434 0.9806
vn -0.12434 0.15151 0.9806
vn -0.15151 0.12434 0.9806
vn -0.12434 0.15151 0.9806
vn -0.09239 0.17285 0.9806
vn -0.09239 0.17285 0.9806
vn -0.0569 0.18756 0.9806
vn -0.35363 0.43089 0.83023
vn -0.26277 0.4916 0.83023
vn -0.26277 0.4916 0.83023
vn -0.16181 0.53342 0.83023
vn -0.24377 0.29704 0.92322
vn -0.24377 0.29704 0.92322
vn -0.18114 0.33889 0.92322
vn -0.18114 0.33889 0.92322
vn -0.11155 0.36772 0.92322
vn -0.11155 0.36772 0.92322
vn -0.62232 0.7583 0.19419
vn -0.52826 0.64369 0.55372
vn -0.52826 0.64369 0.55372
vn -0.58652 0.71467 0.38111
vn -0.43582 0.81536 0.38111
vn -0.43582 0.81536 0.38111
vn -0.39253 0.73438 0.55372
vn -0.39253 0.73438 0.55372
vn -0.46242 0.86513 0.19419
vn -0.46242 0.86513 0.19419
vn -0.24172 0.79685 0.55372
vn -0.24172 0.79685 0.55372
vn -0.28476 0.93872 0.19419
vn -0.28476 0.93872 0.19419
vn -0.09615 0.97624 0.19419
vn -0.09615 0.97624 0.19419
vn -0.26838 0.88472 0.38111
vn -0.26838 0.88472 0.38111
vn -0.09062 0.92008 0.38111
vn -0.09062 0.92008 0.38111
vn -0.08162 0.8287 0.55372
vn -0.44967 0.54792 0.7054
vn -0.33413 0.62512 0.7054
vn -0.33413 0.62512 0.7054
vn -0.20576 0.67829 0.7054
vn -0.20576 0.67829 0.7054
vn -0.16181 0.53342 0.83023
vn -0.05464 0.55474 0.83023
vn -0.06948 0.7054 0.7054
vn -0.0569 0.18756 0.9806
vn -0.01921 0.19505 0.9806
vn 0.01921 0.19505 0.9806
vn -0.01921 0.19505 0.9806
vn 0.0569 0.18756 0.9806
vn 0.09239 0.17285 0.9806
vn 0.01921 0.19505 0.9806
vn 0.0569 0.18756 0.9806
vn 0.18756 0.0569 0.9806
vn 0.12434 0.15151 0.9806
vn 0.17285 0.09239 0.9806
vn 0.15151 0.12434 0.9806
vn 0.18756 0.0569 0.9806
vn 0.19505 0.01921 0.9806
vn 0.17285 0.09239 0.9806
vn 0.09239 0.17285 0.9806
vn 0.12434 0.15151 0.9806
vn 0.15151 0.12434 0.9806
vn -0.05464 0.55474 0.83023
vn 0.05464 0.55474 0.83023
vn 0.16181 0.53342 0.83023
vn -0.03766 0.38241 0.92322
vn -0.03766 0.38241 0.92322
vn 0.03766 0.38241 0.92322
vn 0.03766 0.38241 0.92322
vn 0.11155 0.36772 0.92322
vn 0.18114 0.33889 0.92322
vn 0.11155 0.36772 0.92322
vn 0.24377 0.29704 0.92322
vn 0.18114 0.33889 0.92322
vn 0.4916 0.26277 0.83023
vn 0.19505 0.01921 0.9806
vn 0.38241 0.03766 0.92322
vn 0.36772 0.11155 0.92322
vn 0.29704 0.24377 0.92322
vn 0.33889 0.18114 0.92322
vn 0.29704 0.24377 0.92322
vn 0.38241 0.03766 0.92322
vn 0.36772 0.11155 0.92322
vn 0.33889 0.18114 0.92322
vn 0.26277 0.4916 0.83023
vn 0.26277 0.4916 0.83023
vn 0.35363 0.43089 0.83023
vn 0.43089 0.35363 0.83023
vn 0.43089 0.35363 0.83023
vn 0.44967 0.54792 0.7054
vn 0.35363 0.43089 0.83023
vn 0.24377 0.29704 0.92322
vn -0.08162 0.8287 0.55372
vn 0.08162 0.8287 0.55372
vn 0.24172 0.79685 0.55372
vn 0.09615 0.97624 0.19419
vn 0.09615 0.97624 0.19419
vn 0.09062 0.92008 0.38111
vn 0.09062 0.92008 0.38111
vn 0.08162 0.8287 0.55372
vn 0.24172 0.79685 0.55372
vn 0.39253 0.73438 0.55372
vn 0.52826 0.64369 0.55372
vn 0.43582 0.81536 0.38111
vn 0.43582 0.81536 0.38111
vn 0.39253 0.73438 0.55372
vn 0.28476 0.93872 0.19419
vn 0.28476 0.93872 0.19419
vn 0.46242 0.86513 0.19419
vn 0.46242 0.86513 0.19419
vn 0.26838 0.88472 0.38111
vn 0.26838 0.88472 0.38111
vn -0.06948 0.7054 0.7054
vn 0.06948 0.7054 0.7054
vn 0.05464 0.55474 0.83023
vn 0.20576 0.67829 0.7054
vn 0.16181 0.53342 0.83023
vn 0.06948 0.7054 0.7054
vn 0.33413 0.62512 0.7054
vn 0.20576 0.67829 0.7054
vn 0.33413 0.62512 0.7054
vn 0.44967 0.54792 0.7054
vn 0.55474 0.05464 -0.83023
vn 0.55474 0.05464 -0.83023
vn 0.53342 0.16181 -0.83023
vn 0.53342 0.16181 -0.83023
vn 0.4916 0.26277 -0.83023
vn 0.7054 0.06948 -0.7054
vn 0.7054 0.06948 -0.7054
vn 0.67829 0.20576 -0.7054
vn 0.67829 0.20576 -0.7054
vn 0.62512 0.33413 -0.7054
vn 0.54792 0.44967 -0.7054
vn 0.54792 0.44967 -0.7054
vn 0.62512 0.33413 -0.7054
vn 0.79685 0.24172 -0.55372
vn 0.73438 0.39253 -0.55372
vn 0.64369 0.52826 -0.55372
vn 0.73438 0.39253 -0.55372
vn 0.81536 0.43582 -0.38111
vn 0.71467 0.58652 -0.38111
vn 0.8287 0.08162 -0.55372
vn 0.8287 0.08162 -0.55372
vn 0.79685 0.24172 -0.55372
vn 0.73438 0.39253 -0.55372
vn 0.52826 0.64369 -0.55372
vn 0.58652 0.71467 -0.38111
vn 0.58652 0.71467 -0.38111
vn 0.64369 0.52826 -0.55372
vn 0.71467 0.58652 -0.38111
vn 0.58652 0.71467 -0.38111
vn 0.58652 0.71467 -0.38111
vn 0.58652 0.71467 -0.38111
vn 0.62232 0.7583 -0.19419
vn 0.71467 0.58652 -0.38111
vn 0.7583 0.62232 -0.19419
vn 0.7583 0.62232 -0.19419
vn 0.77301 0.63439 0
vn 0.62232 0.7583 -0.19419
vn 0.7583 0.62232 -0.19419
vn 0.64369 0.52826 0.55372
vn 0.64369 0.52826 0.55372
vn 0.55474 0.05464 0.83023
vn 0.55474 0.05464 0.83023
vn 0.55474 0.05464 0.83023
vn 0.67829 0.20576 0.7054
vn 0.53342 0.16181 0.83023
vn 0.53342 0.16181 0.83023
vn 0.4916 0.26277 0.83023
vn 0.67829 0.20576 0.7054
vn 0.67829 0.20576 0.7054
vn 0.7054 0.06948 0.7054
vn 0.67829 0.20576 0.7054
vn 0.62512 0.33413 0.7054
vn 0.54792 0.44967 0.7054
vn 0.54792 0.44967 0.7054
vn 0.64369 0.52826 0.55372
vn 0.62512 0.33413 0.7054
vn 0.62512 0.33413 0.7054
vn 0.62512 0.33413 0.7054
vn 0.73438 0.39253 0.55372
vn 0.62232 0.7583 0.19419
vn 0.77301 0.63439 -0
vn 0.7583 0.62232 0.19419
vn 0.7583 0.62232 0.19419
vn 0.7583 0.62232 0.19419
vn 0.77301 0.63439 0
vn 0.62232 0.7583 0.19419
vn 0.52826 0.64369 0.55372
vn 0.64369 0.52826 0.55372
vn 0.58652 0.71467 0.38111
vn 0.58652 0.71467 0.38111
vn 0.71467 0.58652 0.38111
vn 0.71467 0.58652 0.38111
vn 0.71467 0.58652 0.38111
vn -0.77301 -0.63439 0
vn -0.77301 -0.63439 0
vn -0.63439 -0.77301 0
vn -0.63439 -0.77301 0
vn -0.77301 -0.63439 0
vn -0.63439 -0.77301 0
vn -0.95694 -0.29028 0
vn -0.88192 -0.4714 0
vn -0.99518 -0.09802 0
vn -0.4714 -0.88192 0
vn -0.29028 -0.95694 0
vn -0.4714 -0.88192 0
vn -0.29028 -0.95694 0
vn -0.29028 -0.95694 0
vn -0.09802 -0.99518 0
vn -0.09802 -0.99518 0
vn -0.99518 0.09802 0
vn -0.95694 0.29028 0
vn -0.88192 0.4714 0
vn -0.77301 0.63439 0
vn -0.77301 0.63439 0
vn -0.77301 0.63439 -0
vn -0.63439 0.77301 -0
vn -0.63439 0.77301 0
vn -0.63439 0.77301 0
vn -0.4714 0.88192 0
vn -0.29028 0.95694 0
vn -0.4714 0.88192 -0
vn -0.29028 0.95694 -0
vn -0.09802 0.99518 0
vn -0.29028 0.95694 -0
vn -0.09802 0.99518 -0
vn 0.09802 -0.99518 0
vn 0.29028 -0.95694 0
vn 0.09802 -0.99518 -0
vn 0.29028 -0.95694 -0
vn 0.4714 -0.88192 0
vn 0.29028 -0.95694 -0
vn 0.4714 -0.88192 -0
vn 0.63439 -0.77301 0
vn 0.63439 -0.77301 0
vn 0.63439 -0.77301 -0
vn 0.77301 -0.63439 -0
vn 0.77301 -0.63439 0
vn 0.77301 -0.63439 0
vn 0.88192 -0.4714 0
vn 0.95694 -0.29028 0
vn 0.99518 -0.09802 0
vn 0.09802 0.99518 0
vn 0.09802 0.99518 0
vn 0.29028 0.95694 0
vn 0.29028 0.95694 0
vn 0.29028 0.95694 0
vn 0.4714 0.88192 0
vn 0.4714 0.88192 0
vn 0.99518 0.09802 0
vn 0.95694 0.29028 0
vn 0.88192 0.4714 0
vn 0.63439 0.77301 0
vn 0.77301 0.63439 0
vn 0.63439 0.77301 0
vn 0.77301 0.63439 0
vn 0.63439 0.77301 0
vn 0.77301 0.63439 0
vn -0.70543 -0.57894 -0.4089
vn -0.70543 -0.57894 -0.4089
vn -0.57894 -0.70543 -0.4089
vn -0.57894 -0.70543 -0.4089
vn -0.6265 -0.51415 -0.58579
vn -0.51415 -0.6265 -0.58579
vn -0.77301 -0.63439 0
vn -0.63439 -0.77301 0
vn -0.63439 -0.77301 0
vn -0.75571 -0.6202 -0.21035
vn -0.75571 -0.6202 -0.21035
vn -0.6202 -0.75571 -0.21035
vn -0.6202 -0.75571 -0.21035
vn -0.77301 -0.63439 -0
vn -0.63439 -0.77301 -0
vn -0.75571 -0.6202 0.21035
vn -0.75571 -0.6202 0.21035
vn -0.6202 -0.75571 0.21035
vn -0.6202 -0.75571 0.21035
vn -0.80482 -0.43019 -0.4089
vn -0.80482 -0.43019 -0.4089
vn -0.77556 -0.23527 -0.58579
vn -0.87329 -0.26491 -0.4089
vn -0.90819 -0.08945 -0.4089
vn -0.87329 -0.26491 -0.4089
vn -0.80656 -0.07944 -0.58579
vn -0.80656 -0.07944 -0.58579
vn -0.90819 -0.08945 -0.4089
vn -0.52474 -0.43064 -0.7343
vn -0.59867 -0.32 -0.7343
vn -0.59867 -0.32 -0.7343
vn -0.71476 -0.38205 -0.58579
vn -0.71476 -0.38205 -0.58579
vn -0.6265 -0.51415 -0.58579
vn -0.64959 -0.19705 -0.7343
vn -0.67556 -0.06654 -0.7343
vn -0.67556 -0.06654 -0.7343
vn -0.64959 -0.19705 -0.7343
vn -0.5029 -0.15255 -0.85078
vn -0.52299 -0.05151 -0.85078
vn -0.77556 -0.23527 -0.58579
vn -0.93553 -0.28379 -0.21035
vn -0.95694 -0.29028 0
vn -0.86219 -0.46085 -0.21035
vn -0.88192 -0.4714 0
vn -0.86219 -0.46085 -0.21035
vn -0.93553 -0.28379 0.21035
vn -0.86219 -0.46085 0.21035
vn -0.86219 -0.46085 0.21035
vn -0.93553 -0.28379 -0.21035
vn -0.97292 -0.09582 -0.21035
vn -0.99518 -0.09802 0
vn -0.97292 -0.09582 -0.21035
vn -0.93553 -0.28379 0.21035
vn -0.97292 -0.09582 0.21035
vn -0.97292 -0.09582 0.21035
vn -0.43019 -0.80482 -0.4089
vn -0.43019 -0.80482 -0.4089
vn -0.23527 -0.77556 -0.58579
vn -0.26491 -0.87329 -0.4089
vn -0.43064 -0.52474 -0.7343
vn -0.43064 -0.52474 -0.7343
vn -0.32 -0.59867 -0.7343
vn -0.32 -0.59867 -0.7343
vn -0.38205 -0.71476 -0.58579
vn -0.51415 -0.6265 -0.58579
vn -0.38205 -0.71476 -0.58579
vn -0.26491 -0.87329 -0.4089
vn -0.08945 -0.90819 -0.4089
vn -0.07944 -0.80656 -0.58579
vn -0.07944 -0.80656 -0.58579
vn -0.08945 -0.90819 -0.4089
vn -0.19705 -0.64959 -0.7343
vn -0.19705 -0.64959 -0.7343
vn -0.15255 -0.5029 -0.85078
vn -0.06654 -0.67556 -0.7343
vn -0.06654 -0.67556 -0.7343
vn -0.05151 -0.52299 -0.85078
vn -0.05151 -0.52299 -0.85078
vn -0.23527 -0.77556 -0.58579
vn -0.46085 -0.86219 -0.21035
vn -0.4714 -0.88192 0
vn -0.46085 -0.86219 -0.21035
vn -0.28379 -0.93553 -0.21035
vn -0.29028 -0.95694 0
vn -0.46085 -0.86219 0.21035
vn -0.46085 -0.86219 0.21035
vn -0.28379 -0.93553 0.21035
vn -0.28379 -0.93553 -0.21035
vn -0.09582 -0.97292 -0.21035
vn -0.09802 -0.99518 0
vn -0.09582 -0.97292 -0.21035
vn -0.28379 -0.93553 0.21035
vn -0.09582 -0.97292 0.21035
vn -0.09582 -0.97292 0.21035
vn -0.52474 -0.43064 -0.7343
vn -0.46347 -0.24773 -0.85078
vn -0.40624 -0.33339 -0.85078
vn -0.33339 -0.40624 -0.85078
vn -0.33339 -0.40624 -0.85078
vn -0.24773 -0.46347 -0.85078
vn -0.40624 -0.33339 -0.85078
vn -0.22686 -0.27643 -0.93387
vn -0.5029 -0.15255 -0.85078
vn -0.46347 -0.24773 -0.85078
vn -0.52299 -0.05151 -0.85078
vn -0.3422 -0.10381 -0.93387
vn -0.35588 -0.03505 -0.93387
vn -0.31537 -0.16857 -0.93387
vn -0.27643 -0.22686 -0.93387
vn -0.31537 -0.16857 -0.93387
vn -0.3422 -0.10381 -0.93387
vn -0.35588 -0.03505 -0.93387
vn -0.24773 -0.46347 -0.85078
vn -0.15255 -0.5029 -0.85078
vn -0.16857 -0.31537 -0.93387
vn -0.22686 -0.27643 -0.93387
vn -0.16857 -0.31537 -0.93387
vn -0.03505 -0.35588 -0.93387
vn -0.10381 -0.3422 -0.93387
vn -0.10381 -0.3422 -0.93387
vn -0.03505 -0.35588 -0.93387
vn -0.27643 -0.22686 -0.93387
vn -0.1398 -0.11473 -0.98351
vn -0.11473 -0.1398 -0.98351
vn -0.1595 -0.08525 -0.98351
vn -0.17307 -0.0525 -0.98351
vn -0.17998 -0.01773 -0.98351
vn -0.1595 -0.08525 -0.98351
vn -0.17307 -0.0525 -0.98351
vn -0.17998 -0.01773 -0.98351
vn -0.08525 -0.1595 -0.98351
vn -0.0525 -0.17307 -0.98351
vn -0.11473 -0.1398 -0.98351
vn -0.08525 -0.1595 -0.98351
vn -0.01773 -0.17998 -0.98351
vn -0.0525 -0.17307 -0.98351
vn -0.01773 -0.17998 -0.98351
vn -0.1398 -0.11473 -0.98351
vn -0.70543 -0.57894 0.4089
vn -0.70543 -0.57894 0.4089
vn -0.57894 -0.70543 0.4089
vn -0.57894 -0.70543 0.4089
vn -0.6265 -0.51415 0.58579
vn -0.51415 -0.6265 0.58579
vn -0.80482 -0.43019 0.4089
vn -0.80482 -0.43019 0.4089
vn -0.87329 -0.26491 0.4089
vn -0.77556 -0.23527 0.58579
vn -0.90819 -0.08945 0.4089
vn -0.87329 -0.26491 0.4089
vn -0.90819 -0.08945 0.4089
vn -0.80656 -0.07944 0.58579
vn -0.80656 -0.07944 0.58579
vn -0.71476 -0.38205 0.58579
vn -0.71476 -0.38205 0.58579
vn -0.6265 -0.51415 0.58579
vn -0.52474 -0.43064 0.7343
vn -0.59867 -0.32 0.7343
vn -0.59867 -0.32 0.7343
vn -0.77556 -0.23527 0.58579
vn -0.64959 -0.19705 0.7343
vn -0.67556 -0.06654 0.7343
vn -0.67556 -0.06654 0.7343
vn -0.64959 -0.19705 0.7343
vn -0.5029 -0.15255 0.85078
vn -0.52299 -0.05151 0.85078
vn -0.43019 -0.80482 0.4089
vn -0.43019 -0.80482 0.4089
vn -0.26491 -0.87329 0.4089
vn -0.23527 -0.77556 0.58579
vn -0.38205 -0.71476 0.58579
vn -0.51415 -0.6265 0.58579
vn -0.38205 -0.71476 0.58579
vn -0.43064 -0.52474 0.7343
vn -0.43064 -0.52474 0.7343
vn -0.32 -0.59867 0.7343
vn -0.32 -0.59867 0.7343
vn -0.26491 -0.87329 0.4089
vn -0.08945 -0.90819 0.4089
vn -0.08945 -0.90819 0.4089
vn -0.07944 -0.80656 0.58579
vn -0.07944 -0.80656 0.58579
vn -0.23527 -0.77556 0.58579
vn -0.19705 -0.64959 0.7343
vn -0.19705 -0.64959 0.7343
vn -0.15255 -0.5029 0.85078
vn -0.06654 -0.67556 0.7343
vn -0.06654 -0.67556 0.7343
vn -0.05151 -0.52299 0.85078
vn -0.05151 -0.52299 0.85078
vn -0.52474 -0.43064 0.7343
vn -0.40624 -0.33339 0.85078
vn -0.46347 -0.24773 0.85078
vn -0.33339 -0.40624 0.85078
vn -0.24773 -0.46347 0.85078
vn -0.33339 -0.40624 0.85078
vn -0.40624 -0.33339 0.85078
vn -0.22686 -0.27643 0.93387
vn -0.46347 -0.24773 0.85078
vn -0.5029 -0.15255 0.85078
vn -0.52299 -0.05151 0.85078
vn -0.3422 -0.10381 0.93387
vn -0.35588 -0.03505 0.93387
vn -0.31537 -0.16857 0.93387
vn -0.27643 -0.22686 0.93387
vn -0.31537 -0.16857 0.93387
vn -0.3422 -0.10381 0.93387
vn -0.35588 -0.03505 0.93387
vn -0.24773 -0.46347 0.85078
vn -0.15255 -0.5029 0.85078
vn -0.16857 -0.31537 0.93387
vn -0.22686 -0.27643 0.93387
vn -0.16857 -0.31537 0.93387
vn -0.03505 -0.35588 0.93387
vn -0.10381 -0.3422 0.93387
vn -0.10381 -0.3422 0.93387
vn -0.03505 -0.35588 0.93387
vn -0.27643 -0.22686 0.93387
vn -0.1398 -0.11473 0.98351
vn -0.11473 -0.1398 0.98351
vn -0.1595 -0.08525 0.98351
vn -0.17307 -0.0525 0.98351
vn -0.17998 -0.01773 0.98351
vn -0.1595 -0.08525 0.98351
vn -0.1398 -0.11473 0.98351
vn -0.17307 -0.0525 0.98351
vn -0.17998 -0.01773 0.98351
vn -0.08525 -0.1595 0.98351
vn -0.11473 -0.1398 0.98351
vn -0.08525 -0.1595 0.98351
vn -0.0525 -0.17307 0.98351
vn -0.01773 -0.17998 0.98351
vn -0.0525 -0.17307 0.98351
vn -0.01773 -0.17998 0.98351
vn -0.90819 0.08945 -0.4089
vn -0.80656 0.07944 -0.58579
vn -0.80656 0.07944 -0.58579
vn -0.90819 0.08945 -0.4089
vn -0.87329 0.26491 -0.4089
vn -0.77556 0.23527 -0.58579
vn -0.87329 0.26491 -0.4089
vn -0.80482 0.43019 -0.4089
vn -0.80482 0.43019 -0.4089
vn -0.67556 0.06654 -0.7343
vn -0.67556 0.06654 -0.7343
vn -0.64959 0.19705 -0.7343
vn -0.52299 0.05151 -0.85078
vn -0.64959 0.19705 -0.7343
vn -0.5029 0.15255 -0.85078
vn -0.77556 0.23527 -0.58579
vn -0.59867 0.32 -0.7343
vn -0.59867 0.32 -0.7343
vn -0.52474 0.43064 -0.7343
vn -0.71476 0.38205 -0.58579
vn -0.71476 0.38205 -0.58579
vn -0.6265 0.51415 -0.58579
vn -0.97292 0.09582 -0.21035
vn -0.99518 0.09802 0
vn -0.97292 0.09582 -0.21035
vn -0.93553 0.28379 -0.21035
vn -0.95694 0.29028 0
vn -0.97292 0.09582 0.21035
vn -0.97292 0.09582 0.21035
vn -0.93553 0.28379 0.21035
vn -0.93553 0.28379 -0.21035
vn -0.86219 0.46085 -0.21035
vn -0.88192 0.4714 0
vn -0.86219 0.46085 -0.21035
vn -0.93553 0.28379 0.21035
vn -0.86219 0.46085 0.21035
vn -0.86219 0.46085 0.21035
vn -0.70543 0.57894 -0.4089
vn -0.6265 0.51415 -0.58579
vn -0.51415 0.6265 -0.58579
vn -0.57894 0.70543 -0.4089
vn -0.57894 0.70543 -0.4089
vn -0.77301 0.63439 0
vn -0.75571 0.6202 -0.21035
vn -0.75571 0.6202 -0.21035
vn -0.77301 0.63439 0
vn -0.63439 0.77301 0
vn -0.6202 0.75571 -0.21035
vn -0.6202 0.75571 -0.21035
vn -0.75571 0.6202 0.21035
vn -0.75571 0.6202 0.21035
vn -0.63439 0.77301 0
vn -0.6202 0.75571 0.21035
vn -0.6202 0.75571 0.21035
vn -0.63439 0.77301 0
vn -0.52299 0.05151 -0.85078
vn -0.35588 0.03505 -0.93387
vn -0.3422 0.10381 -0.93387
vn -0.5029 0.15255 -0.85078
vn -0.46347 0.24773 -0.85078
vn -0.35588 0.03505 -0.93387
vn -0.3422 0.10381 -0.93387
vn -0.31537 0.16857 -0.93387
vn -0.31537 0.16857 -0.93387
vn -0.27643 0.22686 -0.93387
vn -0.46347 0.24773 -0.85078
vn -0.40624 0.33339 -0.85078
vn -0.52474 0.43064 -0.7343
vn -0.40624 0.33339 -0.85078
vn -0.22686 0.27643 -0.93387
vn -0.33339 0.40624 -0.85078
vn -0.33339 0.40624 -0.85078
vn -0.24773 0.46347 -0.85078
vn -0.17998 0.01773 -0.98351
vn -0.17307 0.0525 -0.98351
vn -0.1595 0.08525 -0.98351
vn -0.17998 0.01773 -0.98351
vn -0.17307 0.0525 -0.98351
vn -0.1595 0.08525 -0.98351
vn -0.27643 0.22686 -0.93387
vn -0.1398 0.11473 -0.98351
vn -0.11473 0.1398 -0.98351
vn -0.1398 0.11473 -0.98351
vn -0.11473 0.1398 -0.98351
vn -0.08525 0.1595 -0.98351
vn -0.08525 0.1595 -0.98351
vn -0.0525 0.17307 -0.98351
vn -0.01773 0.17998 -0.98351
vn -0.01773 0.17998 -0.98351
vn -0.22686 0.27643 -0.93387
vn -0.16857 0.31537 -0.93387
vn -0.16857 0.31537 -0.93387
vn -0.24773 0.46347 -0.85078
vn -0.15255 0.5029 -0.85078
vn -0.10381 0.3422 -0.93387
vn -0.10381 0.3422 -0.93387
vn -0.03505 0.35588 -0.93387
vn -0.03505 0.35588 -0.93387
vn -0.43064 0.52474 -0.7343
vn -0.43064 0.52474 -0.7343
vn -0.32 0.59867 -0.7343
vn -0.32 0.59867 -0.7343
vn -0.51415 0.6265 -0.58579
vn -0.38205 0.71476 -0.58579
vn -0.38205 0.71476 -0.58579
vn -0.43019 0.80482 -0.4089
vn -0.43019 0.80482 -0.4089
vn -0.23527 0.77556 -0.58579
vn -0.26491 0.87329 -0.4089
vn -0.15255 0.5029 -0.85078
vn -0.19705 0.64959 -0.7343
vn -0.19705 0.64959 -0.7343
vn -0.05151 0.52299 -0.85078
vn -0.05151 0.52299 -0.85078
vn -0.06654 0.67556 -0.7343
vn -0.06654 0.67556 -0.7343
vn -0.23527 0.77556 -0.58579
vn -0.26491 0.87329 -0.4089
vn -0.07944 0.80656 -0.58579
vn -0.07944 0.80656 -0.58579
vn -0.08945 0.90819 -0.4089
vn -0.08945 0.90819 -0.4089
vn -0.46085 0.86219 -0.21035
vn -0.46085 0.86219 -0.21035
vn -0.4714 0.88192 0
vn -0.28379 0.93553 -0.21035
vn -0.29028 0.95694 0
vn -0.46085 0.86219 0.21035
vn -0.46085 0.86219 0.21035
vn -0.28379 0.93553 0.21035
vn -0.28379 0.93553 -0.21035
vn -0.09582 0.97292 -0.21035
vn -0.09582 0.97292 -0.21035
vn -0.09802 0.99518 0
vn -0.28379 0.93553 0.21035
vn -0.09582 0.97292 0.21035
vn -0.09582 0.97292 0.21035
vn -0.90819 0.08945 0.4089
vn -0.90819 0.08945 0.4089
vn -0.80656 0.07944 0.58579
vn -0.80656 0.07944 0.58579
vn -0.87329 0.26491 0.4089
vn -0.87329 0.26491 0.4089
vn -0.77556 0.23527 0.58579
vn -0.80482 0.43019 0.4089
vn -0.80482 0.43019 0.4089
vn -0.77556 0.23527 0.58579
vn -0.67556 0.06654 0.7343
vn -0.67556 0.06654 0.7343
vn -0.64959 0.19705 0.7343
vn -0.52299 0.05151 0.85078
vn -0.64959 0.19705 0.7343
vn -0.5029 0.15255 0.85078
vn -0.71476 0.38205 0.58579
vn -0.71476 0.38205 0.58579
vn -0.6265 0.51415 0.58579
vn -0.59867 0.32 0.7343
vn -0.59867 0.32 0.7343
vn -0.52474 0.43064 0.7343
vn -0.70543 0.57894 0.4089
vn -0.70543 0.57894 0.4089
vn -0.6265 0.51415 0.58579
vn -0.51415 0.6265 0.58579
vn -0.57894 0.70543 0.4089
vn -0.57894 0.70543 0.4089
vn -0.52299 0.05151 0.85078
vn -0.35588 0.03505 0.93387
vn -0.3422 0.10381 0.93387
vn -0.5029 0.15255 0.85078
vn -0.46347 0.24773 0.85078
vn -0.35588 0.03505 0.93387
vn -0.3422 0.10381 0.93387
vn -0.31537 0.16857 0.93387
vn -0.27643 0.22686 0.93387
vn -0.46347 0.24773 0.85078
vn -0.40624 0.33339 0.85078
vn -0.52474 0.43064 0.7343
vn -0.40624 0.33339 0.85078
vn -0.22686 0.27643 0.93387
vn -0.33339 0.40624 0.85078
vn -0.33339 0.40624 0.85078
vn -0.24773 0.46347 0.85078
vn -0.27643 0.22686 0.93387
vn -0.22686 0.27643 0.93387
vn -0.16857 0.31537 0.93387
vn -0.16857 0.31537 0.93387
vn -0.24773 0.46347 0.85078
vn -0.15255 0.5029 0.85078
vn -0.10381 0.3422 0.93387
vn -0.10381 0.3422 0.93387
vn -0.03505 0.35588 0.93387
vn -0.03505 0.35588 0.93387
vn -0.17998 0.01773 0.98351
vn -0.17307 0.0525 0.98351
vn -0.1595 0.08525 0.98351
vn -0.17998 0.01773 0.98351
vn -0.17307 0.0525 0.98351
vn -0.1595 0.08525 0.98351
vn -0.1398 0.11473 0.98351
vn -0.1398 0.11473 0.98351
vn -0.11473 0.1398 0.98351
vn -0.11473 0.1398 0.98351
vn -0.08525 0.1595 0.98351
vn -0.08525 0.1595 0.98351
vn -0.0525 0.17307 0.98351
vn -0.0525 0.17307 0.98351
vn -0.01773 0.17998 0.98351
vn -0.01773 0.17998 0.98351
vn -0.51415 0.6265 0.58579
vn -0.38205 0.71476 0.58579
vn -0.38205 0.71476 0.58579
vn -0.43064 0.52474 0.7343
vn -0.43064 0.52474 0.7343
vn -0.32 0.59867 0.7343
vn -0.32 0.59867 0.7343
vn -0.43019 0.80482 0.4089
vn -0.43019 0.80482 0.4089
vn -0.26491 0.87329 0.4089
vn -0.23527 0.77556 0.58579
vn -0.23527 0.77556 0.58579
vn -0.15255 0.5029 0.85078
vn -0.19705 0.64959 0.7343
vn -0.19705 0.64959 0.7343
vn -0.05151 0.52299 0.85078
vn -0.05151 0.52299 0.85078
vn -0.06654 0.67556 0.7343
vn -0.06654 0.67556 0.7343
vn -0.26491 0.87329 0.4089
vn -0.08945 0.90819 0.4089
vn -0.07944 0.80656 0.58579
vn -0.07944 0.80656 0.58579
vn -0.08945 0.90819 0.4089
vn 0.08945 -0.90819 -0.4089
vn 0.07944 -0.80656 -0.58579
vn 0.07944 -0.80656 -0.58579
vn 0.08945 -0.90819 -0.4089
vn 0.26491 -0.87329 -0.4089
vn 0.06654 -0.67556 -0.7343
vn 0.06654 -0.67556 -0.7343
vn 0.05151 -0.52299 -0.85078
vn 0.05151 -0.52299 -0.85078
vn 0.19705 -0.64959 -0.7343
vn 0.19705 -0.64959 -0.7343
vn 0.15255 -0.5029 -0.85078
vn 0.23527 -0.77556 -0.58579
vn 0.23527 -0.77556 -0.58579
vn 0.26491 -0.87329 -0.4089
vn 0.43019 -0.80482 -0.4089
vn 0.43019 -0.80482 -0.4089
vn 0.32 -0.59867 -0.7343
vn 0.32 -0.59867 -0.7343
vn 0.43064 -0.52474 -0.7343
vn 0.43064 -0.52474 -0.7343
vn 0.38205 -0.71476 -0.58579
vn 0.38205 -0.71476 -0.58579
vn 0.51415 -0.6265 -0.58579
vn 0.09582 -0.97292 -0.21035
vn 0.09802 -0.99518 0
vn 0.09582 -0.97292 -0.21035
vn 0.28379 -0.93553 -0.21035
vn 0.29028 -0.95694 0
vn 0.09582 -0.97292 0.21035
vn 0.09582 -0.97292 0.21035
vn 0.28379 -0.93553 0.21035
vn 0.28379 -0.93553 -0.21035
vn 0.46085 -0.86219 -0.21035
vn 0.4714 -0.88192 0
vn 0.46085 -0.86219 -0.21035
vn 0.28379 -0.93553 0.21035
vn 0.46085 -0.86219 0.21035
vn 0.46085 -0.86219 0.21035
vn 0.03505 -0.35588 -0.93387
vn 0.03505 -0.35588 -0.93387
vn 0.10381 -0.3422 -0.93387
vn 0.10381 -0.3422 -0.93387
vn 0.15255 -0.5029 -0.85078
vn 0.24773 -0.46347 -0.85078
vn 0.16857 -0.31537 -0.93387
vn 0.16857 -0.31537 -0.93387
vn 0.22686 -0.27643 -0.93387
vn 0.01773 -0.17998 -0.98351
vn 0.01773 -0.17998 -0.98351
vn 0.0525 -0.17307 -0.98351
vn 0.0525 -0.17307 -0.98351
vn 0.08525 -0.1595 -0.98351
vn 0.08525 -0.1595 -0.98351
vn 0.11473 -0.1398 -0.98351
vn 0.1398 -0.11473 -0.98351
vn 0.11473 -0.1398 -0.98351
vn 0.1398 -0.11473 -0.98351
vn 0.27643 -0.22686 -0.93387
vn 0.1595 -0.08525 -0.98351
vn 0.17307 -0.0525 -0.98351
vn 0.17998 -0.01773 -0.98351
vn 0.1595 -0.08525 -0.98351
vn 0.17307 -0.0525 -0.98351
vn 0.17998 -0.01773 -0.98351
vn 0.33339 -0.40624 -0.85078
vn 0.24773 -0.46347 -0.85078
vn 0.33339 -0.40624 -0.85078
vn 0.22686 -0.27643 -0.93387
vn 0.40624 -0.33339 -0.85078
vn 0.52474 -0.43064 -0.7343
vn 0.46347 -0.24773 -0.85078
vn 0.40624 -0.33339 -0.85078
vn 0.27643 -0.22686 -0.93387
vn 0.31537 -0.16857 -0.93387
vn 0.31537 -0.16857 -0.93387
vn 0.3422 -0.10381 -0.93387
vn 0.35588 -0.03505 -0.93387
vn 0.5029 -0.15255 -0.85078
vn 0.46347 -0.24773 -0.85078
vn 0.3422 -0.10381 -0.93387
vn 0.35588 -0.03505 -0.93387
vn 0.52299 -0.05151 -0.85078
vn 0.57894 -0.70543 -0.4089
vn 0.51415 -0.6265 -0.58579
vn 0.6265 -0.51415 -0.58579
vn 0.70543 -0.57894 -0.4089
vn 0.70543 -0.57894 -0.4089
vn 0.63439 -0.77301 0
vn 0.63439 -0.77301 0
vn 0.6202 -0.75571 -0.21035
vn 0.6202 -0.75571 -0.21035
vn 0.63439 -0.77301 0
vn 0.77301 -0.63439 0
vn 0.75571 -0.6202 -0.21035
vn 0.75571 -0.6202 -0.21035
vn 0.6202 -0.75571 0.21035
vn 0.6202 -0.75571 0.21035
vn 0.77301 -0.63439 0
vn 0.75571 -0.6202 0.21035
vn 0.75571 -0.6202 0.21035
vn 0.52474 -0.43064 -0.7343
vn 0.59867 -0.32 -0.7343
vn 0.59867 -0.32 -0.7343
vn 0.6265 -0.51415 -0.58579
vn 0.71476 -0.38205 -0.58579
vn 0.71476 -0.38205 -0.58579
vn 0.5029 -0.15255 -0.85078
vn 0.64959 -0.19705 -0.7343
vn 0.52299 -0.05151 -0.85078
vn 0.64959 -0.19705 -0.7343
vn 0.67556 -0.06654 -0.7343
vn 0.67556 -0.06654 -0.7343
vn 0.77556 -0.23527 -0.58579
vn 0.80482 -0.43019 -0.4089
vn 0.80482 -0.43019 -0.4089
vn 0.77556 -0.23527 -0.58579
vn 0.87329 -0.26491 -0.4089
vn 0.87329 -0.26491 -0.4089
vn 0.80656 -0.07944 -0.58579
vn 0.80656 -0.07944 -0.58579
vn 0.90819 -0.08945 -0.4089
vn 0.90819 -0.08945 -0.4089
vn 0.86219 -0.46085 -0.21035
vn 0.86219 -0.46085 -0.21035
vn 0.88192 -0.4714 0
vn 0.93553 -0.28379 -0.21035
vn 0.95694 -0.29028 0
vn 0.86219 -0.46085 0.21035
vn 0.86219 -0.46085 0.21035
vn 0.93553 -0.28379 0.21035
vn 0.93553 -0.28379 -0.21035
vn 0.97292 -0.09582 -0.21035
vn 0.97292 -0.09582 -0.21035
vn 0.99518 -0.09802 0
vn 0.93553 -0.28379 0.21035
vn 0.97292 -0.09582 0.21035
vn 0.97292 -0.09582 0.21035
vn 0.08945 -0.90819 0.4089
vn 0.08945 -0.90819 0.4089
vn 0.07944 -0.80656 0.58579
vn 0.07944 -0.80656 0.58579
vn 0.26491 -0.87329 0.4089
vn 0.23527 -0.77556 0.58579
vn 0.06654 -0.67556 0.7343
vn 0.06654 -0.67556 0.7343
vn 0.05151 -0.52299 0.85078
vn 0.19705 -0.64959 0.7343
vn 0.19705 -0.64959 0.7343
vn 0.15255 -0.5029 0.85078
vn 0.26491 -0.87329 0.4089
vn 0.23527 -0.77556 0.58579
vn 0.43019 -0.80482 0.4089
vn 0.43019 -0.80482 0.4089
vn 0.38205 -0.71476 0.58579
vn 0.38205 -0.71476 0.58579
vn 0.51415 -0.6265 0.58579
vn 0.32 -0.59867 0.7343
vn 0.32 -0.59867 0.7343
vn 0.43064 -0.52474 0.7343
vn 0.43064 -0.52474 0.7343
vn 0.03505 -0.35588 0.93387
vn 0.05151 -0.52299 0.85078
vn 0.03505 -0.35588 0.93387
vn 0.10381 -0.3422 0.93387
vn 0.10381 -0.3422 0.93387
vn 0.15255 -0.5029 0.85078
vn 0.24773 -0.46347 0.85078
vn 0.16857 -0.31537 0.93387
vn 0.16857 -0.31537 0.93387
vn 0.22686 -0.27643 0.93387
vn 0.27643 -0.22686 0.93387
vn 0.24773 -0.46347 0.85078
vn 0.33339 -0.40624 0.85078
vn 0.33339 -0.40624 0.85078
vn 0.40624 -0.33339 0.85078
vn 0.52474 -0.43064 0.7343
vn 0.40624 -0.33339 0.85078
vn 0.46347 -0.24773 0.85078
vn 0.27643 -0.22686 0.93387
vn 0.31537 -0.16857 0.93387
vn 0.31537 -0.16857 0.93387
vn 0.3422 -0.10381 0.93387
vn 0.35588 -0.03505 0.93387
vn 0.46347 -0.24773 0.85078
vn 0.5029 -0.15255 0.85078
vn 0.3422 -0.10381 0.93387
vn 0.35588 -0.03505 0.93387
vn 0.52299 -0.05151 0.85078
vn 0.01773 -0.17998 0.98351
vn 0.01773 -0.17998 0.98351
vn 0.0525 -0.17307 0.98351
vn 0.0525 -0.17307 0.98351
vn 0.08525 -0.1595 0.98351
vn 0.08525 -0.1595 0.98351
vn 0.11473 -0.1398 0.98351
vn 0.11473 -0.1398 0.98351
vn 0.1398 -0.11473 0.98351
vn 0.1398 -0.11473 0.98351
vn 0.1595 -0.08525 0.98351
vn 0.17307 -0.0525 0.98351
vn 0.17998 -0.01773 0.98351
vn 0.1595 -0.08525 0.98351
vn 0.17307 -0.0525 0.98351
vn 0.17998 -0.01773 0.98351
vn 0.57894 -0.70543 0.4089
vn 0.57894 -0.70543 0.4089
vn 0.51415 -0.6265 0.58579
vn 0.6265 -0.51415 0.58579
vn 0.70543 -0.57894 0.4089
vn 0.70543 -0.57894 0.4089
vn 0.6265 -0.51415 0.58579
vn 0.71476 -0.38205 0.58579
vn 0.71476 -0.38205 0.58579
vn 0.52474 -0.43064 0.7343
vn 0.59867 -0.32 0.7343
vn 0.59867 -0.32 0.7343
vn 0.77556 -0.23527 0.58579
vn 0.64959 -0.19705 0.7343
vn 0.5029 -0.15255 0.85078
vn 0.52299 -0.05151 0.85078
vn 0.64959 -0.19705 0.7343
vn 0.67556 -0.06654 0.7343
vn 0.67556 -0.06654 0.7343
vn 0.80482 -0.43019 0.4089
vn 0.80482 -0.43019 0.4089
vn 0.87329 -0.26491 0.4089
vn 0.77556 -0.23527 0.58579
vn 0.87329 -0.26491 0.4089
vn 0.90819 -0.08945 0.4089
vn 0.80656 -0.07944 0.58579
vn 0.80656 -0.07944 0.58579
vn 0.90819 -0.08945 0.4089
vn 0.1398 0.11473 -0.98351
vn 0.01773 0.17998 -0.98351
vn 0.0525 0.17307 -0.98351
vn 0.01773 0.17998 -0.98351
vn 0.08525 0.1595 -0.98351
vn 0.11473 0.1398 -0.98351
vn 0.08525 0.1595 -0.98351
vn 0.17998 0.01773 -0.98351
vn 0.17307 0.0525 -0.98351
vn 0.1595 0.08525 -0.98351
vn 0.17998 0.01773 -0.98351
vn 0.17307 0.0525 -0.98351
vn 0.1595 0.08525 -0.98351
vn 0.11473 0.1398 -0.98351
vn 0.1398 0.11473 -0.98351
vn 0.27643 0.22686 -0.93387
vn 0.03505 0.35588 -0.93387
vn 0.10381 0.3422 -0.93387
vn 0.10381 0.3422 -0.93387
vn 0.03505 0.35588 -0.93387
vn 0.05151 0.52299 -0.85078
vn 0.16857 0.31537 -0.93387
vn 0.22686 0.27643 -0.93387
vn 0.16857 0.31537 -0.93387
vn 0.15255 0.5029 -0.85078
vn 0.24773 0.46347 -0.85078
vn 0.35588 0.03505 -0.93387
vn 0.3422 0.10381 -0.93387
vn 0.31537 0.16857 -0.93387
vn 0.27643 0.22686 -0.93387
vn 0.31537 0.16857 -0.93387
vn 0.35588 0.03505 -0.93387
vn 0.3422 0.10381 -0.93387
vn 0.52299 0.05151 -0.85078
vn 0.5029 0.15255 -0.85078
vn 0.46347 0.24773 -0.85078
vn 0.22686 0.27643 -0.93387
vn 0.40624 0.33339 -0.85078
vn 0.33339 0.40624 -0.85078
vn 0.24773 0.46347 -0.85078
vn 0.33339 0.40624 -0.85078
vn 0.46347 0.24773 -0.85078
vn 0.40624 0.33339 -0.85078
vn 0.52474 0.43064 -0.7343
vn 0.05151 0.52299 -0.85078
vn 0.06654 0.67556 -0.7343
vn 0.06654 0.67556 -0.7343
vn 0.15255 0.5029 -0.85078
vn 0.19705 0.64959 -0.7343
vn 0.19705 0.64959 -0.7343
vn 0.23527 0.77556 -0.58579
vn 0.07944 0.80656 -0.58579
vn 0.07944 0.80656 -0.58579
vn 0.08945 0.90819 -0.4089
vn 0.08945 0.90819 -0.4089
vn 0.26491 0.87329 -0.4089
vn 0.32 0.59867 -0.7343
vn 0.32 0.59867 -0.7343
vn 0.43064 0.52474 -0.7343
vn 0.43064 0.52474 -0.7343
vn 0.38205 0.71476 -0.58579
vn 0.51415 0.6265 -0.58579
vn 0.38205 0.71476 -0.58579
vn 0.23527 0.77556 -0.58579
vn 0.26491 0.87329 -0.4089
vn 0.43019 0.80482 -0.4089
vn 0.43019 0.80482 -0.4089
vn 0.09582 0.97292 -0.21035
vn 0.09802 0.99518 0
vn 0.09582 0.97292 -0.21035
vn 0.28379 0.93553 -0.21035
vn 0.29028 0.95694 0
vn 0.09582 0.97292 0.21035
vn 0.09582 0.97292 0.21035
vn 0.28379 0.93553 0.21035
vn 0.28379 0.93553 -0.21035
vn 0.46085 0.86219 -0.21035
vn 0.4714 0.88192 0
vn 0.46085 0.86219 -0.21035
vn 0.28379 0.93553 0.21035
vn 0.46085 0.86219 0.21035
vn 0.46085 0.86219 0.21035
vn 0.52299 0.05151 -0.85078
vn 0.5029 0.15255 -0.85078
vn 0.64959 0.19705 -0.7343
vn 0.67556 0.06654 -0.7343
vn 0.67556 0.06654 -0.7343
vn 0.64959 0.19705 -0.7343
vn 0.77556 0.23527 -0.58579
vn 0.59867 0.32 -0.7343
vn 0.59867 0.32 -0.7343
vn 0.52474 0.43064 -0.7343
vn 0.6265 0.51415 -0.58579
vn 0.71476 0.38205 -0.58579
vn 0.71476 0.38205 -0.58579
vn 0.80656 0.07944 -0.58579
vn 0.80656 0.07944 -0.58579
vn 0.90819 0.08945 -0.4089
vn 0.87329 0.26491 -0.4089
vn 0.90819 0.08945 -0.4089
vn 0.77556 0.23527 -0.58579
vn 0.87329 0.26491 -0.4089
vn 0.80482 0.43019 -0.4089
vn 0.80482 0.43019 -0.4089
vn 0.97292 0.09582 -0.21035
vn 0.97292 0.09582 -0.21035
vn 0.99518 0.09802 0
vn 0.93553 0.28379 -0.21035
vn 0.95694 0.29028 0
vn 0.97292 0.09582 0.21035
vn 0.97292 0.09582 0.21035
vn 0.93553 0.28379 0.21035
vn 0.86219 0.46085 -0.21035
vn 0.86219 0.46085 -0.21035
vn 0.88192 0.4714 0
vn 0.93553 0.28379 -0.21035
vn 0.86219 0.46085 0.21035
vn 0.86219 0.46085 0.21035
vn 0.93553 0.28379 0.21035
vn 0.51415 0.6265 -0.58579
vn 0.6265 0.51415 -0.58579
vn 0.57894 0.70543 -0.4089
vn 0.57894 0.70543 -0.4089
vn 0.70543 0.57894 -0.4089
vn 0.70543 0.57894 -0.4089
vn 0.6202 0.75571 -0.21035
vn 0.6202 0.75571 -0.21035
vn 0.75571 0.6202 -0.21035
vn 0.75571 0.6202 -0.21035
vn 0.63439 0.77301 0
vn 0.77301 0.63439 0
vn 0.6202 0.75571 0.21035
vn 0.6202 0.75571 0.21035
vn 0.75571 0.6202 0.21035
vn 0.75571 0.6202 0.21035
vn 0.63439 0.77301 -0
vn 0.77301 0.63439 -0
vn 0.63439 0.77301 0
vn 0.27643 0.22686 0.93387
vn 0.03505 0.35588 0.93387
vn 0.10381 0.3422 0.93387
vn 0.10381 0.3422 0.93387
vn 0.03505 0.35588 0.93387
vn 0.16857 0.31537 0.93387
vn 0.22686 0.27643 0.93387
vn 0.16857 0.31537 0.93387
vn 0.15255 0.5029 0.85078
vn 0.24773 0.46347 0.85078
vn 0.35588 0.03505 0.93387
vn 0.3422 0.10381 0.93387
vn 0.31537 0.16857 0.93387
vn 0.27643 0.22686 0.93387
vn 0.31537 0.16857 0.93387
vn 0.35588 0.03505 0.93387
vn 0.3422 0.10381 0.93387
vn 0.52299 0.05151 0.85078
vn 0.5029 0.15255 0.85078
vn 0.46347 0.24773 0.85078
vn 0.40624 0.33339 0.85078
vn 0.33339 0.40624 0.85078
vn 0.24773 0.46347 0.85078
vn 0.33339 0.40624 0.85078
vn 0.46347 0.24773 0.85078
vn 0.40624 0.33339 0.85078
vn 0.52474 0.43064 0.7343
vn 0.01773 0.17998 0.98351
vn 0.0525 0.17307 0.98351
vn 0.01773 0.17998 0.98351
vn 0.0525 0.17307 0.98351
vn 0.08525 0.1595 0.98351
vn 0.11473 0.1398 0.98351
vn 0.08525 0.1595 0.98351
vn 0.17998 0.01773 0.98351
vn 0.17307 0.0525 0.98351
vn 0.1398 0.11473 0.98351
vn 0.1595 0.08525 0.98351
vn 0.17998 0.01773 0.98351
vn 0.17307 0.0525 0.98351
vn 0.1595 0.08525 0.98351
vn 0.11473 0.1398 0.98351
vn 0.1398 0.11473 0.98351
vn 0.23527 0.77556 0.58579
vn 0.05151 0.52299 0.85078
vn 0.05151 0.52299 0.85078
vn 0.06654 0.67556 0.7343
vn 0.06654 0.67556 0.7343
vn 0.15255 0.5029 0.85078
vn 0.19705 0.64959 0.7343
vn 0.19705 0.64959 0.7343
vn 0.08945 0.90819 0.4089
vn 0.07944 0.80656 0.58579
vn 0.07944 0.80656 0.58579
vn 0.08945 0.90819 0.4089
vn 0.26491 0.87329 0.4089
vn 0.38205 0.71476 0.58579
vn 0.51415 0.6265 0.58579
vn 0.38205 0.71476 0.58579
vn 0.32 0.59867 0.7343
vn 0.32 0.59867 0.7343
vn 0.43064 0.52474 0.7343
vn 0.43064 0.52474 0.7343
vn 0.26491 0.87329 0.4089
vn 0.23527 0.77556 0.58579
vn 0.43019 0.80482 0.4089
vn 0.43019 0.80482 0.4089
vn 0.77556 0.23527 0.58579
vn 0.52299 0.05151 0.85078
vn 0.64959 0.19705 0.7343
vn 0.5029 0.15255 0.85078
vn 0.67556 0.06654 0.7343
vn 0.67556 0.06654 0.7343
vn 0.64959 0.19705 0.7343
vn 0.6265 0.51415 0.58579
vn 0.71476 0.38205 0.58579
vn 0.71476 0.38205 0.58579
vn 0.59867 0.32 0.7343
vn 0.59867 0.32 0.7343
vn 0.52474 0.43064 0.7343
vn 0.90819 0.08945 0.4089
vn 0.80656 0.07944 0.58579
vn 0.80656 0.07944 0.58579
vn 0.87329 0.26491 0.4089
vn 0.90819 0.08945 0.4089
vn 0.87329 0.26491 0.4089
vn 0.77556 0.23527 0.58579
vn 0.80482 0.43019 0.4089
vn 0.80482 0.43019 0.4089
vn 0.51415 0.6265 0.58579
vn 0.6265 0.51415 0.58579
vn 0.57894 0.70543 0.4089
vn 0.57894 0.70543 0.4089
vn 0.70543 0.57894 0.4089
vn 0.70543 0.57894 0.4089
vn -0.73369 -0.60213 0.31486
vn -0.60213 -0.73369 0.31486
vn -0.73369 -0.60213 0.31486
vn -0.60213 -0.73369 0.31486
vn -0.90827 -0.27552 0.31486
vn -0.83707 -0.44742 0.31486
vn -0.94457 -0.09303 0.31486
vn -0.83707 -0.44742 0.31486
vn -0.90827 -0.27552 0.31486
vn -0.94457 -0.09303 0.31486
vn -0.44742 -0.83707 0.31486
vn -0.27552 -0.90827 0.31486
vn -0.09303 -0.94457 0.31486
vn -0.44742 -0.83707 0.31486
vn -0.27552 -0.90827 0.31486
vn -0.09303 -0.94457 0.31486
vn -0.94457 0.09303 0.31486
vn -0.90827 0.27552 0.31486
vn -0.83707 0.44742 0.31486
vn -0.94457 0.09303 0.31486
vn -0.90827 0.27552 0.31486
vn -0.83707 0.44742 0.31486
vn -0.73369 0.60213 0.31486
vn -0.60213 0.73369 0.31486
vn -0.73369 0.60213 0.31486
vn -0.60213 0.73369 0.31486
vn -0.44742 0.83707 0.31486
vn -0.27552 0.90827 0.31486
vn -0.09303 0.94457 0.31486
vn -0.44742 0.83707 0.31486
vn -0.27552 0.90827 0.31486
vn -0.09303 0.94457 0.31486
vn 0.09303 -0.94457 0.31486
vn 0.27552 -0.90827 0.31486
vn 0.44742 -0.83707 0.31486
vn 0.09303 -0.94457 0.31486
vn 0.27552 -0.90827 0.31486
vn 0.44742 -0.83707 0.31486
vn 0.60213 -0.73369 0.31486
vn 0.73369 -0.60213 0.31486
vn 0.60213 -0.73369 0.31486
vn 0.73369 -0.60213 0.31486
vn 0.83707 -0.44742 0.31486
vn 0.90827 -0.27552 0.31486
vn 0.94457 -0.09303 0.31486
vn 0.83707 -0.44742 0.31486
vn 0.90827 -0.27552 0.31486
vn 0.94457 -0.09303 0.31486
vn 0.09303 0.94457 0.31486
vn 0.27552 0.90827 0.31486
vn 0.44742 0.83707 0.31486
vn 0.09303 0.94457 0.31486
vn 0.27552 0.90827 0.31486
vn 0.44742 0.83707 0.31486
vn 0.94457 0.09303 0.31486
vn 0.83707 0.44742 0.31486
vn 0.90827 0.27552 0.31486
vn 0.94457 0.09303 0.31486
vn 0.90827 0.27552 0.31486
vn 0.83707 0.44742 0.31486
vn 0.60213 0.73369 0.31486
vn 0.73369 0.60213 0.31486
vn 0.60213 0.73369 0.31486
vn 0.73369 0.60213 0.31486
f 1//1 2//1 3//1
f 1//2 3//2 4//2
f 1//3 5//3 2//3
f 6//4 7//4 8//4
f 6//5 8//5 5//5
f 1//6 4//6 9//6
f 6//7 10//7 7//7
f 6//8 9//8 10//8
f 1//9 6//9 5//9
f 1//10 9//10 6//10
f 7//11 11//11 12//11
f 7//11 12//11 8//11
f 11//12 13//12 12//12
f 13//13 14//13 12//13
f 7//14 15//14 11//14
f 7//14 10//14 15//14
f 11//15 15//15 13//15
f 15//16 16//16 13//16
f 17//17 18//17 14//17
f 17//18 16//18 19//18
f 13//19 17//19 14//19
f 13//20 16//20 17//20
f 17//21 20//21 18//21
f 17//22 19//22 20//22
f 21//23 22//23 9//23
f 23//24 24//24 21//24
f 23//25 25//25 24//25
f 21//26 26//26 22//26
f 21//27 24//27 26//27
f 27//28 23//28 4//28
f 27//29 28//29 29//29
f 3//30 27//30 4//30
f 3//31 28//31 27//31
f 27//32 30//32 23//32
f 30//33 25//33 23//33
f 30//34 31//34 32//34
f 30//35 29//35 31//35
f 27//36 29//36 30//36
f 4//37 21//37 9//37
f 4//38 23//38 21//38
f 10//39 9//39 22//39
f 25//40 32//40 33//40
f 33//41 34//41 35//41
f 25//42 36//42 24//42
f 25//43 33//43 36//43
f 26//44 24//44 37//44
f 24//45 36//45 37//45
f 36//46 35//46 38//46
f 33//47 35//47 36//47
f 36//48 38//48 37//48
f 37//49 38//49 39//49
f 30//50 32//50 25//50
f 33//51 32//51 40//51
f 32//52 41//52 40//52
f 31//53 41//53 32//53
f 31//54 42//54 41//54
f 41//55 43//55 44//55
f 41//56 44//56 40//56
f 40//57 44//57 45//57
f 33//58 40//58 34//58
f 40//59 45//59 34//59
f 44//60 43//60 46//60
f 45//61 46//61 47//61
f 45//62 47//62 48//62
f 44//63 46//63 45//63
f 10//64 22//64 49//64
f 49//65 50//65 16//65
f 22//66 51//66 49//66
f 22//66 26//66 51//66
f 49//67 51//67 50//67
f 51//68 52//68 50//68
f 50//69 52//69 53//69
f 53//70 52//70 54//70
f 10//64 49//64 15//64
f 15//71 49//71 16//71
f 50//72 19//72 16//72
f 50//73 53//73 19//73
f 19//74 53//74 55//74
f 19//75 55//75 20//75
f 53//76 56//76 55//76
f 53//77 54//77 56//77
f 26//78 57//78 51//78
f 26//78 37//78 57//78
f 51//79 57//79 52//79
f 57//80 58//80 52//80
f 37//81 39//81 59//81
f 37//81 59//81 57//81
f 57//82 59//82 60//82
f 57//83 60//83 58//83
f 52//84 58//84 54//84
f 58//85 61//85 54//85
f 54//86 61//86 62//86
f 58//87 60//87 63//87
f 58//88 63//88 61//88
f 61//89 63//89 64//89
f 54//90 62//90 56//90
f 61//91 65//91 62//91
f 61//92 64//92 65//92
f 20//93 55//93 66//93
f 55//94 67//94 66//94
f 56//95 62//95 68//95
f 55//96 56//96 67//96
f 56//97 68//97 67//97
f 62//98 65//98 69//98
f 68//99 62//99 69//99
f 68//100 69//100 70//100
f 69//101 71//101 72//101
f 69//102 65//102 71//102
f 65//103 64//103 73//103
f 65//104 73//104 71//104
f 71//105 74//105 72//105
f 71//106 73//106 74//106
f 73//107 75//107 76//107
f 73//108 76//108 74//108
f 35//109 77//109 78//109
f 35//110 78//110 38//110
f 78//111 79//111 38//111
f 38//112 79//112 39//112
f 79//113 80//113 39//113
f 34//114 45//114 81//114
f 35//115 34//115 77//115
f 34//116 81//116 77//116
f 45//117 48//117 81//117
f 39//118 80//118 59//118
f 59//118 80//118 82//118
f 59//119 82//119 60//119
f 82//120 83//120 60//120
f 60//121 83//121 63//121
f 83//122 84//122 63//122
f 63//123 84//123 64//123
f 84//124 85//124 64//124
f 64//125 85//125 73//125
f 85//126 86//126 73//126
f 73//127 86//127 75//127
f 87//128 88//128 89//128
f 87//129 89//129 90//129
f 87//130 91//130 88//130
f 92//131 93//131 94//131
f 92//132 94//132 91//132
f 87//133 90//133 95//133
f 92//134 96//134 93//134
f 92//135 95//135 96//135
f 87//136 92//136 91//136
f 87//137 95//137 92//137
f 94//138 93//138 97//138
f 97//138 93//138 98//138
f 97//139 98//139 99//139
f 97//140 99//140 100//140
f 93//141 101//141 98//141
f 93//141 96//141 101//141
f 98//142 101//142 99//142
f 99//143 101//143 102//143
f 103//144 104//144 100//144
f 103//145 102//145 105//145
f 99//146 103//146 100//146
f 99//147 102//147 103//147
f 103//148 106//148 104//148
f 103//149 105//149 106//149
f 107//150 91//150 108//150
f 109//151 107//151 110//151
f 111//152 109//152 110//152
f 107//153 112//153 110//153
f 107//154 108//154 112//154
f 111//155 113//155 114//155
f 113//156 115//156 116//156
f 111//157 110//157 117//157
f 111//158 117//158 113//158
f 112//159 118//159 110//159
f 110//160 118//160 117//160
f 117//161 119//161 115//161
f 113//162 117//162 115//162
f 117//163 118//163 119//163
f 118//164 120//164 119//164
f 121//165 88//165 109//165
f 111//166 122//166 109//166
f 122//167 121//167 109//167
f 121//168 89//168 88//168
f 121//169 123//169 89//169
f 122//170 124//170 125//170
f 121//171 125//171 123//171
f 123//172 125//172 126//172
f 122//173 125//173 121//173
f 88//174 91//174 107//174
f 88//175 107//175 109//175
f 94//176 108//176 91//176
f 114//177 127//177 124//177
f 111//178 114//178 122//178
f 113//179 128//179 114//179
f 122//180 114//180 124//180
f 114//181 128//181 127//181
f 128//182 129//182 127//182
f 113//183 116//183 128//183
f 128//184 116//184 129//184
f 125//185 124//185 130//185
f 124//186 131//186 130//186
f 124//187 127//187 131//187
f 129//188 132//188 131//188
f 129//189 133//189 132//189
f 127//190 129//190 131//190
f 94//191 134//191 108//191
f 134//192 100//192 135//192
f 108//193 134//193 136//193
f 108//193 136//193 112//193
f 136//194 135//194 137//194
f 134//195 135//195 136//195
f 135//196 138//196 137//196
f 137//197 138//197 139//197
f 118//198 140//198 120//198
f 118//198 141//198 140//198
f 112//199 136//199 141//199
f 112//199 141//199 118//199
f 136//200 137//200 141//200
f 141//201 137//201 142//201
f 141//202 143//202 140//202
f 141//203 142//203 143//203
f 137//204 139//204 142//204
f 142//205 139//205 144//205
f 139//206 145//206 144//206
f 142//207 146//207 143//207
f 142//208 144//208 146//208
f 144//209 147//209 146//209
f 94//191 97//191 134//191
f 97//210 100//210 134//210
f 135//211 100//211 104//211
f 135//212 104//212 138//212
f 104//213 148//213 138//213
f 139//214 138//214 149//214
f 138//215 148//215 149//215
f 104//216 106//216 148//216
f 139//217 149//217 145//217
f 144//218 145//218 150//218
f 144//219 150//219 147//219
f 148//220 106//220 151//220
f 149//221 148//221 152//221
f 149//222 152//222 153//222
f 148//223 151//223 152//223
f 151//224 154//224 152//224
f 149//225 153//225 145//225
f 145//226 155//226 150//226
f 145//227 153//227 155//227
f 150//228 156//228 147//228
f 150//229 155//229 156//229
f 152//230 157//230 153//230
f 153//231 157//231 158//231
f 153//232 158//232 155//232
f 155//233 158//233 156//233
f 156//234 159//234 160//234
f 156//235 158//235 159//235
f 115//236 161//236 116//236
f 115//237 119//237 162//237
f 115//238 162//238 161//238
f 119//239 163//239 162//239
f 119//240 120//240 163//240
f 164//241 165//241 129//241
f 161//242 164//242 116//242
f 116//243 164//243 129//243
f 129//244 165//244 133//244
f 120//245 166//245 163//245
f 120//245 140//245 166//245
f 140//246 167//246 166//246
f 140//247 143//247 167//247
f 143//248 168//248 167//248
f 143//249 146//249 168//249
f 146//250 169//250 168//250
f 146//251 147//251 169//251
f 147//252 170//252 169//252
f 147//253 156//253 170//253
f 156//254 160//254 170//254
f 171//255 172//255 173//255
f 172//256 174//256 173//256
f 172//257 175//257 174//257
f 175//258 176//258 177//258
f 178//259 179//259 180//259
f 176//260 178//260 180//260
f 175//261 177//261 174//261
f 176//262 180//262 177//262
f 180//263 181//263 182//263
f 177//264 180//264 182//264
f 183//265 184//265 179//265
f 178//266 185//266 179//266
f 185//267 183//267 179//267
f 183//268 186//268 184//268
f 180//269 179//269 181//269
f 181//270 179//270 187//270
f 179//271 184//271 187//271
f 171//272 188//272 42//272
f 43//273 189//273 190//273
f 42//274 189//274 43//274
f 171//275 173//275 188//275
f 173//276 191//276 188//276
f 189//277 192//277 193//277
f 189//278 193//278 190//278
f 42//279 188//279 189//279
f 194//280 188//280 191//280
f 194//281 192//281 189//281
f 194//282 189//282 188//282
f 195//283 47//283 46//283
f 195//284 46//284 190//284
f 43//285 190//285 46//285
f 196//286 174//286 197//286
f 173//287 196//287 191//287
f 173//288 174//288 196//288
f 177//289 197//289 174//289
f 177//290 182//290 197//290
f 183//291 198//291 186//291
f 198//292 199//292 186//292
f 200//293 201//293 202//293
f 203//294 202//294 201//294
f 204//295 200//295 205//295
f 200//296 202//296 206//296
f 200//297 206//297 205//297
f 205//298 206//298 207//298
f 208//299 2//299 209//299
f 210//300 209//300 204//300
f 3//301 2//301 208//301
f 3//302 208//302 211//302
f 208//303 212//303 211//303
f 212//304 210//304 213//304
f 208//305 210//305 212//305
f 208//306 209//306 210//306
f 2//307 201//307 209//307
f 2//308 5//308 201//308
f 203//309 5//309 8//309
f 203//310 201//310 5//310
f 209//311 200//311 204//311
f 209//312 201//312 200//312
f 214//313 204//313 215//313
f 210//314 204//314 214//314
f 214//315 215//315 216//315
f 216//316 215//316 217//316
f 210//317 214//317 213//317
f 214//318 216//318 213//318
f 216//319 218//319 213//319
f 218//320 217//320 219//320
f 216//321 217//321 218//321
f 204//322 205//322 215//322
f 215//323 205//323 220//323
f 203//324 8//324 221//324
f 203//325 221//325 222//325
f 203//325 222//325 202//325
f 221//326 223//326 222//326
f 222//327 223//327 224//327
f 202//328 222//328 225//328
f 222//329 224//329 225//329
f 202//328 225//328 206//328
f 206//330 225//330 226//330
f 225//331 224//331 227//331
f 225//332 227//332 228//332
f 224//333 229//333 227//333
f 221//324 8//324 12//324
f 221//334 12//334 14//334
f 221//335 14//335 223//335
f 14//336 18//336 223//336
f 223//337 18//337 230//337
f 18//338 231//338 230//338
f 224//339 223//339 230//339
f 224//340 230//340 229//340
f 230//341 232//341 229//341
f 20//342 231//342 18//342
f 230//343 231//343 232//343
f 229//344 233//344 234//344
f 229//345 232//345 233//345
f 227//346 229//346 234//346
f 227//347 234//347 235//347
f 234//348 233//348 236//348
f 234//349 236//349 237//349
f 206//350 238//350 207//350
f 207//351 238//351 239//351
f 215//352 220//352 217//352
f 217//353 220//353 240//353
f 240//354 220//354 241//354
f 219//355 240//355 242//355
f 219//356 217//356 240//356
f 240//357 241//357 243//357
f 243//358 241//358 244//358
f 240//359 243//359 242//359
f 220//360 205//360 207//360
f 220//361 207//361 241//361
f 241//362 207//362 239//362
f 241//363 239//363 244//363
f 238//364 245//364 239//364
f 243//365 246//365 247//365
f 243//366 244//366 246//366
f 244//367 239//367 248//367
f 239//368 245//368 248//368
f 245//369 249//369 248//369
f 244//370 248//370 250//370
f 244//371 250//371 246//371
f 248//372 249//372 251//372
f 248//373 251//373 250//373
f 206//330 226//330 238//330
f 238//374 226//374 252//374
f 225//375 228//375 226//375
f 226//376 228//376 253//376
f 238//374 252//374 245//374
f 226//377 253//377 252//377
f 227//378 235//378 228//378
f 228//379 235//379 254//379
f 234//380 237//380 235//380
f 235//381 237//381 255//381
f 228//382 254//382 253//382
f 253//383 254//383 256//383
f 235//384 255//384 254//384
f 254//385 257//385 256//385
f 254//386 255//386 257//386
f 245//387 252//387 258//387
f 245//387 258//387 249//387
f 252//388 253//388 259//388
f 252//389 259//389 258//389
f 258//390 259//390 260//390
f 251//391 249//391 261//391
f 249//392 262//392 261//392
f 249//392 258//392 262//392
f 251//393 261//393 263//393
f 261//394 264//394 263//394
f 261//394 262//394 264//394
f 258//395 265//395 262//395
f 258//396 260//396 265//396
f 262//397 265//397 264//397
f 253//398 256//398 259//398
f 259//399 256//399 266//399
f 256//400 257//400 267//400
f 256//401 267//401 266//401
f 259//402 266//402 260//402
f 3//403 211//403 28//403
f 212//404 176//404 211//404
f 175//405 28//405 211//405
f 175//406 211//406 176//406
f 29//407 172//407 171//407
f 29//408 28//408 172//408
f 31//409 171//409 42//409
f 29//410 171//410 31//410
f 172//411 28//411 175//411
f 212//412 178//412 176//412
f 212//413 213//413 178//413
f 213//414 185//414 178//414
f 213//415 218//415 185//415
f 219//416 183//416 185//416
f 218//417 219//417 185//417
f 41//418 42//418 43//418
f 219//419 242//419 183//419
f 183//420 242//420 198//420
f 198//421 268//421 269//421
f 198//422 242//422 268//422
f 243//423 268//423 242//423
f 268//424 247//424 270//424
f 268//425 270//425 269//425
f 243//426 247//426 268//426
f 198//427 269//427 199//427
f 20//428 271//428 231//428
f 231//429 272//429 232//429
f 231//430 271//430 272//430
f 232//431 272//431 273//431
f 232//432 273//432 233//432
f 233//433 273//433 236//433
f 236//434 273//434 274//434
f 236//435 274//435 237//435
f 274//436 275//436 237//436
f 237//437 275//437 255//437
f 275//438 276//438 255//438
f 255//439 276//439 257//439
f 20//440 66//440 271//440
f 272//441 271//441 277//441
f 66//442 278//442 271//442
f 271//443 278//443 277//443
f 67//444 279//444 66//444
f 67//445 280//445 279//445
f 67//446 68//446 280//446
f 68//447 70//447 280//447
f 66//448 279//448 278//448
f 280//449 281//449 279//449
f 279//450 282//450 278//450
f 279//451 281//451 282//451
f 272//452 283//452 273//452
f 272//453 277//453 283//453
f 273//454 283//454 284//454
f 273//455 284//455 274//455
f 274//456 284//456 275//456
f 275//457 284//457 285//457
f 278//458 286//458 277//458
f 277//459 287//459 283//459
f 283//460 287//460 288//460
f 278//461 282//461 286//461
f 277//462 286//462 287//462
f 286//463 289//463 287//463
f 287//464 289//464 290//464
f 283//465 288//465 284//465
f 284//466 288//466 285//466
f 285//467 288//467 291//467
f 285//468 291//468 292//468
f 291//469 293//469 292//469
f 288//470 294//470 291//470
f 287//471 290//471 288//471
f 288//472 290//472 294//472
f 280//473 70//473 295//473
f 69//474 72//474 70//474
f 70//475 72//475 296//475
f 72//476 297//476 296//476
f 280//477 295//477 281//477
f 281//478 295//478 298//478
f 281//479 298//479 299//479
f 70//480 296//480 295//480
f 296//481 297//481 300//481
f 296//482 300//482 301//482
f 295//483 296//483 301//483
f 295//484 301//484 298//484
f 72//485 74//485 302//485
f 74//486 76//486 302//486
f 72//487 302//487 297//487
f 282//488 299//488 303//488
f 281//489 299//489 282//489
f 286//490 282//490 303//490
f 286//491 303//491 304//491
f 286//492 304//492 289//492
f 275//493 285//493 276//493
f 285//494 292//494 276//494
f 276//495 292//495 305//495
f 305//496 292//496 306//496
f 257//497 276//497 305//497
f 257//498 307//498 267//498
f 257//499 305//499 307//499
f 305//500 306//500 307//500
f 292//501 293//501 308//501
f 306//502 292//502 308//502
f 309//503 310//503 311//503
f 312//504 311//504 310//504
f 312//505 313//505 314//505
f 313//506 315//506 316//506
f 312//507 314//507 311//507
f 313//508 316//508 314//508
f 317//509 318//509 319//509
f 320//510 317//510 319//510
f 321//511 322//511 323//511
f 320//512 322//512 321//512
f 323//513 322//513 324//513
f 323//514 324//514 325//514
f 322//515 326//515 327//515
f 322//516 327//516 324//516
f 326//517 328//517 327//517
f 320//518 326//518 322//518
f 320//519 319//519 326//519
f 325//520 329//520 330//520
f 325//521 324//521 331//521
f 325//521 331//521 329//521
f 329//522 331//522 332//522
f 331//523 333//523 332//523
f 324//524 327//524 334//524
f 324//524 334//524 331//524
f 327//525 335//525 334//525
f 331//526 334//526 333//526
f 334//527 336//527 333//527
f 334//528 337//528 336//528
f 332//529 333//529 338//529
f 333//530 339//530 338//530
f 333//531 336//531 339//531
f 336//532 340//532 339//532
f 339//533 340//533 341//533
f 340//534 342//534 341//534
f 343//535 344//535 345//535
f 344//536 346//536 345//536
f 347//537 348//537 349//537
f 348//538 350//538 349//538
f 321//539 323//539 348//539
f 343//540 321//540 348//540
f 323//541 350//541 348//541
f 323//542 325//542 350//542
f 343//543 348//543 347//543
f 343//544 347//544 344//544
f 351//545 352//545 353//545
f 344//546 352//546 346//546
f 346//547 352//547 351//547
f 346//548 351//548 354//548
f 354//549 355//549 356//549
f 351//550 353//550 355//550
f 351//551 355//551 354//551
f 344//552 347//552 357//552
f 344//553 357//553 352//553
f 347//554 358//554 357//554
f 347//555 349//555 358//555
f 352//556 357//556 359//556
f 352//557 359//557 353//557
f 357//558 358//558 360//558
f 357//559 360//559 359//559
f 343//560 361//560 321//560
f 320//561 321//561 361//561
f 361//562 362//562 363//562
f 362//563 345//563 364//563
f 343//564 345//564 361//564
f 361//565 345//565 362//565
f 365//566 366//566 367//566
f 367//567 317//567 363//567
f 367//568 366//568 317//568
f 320//569 361//569 317//569
f 361//570 363//570 317//570
f 366//571 318//571 317//571
f 310//572 363//572 362//572
f 368//573 365//573 367//573
f 368//574 367//574 363//574
f 368//575 363//575 310//575
f 346//576 354//576 364//576
f 312//577 362//577 364//577
f 346//578 364//578 345//578
f 313//579 364//579 354//579
f 313//580 354//580 315//580
f 354//581 356//581 315//581
f 312//582 310//582 362//582
f 312//583 364//583 313//583
f 309//584 369//584 310//584
f 368//585 310//585 369//585
f 370//586 350//586 330//586
f 349//586 350//586 370//586
f 370//587 330//587 371//587
f 370//588 371//588 372//588
f 325//520 330//520 350//520
f 332//589 371//589 330//589
f 329//590 332//590 330//590
f 332//591 338//591 371//591
f 371//592 338//592 373//592
f 372//593 371//593 373//593
f 372//594 373//594 374//594
f 373//595 375//595 374//595
f 374//596 375//596 376//596
f 349//597 377//597 358//597
f 349//597 370//597 377//597
f 370//598 372//598 377//598
f 377//599 372//599 378//599
f 358//600 377//600 379//600
f 358//600 379//600 360//600
f 377//601 378//601 379//601
f 378//602 380//602 379//602
f 372//603 374//603 378//603
f 374//604 381//604 378//604
f 378//605 381//605 380//605
f 381//606 382//606 380//606
f 381//607 383//607 382//607
f 374//608 376//608 381//608
f 381//609 376//609 383//609
f 383//610 384//610 382//610
f 373//611 338//611 385//611
f 339//612 385//612 338//612
f 373//613 385//613 375//613
f 339//614 341//614 385//614
f 318//615 386//615 319//615
f 387//616 326//616 319//616
f 387//617 328//617 326//617
f 327//618 328//618 335//618
f 387//619 319//619 386//619
f 334//525 335//525 337//525
f 336//620 337//620 388//620
f 336//621 388//621 340//621
f 388//622 389//622 340//622
f 389//623 390//623 340//623
f 340//624 390//624 342//624
f 376//625 391//625 383//625
f 383//626 391//626 384//626
f 391//627 392//627 384//627
f 385//628 393//628 375//628
f 385//629 394//629 393//629
f 375//630 393//630 395//630
f 385//631 341//631 394//631
f 341//632 342//632 396//632
f 396//633 342//633 397//633
f 341//634 396//634 394//634
f 396//635 398//635 394//635
f 396//636 397//636 398//636
f 393//637 394//637 399//637
f 398//638 400//638 394//638
f 394//639 400//639 399//639
f 376//640 375//640 395//640
f 376//641 395//641 391//641
f 393//642 401//642 395//642
f 395//643 402//643 391//643
f 391//644 403//644 392//644
f 391//645 402//645 403//645
f 393//646 399//646 401//646
f 395//647 401//647 402//647
f 400//648 404//648 399//648
f 399//649 404//649 405//649
f 401//650 399//650 405//650
f 401//651 405//651 406//651
f 401//652 406//652 402//652
f 402//653 407//653 403//653
f 402//654 406//654 407//654
f 407//655 408//655 403//655
f 409//656 410//656 411//656
f 412//657 413//657 414//657
f 412//658 415//658 413//658
f 411//659 415//659 412//659
f 409//660 126//660 416//660
f 126//661 130//661 417//661
f 130//662 131//662 418//662
f 418//663 131//663 132//663
f 130//664 418//664 417//664
f 409//665 416//665 410//665
f 416//666 419//666 420//666
f 416//667 417//667 419//667
f 126//668 417//668 416//668
f 421//669 422//669 415//669
f 421//670 415//670 410//670
f 411//671 410//671 415//671
f 421//672 410//672 420//672
f 416//673 420//673 410//673
f 414//674 423//674 424//674
f 414//675 413//675 423//675
f 424//676 423//676 425//676
f 424//677 425//677 426//677
f 423//678 427//678 425//678
f 425//679 428//679 429//679
f 425//680 429//680 426//680
f 426//681 429//681 430//681
f 426//682 430//682 431//682
f 432//683 429//683 428//683
f 432//684 430//684 429//684
f 431//685 430//685 433//685
f 431//686 433//686 434//686
f 423//687 435//687 427//687
f 435//688 413//688 422//688
f 415//689 422//689 413//689
f 423//690 413//690 435//690
f 425//691 427//691 428//691
f 431//692 434//692 436//692
f 436//693 434//693 437//693
f 438//694 439//694 440//694
f 441//695 438//695 440//695
f 442//696 443//696 90//696
f 89//697 442//697 90//697
f 444//698 445//698 443//698
f 446//699 444//699 447//699
f 442//700 444//700 443//700
f 442//701 447//701 444//701
f 446//702 448//702 444//702
f 90//703 443//703 438//703
f 90//704 438//704 95//704
f 441//705 96//705 95//705
f 441//706 95//706 438//706
f 443//707 445//707 439//707
f 443//708 439//708 438//708
f 445//709 449//709 439//709
f 439//710 450//710 440//710
f 439//711 449//711 450//711
f 449//712 451//712 450//712
f 444//713 448//713 445//713
f 448//714 452//714 445//714
f 446//715 453//715 448//715
f 448//716 453//716 454//716
f 448//717 454//717 452//717
f 454//718 455//718 452//718
f 453//719 456//719 454//719
f 454//720 456//720 457//720
f 454//721 457//721 455//721
f 445//722 452//722 449//722
f 452//723 458//723 449//723
f 441//724 459//724 96//724
f 441//725 460//725 459//725
f 441//725 440//725 460//725
f 459//726 460//726 461//726
f 460//727 462//727 461//727
f 459//724 101//724 96//724
f 459//728 102//728 101//728
f 459//729 461//729 102//729
f 102//730 461//730 105//730
f 461//731 463//731 105//731
f 105//732 463//732 464//732
f 106//733 105//733 464//733
f 461//734 462//734 463//734
f 463//735 462//735 465//735
f 463//736 465//736 466//736
f 463//737 466//737 464//737
f 440//738 467//738 460//738
f 460//739 467//739 462//739
f 440//738 450//738 467//738
f 450//740 468//740 467//740
f 467//741 469//741 462//741
f 467//742 470//742 469//742
f 462//743 469//743 465//743
f 465//744 471//744 466//744
f 465//745 472//745 471//745
f 469//746 472//746 465//746
f 469//747 473//747 472//747
f 472//748 474//748 471//748
f 472//749 475//749 474//749
f 89//750 123//750 476//750
f 442//751 476//751 447//751
f 411//752 447//752 476//752
f 89//753 476//753 442//753
f 123//754 409//754 476//754
f 123//755 126//755 409//755
f 409//756 411//756 476//756
f 411//757 412//757 447//757
f 446//758 447//758 412//758
f 446//759 412//759 414//759
f 125//760 130//760 126//760
f 453//761 414//761 424//761
f 446//762 414//762 453//762
f 453//763 424//763 456//763
f 456//764 424//764 426//764
f 456//765 426//765 431//765
f 456//766 431//766 457//766
f 450//767 451//767 477//767
f 451//768 478//768 477//768
f 452//769 455//769 458//769
f 455//770 479//770 458//770
f 457//771 480//771 455//771
f 455//772 480//772 479//772
f 479//773 481//773 458//773
f 479//774 480//774 482//774
f 479//775 482//775 483//775
f 479//776 483//776 481//776
f 483//777 484//777 481//777
f 458//778 451//778 449//778
f 458//779 481//779 451//779
f 481//780 478//780 451//780
f 481//781 484//781 478//781
f 477//782 478//782 485//782
f 483//783 486//783 484//783
f 484//784 486//784 487//784
f 484//785 488//785 478//785
f 478//786 488//786 485//786
f 485//787 488//787 489//787
f 484//788 487//788 488//788
f 488//789 490//789 489//789
f 487//790 490//790 488//790
f 490//791 491//791 489//791
f 450//740 477//740 468//740
f 477//792 492//792 468//792
f 467//793 468//793 470//793
f 468//794 493//794 470//794
f 477//792 485//792 492//792
f 468//795 492//795 493//795
f 469//796 470//796 473//796
f 470//797 494//797 473//797
f 472//798 473//798 475//798
f 473//799 495//799 475//799
f 470//800 493//800 494//800
f 493//801 496//801 494//801
f 473//802 494//802 495//802
f 494//803 496//803 497//803
f 494//804 497//804 495//804
f 485//805 498//805 492//805
f 485//805 489//805 498//805
f 492//806 499//806 493//806
f 492//807 498//807 499//807
f 498//808 500//808 499//808
f 491//809 501//809 489//809
f 489//810 501//810 502//810
f 489//810 502//810 498//810
f 491//811 503//811 501//811
f 501//812 503//812 502//812
f 503//812 504//812 502//812
f 498//813 502//813 500//813
f 502//814 504//814 500//814
f 493//815 499//815 496//815
f 499//816 505//816 496//816
f 505//817 506//817 496//817
f 496//818 506//818 497//818
f 506//819 507//819 497//819
f 499//820 500//820 505//820
f 457//821 436//821 480//821
f 431//822 436//822 457//822
f 436//823 437//823 480//823
f 437//824 508//824 480//824
f 480//825 508//825 482//825
f 482//826 508//826 509//826
f 483//827 482//827 509//827
f 483//828 509//828 486//828
f 464//829 466//829 510//829
f 466//830 511//830 510//830
f 466//831 471//831 511//831
f 511//832 471//832 512//832
f 471//833 474//833 512//833
f 512//834 474//834 513//834
f 474//835 475//835 514//835
f 474//836 514//836 513//836
f 106//837 464//837 515//837
f 106//838 515//838 151//838
f 464//839 510//839 515//839
f 515//840 510//840 516//840
f 151//841 515//841 517//841
f 151//842 517//842 154//842
f 515//843 516//843 517//843
f 510//844 518//844 516//844
f 511//845 518//845 510//845
f 511//846 519//846 518//846
f 517//847 516//847 520//847
f 518//848 519//848 521//848
f 516//849 518//849 522//849
f 518//850 521//850 522//850
f 152//851 154//851 157//851
f 517//852 523//852 154//852
f 154//853 524//853 157//853
f 157//854 524//854 525//854
f 157//855 526//855 158//855
f 158//856 526//856 159//856
f 157//857 525//857 526//857
f 517//858 520//858 523//858
f 154//859 523//859 524//859
f 523//860 527//860 524//860
f 516//861 522//861 520//861
f 522//862 528//862 520//862
f 522//863 529//863 528//863
f 523//864 520//864 527//864
f 520//865 528//865 527//865
f 511//866 512//866 519//866
f 512//867 530//867 519//867
f 512//868 513//868 530//868
f 519//869 530//869 531//869
f 519//870 531//870 521//870
f 530//871 532//871 533//871
f 530//872 533//872 531//872
f 531//873 533//873 534//873
f 533//874 535//874 534//874
f 513//875 532//875 530//875
f 513//876 536//876 532//876
f 513//877 514//877 536//877
f 533//878 532//878 537//878
f 532//879 538//879 537//879
f 537//880 538//880 539//880
f 533//881 537//881 535//881
f 537//882 539//882 535//882
f 532//883 536//883 538//883
f 536//884 540//884 538//884
f 522//885 521//885 541//885
f 522//886 541//886 529//886
f 521//887 542//887 541//887
f 531//888 542//888 521//888
f 531//889 534//889 542//889
f 475//890 543//890 514//890
f 475//891 495//891 543//891
f 495//892 497//892 544//892
f 495//893 544//893 543//893
f 514//894 543//894 545//894
f 536//895 514//895 545//895
f 543//896 546//896 545//896
f 536//897 545//897 540//897
f 545//898 547//898 540//898
f 546//899 547//899 545//899
f 497//900 507//900 544//900
f 544//901 507//901 548//901
f 543//902 544//902 546//902
f 544//903 548//903 546//903
f 549//904 550//904 551//904
f 551//905 550//905 552//905
f 552//906 550//906 553//906
f 552//907 553//907 554//907
f 553//908 555//908 554//908
f 556//909 557//909 558//909
f 559//910 558//910 557//910
f 560//911 561//911 562//911
f 560//912 563//912 561//912
f 563//913 564//913 561//913
f 565//914 566//914 563//914
f 559//915 565//915 563//915
f 566//916 564//916 563//916
f 566//917 567//917 564//917
f 559//918 563//918 560//918
f 559//919 560//919 558//919
f 567//920 568//920 569//920
f 561//921 570//921 571//921
f 564//586 570//586 561//586
f 564//586 572//586 570//586
f 570//922 573//922 574//922
f 572//923 575//923 570//923
f 570//924 575//924 573//924
f 567//925 572//925 564//925
f 567//925 569//925 572//925
f 569//926 576//926 572//926
f 572//927 576//927 575//927
f 576//928 577//928 575//928
f 575//929 577//929 578//929
f 573//930 575//930 578//930
f 573//931 578//931 579//931
f 578//932 580//932 579//932
f 579//933 580//933 581//933
f 556//934 558//934 582//934
f 583//935 558//935 584//935
f 558//936 560//936 584//936
f 560//937 562//937 584//937
f 583//938 582//938 558//938
f 561//921 571//921 562//921
f 570//939 574//939 571//939
f 573//940 585//940 574//940
f 573//941 579//941 585//941
f 585//942 579//942 586//942
f 579//943 581//943 586//943
f 587//944 588//944 589//944
f 589//945 588//945 590//945
f 565//946 591//946 566//946
f 587//947 591//947 565//947
f 566//948 591//948 592//948
f 566//949 592//949 567//949
f 591//950 593//950 594//950
f 591//951 594//951 592//951
f 587//952 593//952 591//952
f 587//953 589//953 593//953
f 559//954 595//954 565//954
f 587//955 565//955 595//955
f 556//956 596//956 597//956
f 595//957 597//957 598//957
f 599//958 597//958 596//958
f 599//959 598//959 597//959
f 595//960 557//960 597//960
f 559//961 557//961 595//961
f 556//962 597//962 557//962
f 600//963 588//963 598//963
f 587//964 595//964 588//964
f 595//965 598//965 588//965
f 600//966 590//966 588//966
f 601//967 598//967 599//967
f 601//968 600//968 598//968
f 589//969 590//969 602//969
f 590//970 603//970 602//970
f 590//971 604//971 603//971
f 603//972 605//972 602//972
f 606//973 607//973 608//973
f 603//974 606//974 608//974
f 603//975 608//975 605//975
f 589//976 609//976 593//976
f 589//977 602//977 609//977
f 593//978 609//978 610//978
f 593//979 610//979 594//979
f 602//980 611//980 609//980
f 602//981 605//981 611//981
f 609//982 612//982 610//982
f 609//983 611//983 612//983
f 600//984 604//984 590//984
f 603//985 604//985 606//985
f 551//986 606//986 604//986
f 601//987 613//987 600//987
f 613//988 604//988 600//988
f 549//989 613//989 614//989
f 601//990 614//990 613//990
f 613//991 551//991 604//991
f 549//992 551//992 613//992
f 551//993 552//993 606//993
f 552//994 554//994 607//994
f 552//995 607//995 606//995
f 592//524 615//524 568//524
f 567//920 592//920 568//920
f 576//996 568//996 616//996
f 569//997 568//997 576//997
f 592//524 594//524 615//524
f 568//998 615//998 616//998
f 615//999 617//999 616//999
f 576//1000 616//1000 577//1000
f 616//1001 618//1001 577//1001
f 616//1002 617//1002 618//1002
f 617//1003 619//1003 618//1003
f 618//1004 619//1004 620//1004
f 619//1005 621//1005 620//1005
f 578//1006 577//1006 622//1006
f 618//1007 622//1007 577//1007
f 578//1008 622//1008 580//1008
f 618//1009 620//1009 622//1009
f 594//1010 610//1010 623//1010
f 594//1010 623//1010 615//1010
f 615//1011 623//1011 617//1011
f 623//1012 624//1012 617//1012
f 610//1013 625//1013 623//1013
f 610//1013 612//1013 625//1013
f 623//1014 625//1014 624//1014
f 624//1015 625//1015 626//1015
f 617//1016 624//1016 619//1016
f 619//1017 624//1017 627//1017
f 619//1018 627//1018 621//1018
f 627//1019 628//1019 621//1019
f 624//1020 626//1020 627//1020
f 627//1021 626//1021 629//1021
f 627//1022 629//1022 628//1022
f 628//1023 629//1023 630//1023
f 622//1024 631//1024 580//1024
f 581//1025 580//1025 632//1025
f 622//1026 633//1026 631//1026
f 580//1027 631//1027 632//1027
f 631//1028 634//1028 632//1028
f 622//1029 620//1029 633//1029
f 620//1030 635//1030 633//1030
f 620//1031 621//1031 635//1031
f 631//1032 633//1032 636//1032
f 631//1033 636//1033 634//1033
f 635//1034 637//1034 633//1034
f 633//1035 637//1035 636//1035
f 621//1036 628//1036 638//1036
f 628//1037 630//1037 639//1037
f 639//1038 630//1038 640//1038
f 635//1039 621//1039 638//1039
f 628//1040 639//1040 638//1040
f 638//1041 639//1041 641//1041
f 635//1042 638//1042 642//1042
f 635//1043 642//1043 637//1043
f 642//1044 643//1044 637//1044
f 638//1045 641//1045 642//1045
f 642//1046 641//1046 644//1046
f 642//1047 644//1047 643//1047
f 639//1048 645//1048 641//1048
f 639//1049 640//1049 645//1049
f 645//1050 640//1050 646//1050
f 641//1051 645//1051 647//1051
f 641//1052 647//1052 644//1052
f 645//1053 646//1053 648//1053
f 645//1054 648//1054 647//1054
f 315//1055 649//1055 650//1055
f 649//1056 651//1056 652//1056
f 315//1057 650//1057 316//1057
f 649//1058 652//1058 650//1058
f 652//1059 651//1059 653//1059
f 654//1060 353//1060 655//1060
f 355//1061 656//1061 356//1061
f 355//1062 353//1062 654//1062
f 355//1063 654//1063 656//1063
f 654//1064 655//1064 657//1064
f 657//1065 655//1065 658//1065
f 654//1066 657//1066 656//1066
f 655//1067 359//1067 659//1067
f 353//1068 359//1068 655//1068
f 359//1069 360//1069 659//1069
f 659//1070 360//1070 660//1070
f 655//1071 659//1071 658//1071
f 658//1072 659//1072 661//1072
f 659//1073 660//1073 661//1073
f 660//1074 662//1074 661//1074
f 657//1075 658//1075 663//1075
f 658//1076 664//1076 663//1076
f 661//1077 662//1077 665//1077
f 665//1078 662//1078 666//1078
f 658//1079 661//1079 664//1079
f 664//1080 661//1080 665//1080
f 664//1081 665//1081 667//1081
f 667//1082 665//1082 668//1082
f 665//1083 666//1083 668//1083
f 666//1084 669//1084 668//1084
f 315//1085 656//1085 649//1085
f 315//1086 356//1086 656//1086
f 649//1087 656//1087 670//1087
f 657//1088 670//1088 656//1088
f 651//1089 670//1089 671//1089
f 657//1090 663//1090 670//1090
f 649//1091 670//1091 651//1091
f 651//1092 671//1092 672//1092
f 651//1093 672//1093 653//1093
f 653//1094 672//1094 673//1094
f 672//1095 674//1095 673//1095
f 670//1096 663//1096 671//1096
f 671//1097 675//1097 676//1097
f 664//1098 675//1098 663//1098
f 671//1099 663//1099 675//1099
f 664//1100 667//1100 675//1100
f 675//1101 667//1101 677//1101
f 672//1102 671//1102 676//1102
f 672//1103 676//1103 674//1103
f 674//1104 676//1104 678//1104
f 676//1105 679//1105 678//1105
f 678//1106 679//1106 680//1106
f 676//1107 681//1107 679//1107
f 679//1108 682//1108 680//1108
f 675//1109 681//1109 676//1109
f 675//1110 677//1110 681//1110
f 679//1111 681//1111 682//1111
f 360//1112 379//1112 683//1112
f 360//1112 683//1112 660//1112
f 379//1113 380//1113 684//1113
f 379//1114 684//1114 683//1114
f 660//1115 685//1115 662//1115
f 660//1115 683//1115 685//1115
f 683//1116 686//1116 685//1116
f 683//1117 684//1117 686//1117
f 380//1118 687//1118 684//1118
f 380//1119 382//1119 687//1119
f 382//1120 688//1120 687//1120
f 684//1121 687//1121 689//1121
f 684//1122 689//1122 686//1122
f 382//1123 384//1123 688//1123
f 687//1124 688//1124 690//1124
f 687//1125 690//1125 689//1125
f 662//1126 685//1126 691//1126
f 685//1127 692//1127 691//1127
f 685//1128 686//1128 692//1128
f 662//1126 691//1126 666//1126
f 666//1129 691//1129 693//1129
f 691//1130 692//1130 694//1130
f 691//1131 694//1131 693//1131
f 686//1132 689//1132 695//1132
f 686//1133 695//1133 692//1133
f 689//1134 690//1134 696//1134
f 689//1135 696//1135 695//1135
f 692//1136 695//1136 697//1136
f 692//1137 697//1137 694//1137
f 695//1138 696//1138 698//1138
f 695//1139 698//1139 697//1139
f 697//1140 698//1140 699//1140
f 699//1141 698//1141 700//1141
f 681//1142 701//1142 682//1142
f 681//1143 677//1143 701//1143
f 667//1144 668//1144 702//1144
f 667//1145 702//1145 677//1145
f 668//1146 703//1146 702//1146
f 668//1147 669//1147 703//1147
f 677//1148 702//1148 704//1148
f 677//1149 704//1149 701//1149
f 702//1150 705//1150 704//1150
f 702//1151 703//1151 705//1151
f 704//1152 705//1152 706//1152
f 666//1129 693//1129 669//1129
f 669//1153 693//1153 703//1153
f 693//1153 707//1153 703//1153
f 693//1154 694//1154 707//1154
f 707//1155 694//1155 708//1155
f 703//1156 707//1156 705//1156
f 707//1156 709//1156 705//1156
f 705//1157 709//1157 710//1157
f 707//1158 708//1158 709//1158
f 709//1159 708//1159 711//1159
f 709//1160 711//1160 712//1160
f 697//1161 708//1161 694//1161
f 697//1162 699//1162 708//1162
f 708//1163 699//1163 711//1163
f 711//1164 699//1164 713//1164
f 699//1165 700//1165 713//1165
f 713//1166 700//1166 714//1166
f 682//1167 701//1167 715//1167
f 715//1168 701//1168 716//1168
f 701//1169 717//1169 716//1169
f 701//1170 704//1170 717//1170
f 704//1171 706//1171 717//1171
f 705//1157 710//1157 706//1157
f 709//1172 712//1172 710//1172
f 713//1173 718//1173 719//1173
f 713//1174 714//1174 718//1174
f 711//1175 719//1175 712//1175
f 711//1176 713//1176 719//1176
f 384//1177 392//1177 720//1177
f 384//1178 720//1178 688//1178
f 688//1179 720//1179 690//1179
f 392//1180 403//1180 720//1180
f 720//1181 403//1181 721//1181
f 720//1182 721//1182 722//1182
f 690//1183 720//1183 722//1183
f 690//1184 722//1184 696//1184
f 722//1185 723//1185 724//1185
f 403//1186 408//1186 721//1186
f 721//1187 725//1187 723//1187
f 721//1188 408//1188 725//1188
f 725//1189 726//1189 723//1189
f 722//1190 721//1190 723//1190
f 723//1191 727//1191 724//1191
f 726//1192 727//1192 723//1192
f 726//1193 728//1193 727//1193
f 727//1194 729//1194 730//1194
f 727//1195 728//1195 729//1195
f 722//1196 724//1196 696//1196
f 696//1197 724//1197 698//1197
f 724//1198 731//1198 698//1198
f 727//1199 731//1199 724//1199
f 727//1200 730//1200 731//1200
f 731//1201 730//1201 732//1201
f 732//1202 730//1202 733//1202
f 698//1203 731//1203 700//1203
f 700//1204 732//1204 734//1204
f 731//1205 732//1205 700//1205
f 732//1206 733//1206 734//1206
f 700//1207 734//1207 714//1207
f 735//1208 736//1208 737//1208
f 735//1209 738//1209 736//1209
f 735//1210 739//1210 738//1210
f 739//1211 740//1211 738//1211
f 739//1212 741//1212 740//1212
f 741//1213 742//1213 740//1213
f 743//1214 744//1214 740//1214
f 743//1215 740//1215 745//1215
f 738//1216 740//1216 744//1216
f 742//1217 745//1217 740//1217
f 742//1218 746//1218 745//1218
f 746//1219 747//1219 748//1219
f 743//1220 745//1220 749//1220
f 745//1221 748//1221 749//1221
f 746//1222 748//1222 745//1222
f 748//1223 747//1223 750//1223
f 751//1224 752//1224 750//1224
f 747//1225 751//1225 750//1225
f 751//1226 753//1226 752//1226
f 748//1227 754//1227 749//1227
f 748//1228 755//1228 754//1228
f 748//1229 750//1229 755//1229
f 756//1230 750//1230 752//1230
f 755//1231 750//1231 756//1231
f 756//1232 752//1232 757//1232
f 757//1233 752//1233 758//1233
f 753//1234 758//1234 752//1234
f 757//1235 758//1235 759//1235
f 758//1236 760//1236 759//1236
f 759//1237 760//1237 761//1237
f 760//1238 762//1238 761//1238
f 758//1239 763//1239 760//1239
f 753//1240 763//1240 758//1240
f 760//1241 764//1241 762//1241
f 760//1242 763//1242 764//1242
f 764//1243 765//1243 762//1243
f 764//1244 766//1244 765//1244
f 765//1245 766//1245 767//1245
f 768//1246 769//1246 770//1246
f 768//1247 770//1247 771//1247
f 772//1248 773//1248 774//1248
f 772//1249 775//1249 773//1249
f 772//1250 776//1250 769//1250
f 776//1251 777//1251 769//1251
f 776//1252 778//1252 777//1252
f 774//1253 779//1253 776//1253
f 779//1254 780//1254 778//1254
f 772//1255 774//1255 776//1255
f 776//1256 779//1256 778//1256
f 781//1257 782//1257 783//1257
f 781//1258 783//1258 784//1258
f 784//1259 783//1259 785//1259
f 781//1260 775//1260 782//1260
f 772//1261 782//1261 775//1261
f 781//1262 786//1262 775//1262
f 781//1263 787//1263 786//1263
f 781//1264 784//1264 787//1264
f 782//1265 769//1265 768//1265
f 772//1266 769//1266 782//1266
f 770//1267 769//1267 777//1267
f 782//1268 768//1268 783//1268
f 783//1269 768//1269 788//1269
f 789//193 777//193 790//193
f 770//193 777//193 789//193
f 770//199 789//199 791//199
f 789//1270 792//1270 793//1270
f 789//1271 793//1271 791//1271
f 778//1272 790//1272 777//1272
f 778//1272 794//1272 790//1272
f 790//1273 795//1273 792//1273
f 794//1274 795//1274 790//1274
f 780//1275 796//1275 778//1275
f 778//1276 796//1276 794//1276
f 794//1276 796//1276 797//1276
f 780//1277 798//1277 796//1277
f 796//1278 798//1278 797//1278
f 798//1278 799//1278 797//1278
f 794//1279 797//1279 800//1279
f 797//1280 799//1280 800//1280
f 794//1281 800//1281 795//1281
f 795//1282 801//1282 792//1282
f 795//1283 800//1283 802//1283
f 795//1284 802//1284 801//1284
f 802//1285 803//1285 801//1285
f 801//1286 803//1286 804//1286
f 803//1287 805//1287 804//1287
f 789//1288 790//1288 792//1288
f 793//1289 792//1289 806//1289
f 801//1290 806//1290 792//1290
f 806//1291 807//1291 808//1291
f 793//1292 806//1292 808//1292
f 793//1293 808//1293 809//1293
f 808//1294 807//1294 810//1294
f 808//1295 810//1295 811//1295
f 801//1296 804//1296 806//1296
f 806//1297 804//1297 807//1297
f 768//1298 771//1298 788//1298
f 788//1299 771//1299 812//1299
f 813//1300 788//1300 812//1300
f 812//1301 771//1301 814//1301
f 812//1302 814//1302 815//1302
f 814//1303 816//1303 815//1303
f 784//1304 785//1304 817//1304
f 817//1305 785//1305 818//1305
f 818//1306 785//1306 813//1306
f 818//1307 813//1307 819//1307
f 817//1308 820//1308 821//1308
f 787//1309 784//1309 821//1309
f 784//1310 817//1310 821//1310
f 817//1311 818//1311 820//1311
f 818//1312 819//1312 820//1312
f 783//1313 788//1313 785//1313
f 785//1314 788//1314 813//1314
f 813//1315 822//1315 819//1315
f 823//1316 822//1316 824//1316
f 820//1317 819//1317 825//1317
f 825//1318 823//1318 826//1318
f 825//1319 819//1319 823//1319
f 819//1320 822//1320 823//1320
f 823//1321 824//1321 827//1321
f 823//1322 827//1322 826//1322
f 813//1323 812//1323 822//1323
f 822//1324 812//1324 815//1324
f 822//1325 815//1325 824//1325
f 824//1326 815//1326 828//1326
f 816//1327 828//1327 815//1327
f 816//1328 829//1328 828//1328
f 770//199 791//199 771//199
f 771//1329 791//1329 830//1329
f 793//1330 809//1330 791//1330
f 791//1331 809//1331 831//1331
f 771//1329 830//1329 814//1329
f 791//1332 831//1332 830//1332
f 809//1333 832//1333 831//1333
f 814//1334 830//1334 833//1334
f 814//1334 833//1334 816//1334
f 830//1335 834//1335 833//1335
f 830//1336 831//1336 834//1336
f 816//1337 833//1337 835//1337
f 808//1338 811//1338 809//1338
f 809//1339 811//1339 832//1339
f 811//1340 810//1340 836//1340
f 811//1341 836//1341 837//1341
f 811//1342 837//1342 832//1342
f 832//1343 837//1343 838//1343
f 816//1337 835//1337 829//1337
f 833//1344 834//1344 839//1344
f 833//1345 839//1345 835//1345
f 831//1346 840//1346 834//1346
f 831//1347 832//1347 840//1347
f 832//1348 838//1348 840//1348
f 834//1349 841//1349 839//1349
f 834//1350 840//1350 841//1350
f 840//1351 842//1351 841//1351
f 840//1352 838//1352 842//1352
f 841//1353 842//1353 843//1353
f 775//1354 844//1354 845//1354
f 775//1355 786//1355 844//1355
f 844//1356 846//1356 845//1356
f 775//1357 845//1357 773//1357
f 787//1358 739//1358 786//1358
f 735//1359 846//1359 844//1359
f 735//1360 844//1360 786//1360
f 735//1361 786//1361 739//1361
f 735//1362 737//1362 846//1362
f 787//1363 741//1363 739//1363
f 787//1364 821//1364 741//1364
f 821//1365 820//1365 741//1365
f 820//1366 742//1366 741//1366
f 825//1367 746//1367 742//1367
f 820//1368 825//1368 742//1368
f 825//1369 826//1369 746//1369
f 746//1370 826//1370 747//1370
f 747//1371 826//1371 847//1371
f 826//1372 827//1372 847//1372
f 747//1373 847//1373 751//1373
f 751//1374 848//1374 753//1374
f 751//1375 847//1375 848//1375
f 753//1376 849//1376 763//1376
f 753//1377 848//1377 849//1377
f 763//1378 850//1378 764//1378
f 807//1379 804//1379 851//1379
f 807//1380 852//1380 810//1380
f 807//1381 851//1381 852//1381
f 810//1382 853//1382 836//1382
f 836//1383 853//1383 854//1383
f 810//1384 852//1384 853//1384
f 836//1385 854//1385 837//1385
f 837//1386 854//1386 838//1386
f 838//1387 855//1387 842//1387
f 854//1388 855//1388 838//1388
f 855//1389 856//1389 842//1389
f 842//1390 856//1390 843//1390
f 804//1391 805//1391 857//1391
f 805//1392 858//1392 857//1392
f 804//1393 857//1393 851//1393
f 857//1394 858//1394 859//1394
f 852//1395 851//1395 860//1395
f 857//1396 861//1396 851//1396
f 857//1397 859//1397 861//1397
f 851//1398 861//1398 860//1398
f 859//1399 862//1399 861//1399
f 861//1400 862//1400 863//1400
f 861//1401 863//1401 860//1401
f 852//1402 864//1402 853//1402
f 852//1403 860//1403 864//1403
f 853//1404 864//1404 854//1404
f 854//1405 864//1405 865//1405
f 854//1406 865//1406 855//1406
f 855//1407 865//1407 866//1407
f 863//1408 867//1408 860//1408
f 860//1409 868//1409 864//1409
f 864//1410 868//1410 865//1410
f 860//1411 867//1411 868//1411
f 867//1412 869//1412 868//1412
f 868//1413 869//1413 870//1413
f 868//1414 870//1414 871//1414
f 865//1415 871//1415 866//1415
f 865//1416 868//1416 871//1416
f 866//1417 872//1417 873//1417
f 871//1418 874//1418 872//1418
f 870//1419 874//1419 871//1419
f 866//1420 871//1420 872//1420
f 872//1421 875//1421 873//1421
f 855//1422 866//1422 856//1422
f 866//1423 873//1423 856//1423
f 856//1424 873//1424 876//1424
f 856//1425 876//1425 843//1425
f 876//1426 873//1426 877//1426
f 873//1427 875//1427 877//1427
f 877//1428 875//1428 878//1428
f 877//1429 878//1429 879//1429
f 876//1430 877//1430 880//1430
f 877//1431 879//1431 880//1431
f 879//1432 881//1432 880//1432
f 879//1433 882//1433 881//1433
f 872//1434 874//1434 883//1434
f 872//1435 883//1435 875//1435
f 875//1436 884//1436 878//1436
f 883//1437 884//1437 875//1437
f 884//1438 885//1438 878//1438
f 885//1439 886//1439 878//1439
f 879//1440 878//1440 886//1440
f 886//1441 887//1441 888//1441
f 885//1442 887//1442 886//1442
f 889//1443 888//1443 887//1443
f 886//1444 888//1444 882//1444
f 888//1445 890//1445 891//1445
f 889//1446 890//1446 888//1446
f 879//1447 886//1447 882//1447
f 888//1448 892//1448 882//1448
f 888//1449 891//1449 892//1449
f 882//1450 892//1450 893//1450
f 892//1451 891//1451 894//1451
f 891//1452 895//1452 894//1452
f 894//1453 895//1453 896//1453
f 824//1454 897//1454 827//1454
f 897//1455 898//1455 827//1455
f 824//1456 828//1456 897//1456
f 828//1457 829//1457 899//1457
f 899//1458 829//1458 900//1458
f 828//1459 899//1459 897//1459
f 897//1460 899//1460 901//1460
f 897//1461 901//1461 898//1461
f 899//1462 900//1462 902//1462
f 899//1463 902//1463 901//1463
f 829//1464 835//1464 903//1464
f 829//1464 903//1464 900//1464
f 839//1465 904//1465 835//1465
f 835//1466 904//1466 903//1466
f 900//1467 903//1467 902//1467
f 903//1467 905//1467 902//1467
f 903//1468 904//1468 905//1468
f 905//1469 904//1469 906//1469
f 839//1470 841//1470 907//1470
f 839//1471 907//1471 904//1471
f 904//1472 907//1472 906//1472
f 841//1473 843//1473 907//1473
f 907//1474 843//1474 908//1474
f 907//1475 908//1475 906//1475
f 847//1476 909//1476 848//1476
f 847//1477 827//1477 909//1477
f 827//1478 898//1478 909//1478
f 909//1479 898//1479 910//1479
f 848//1480 911//1480 849//1480
f 909//1481 911//1481 848//1481
f 909//1482 910//1482 911//1482
f 849//1483 911//1483 912//1483
f 911//1484 910//1484 913//1484
f 898//1485 901//1485 914//1485
f 898//1486 914//1486 910//1486
f 902//1487 915//1487 901//1487
f 901//1488 915//1488 914//1488
f 910//1489 914//1489 916//1489
f 910//1490 916//1490 913//1490
f 914//1491 915//1491 917//1491
f 914//1492 917//1492 916//1492
f 763//1493 849//1493 850//1493
f 849//1494 912//1494 850//1494
f 764//1495 850//1495 918//1495
f 911//1496 913//1496 912//1496
f 850//1497 912//1497 919//1497
f 912//1498 920//1498 919//1498
f 764//1499 918//1499 766//1499
f 766//1500 921//1500 767//1500
f 767//1501 921//1501 922//1501
f 766//1502 918//1502 921//1502
f 850//1503 919//1503 918//1503
f 918//1504 919//1504 921//1504
f 919//1505 923//1505 921//1505
f 919//1506 920//1506 923//1506
f 912//1507 913//1507 920//1507
f 920//1508 924//1508 923//1508
f 913//1509 916//1509 925//1509
f 913//1510 925//1510 920//1510
f 917//1511 926//1511 916//1511
f 916//1512 926//1512 925//1512
f 920//1513 925//1513 924//1513
f 925//1514 927//1514 924//1514
f 925//1515 926//1515 927//1515
f 926//1516 928//1516 927//1516
f 902//1517 905//1517 915//1517
f 905//1518 906//1518 929//1518
f 908//1519 843//1519 930//1519
f 906//1520 908//1520 931//1520
f 908//1521 932//1521 931//1521
f 908//1522 930//1522 932//1522
f 932//1523 930//1523 933//1523
f 932//1524 933//1524 934//1524
f 905//1517 929//1517 915//1517
f 929//1525 906//1525 931//1525
f 915//1526 929//1526 917//1526
f 929//1526 935//1526 917//1526
f 929//1527 931//1527 935//1527
f 935//1528 931//1528 936//1528
f 932//1529 936//1529 931//1529
f 932//1530 934//1530 936//1530
f 934//1531 933//1531 937//1531
f 938//1532 937//1532 939//1532
f 938//1533 939//1533 940//1533
f 917//1534 935//1534 926//1534
f 935//1534 941//1534 926//1534
f 935//1535 936//1535 941//1535
f 941//1536 936//1536 942//1536
f 941//1537 943//1537 944//1537
f 941//1538 942//1538 943//1538
f 926//1539 941//1539 928//1539
f 941//1539 944//1539 928//1539
f 936//1540 934//1540 942//1540
f 942//1541 934//1541 938//1541
f 934//1542 937//1542 938//1542
f 942//1543 938//1543 945//1543
f 942//1544 945//1544 943//1544
f 938//1545 940//1545 945//1545
f 876//1546 930//1546 843//1546
f 876//1547 880//1547 930//1547
f 930//1548 880//1548 933//1548
f 880//1549 881//1549 933//1549
f 881//1550 937//1550 933//1550
f 881//1551 893//1551 937//1551
f 882//1552 893//1552 881//1552
f 892//1553 946//1553 893//1553
f 893//1554 939//1554 937//1554
f 892//1555 894//1555 946//1555
f 894//1556 947//1556 946//1556
f 896//1557 948//1557 947//1557
f 894//1558 896//1558 947//1558
f 893//1559 946//1559 939//1559
f 939//1560 947//1560 940//1560
f 946//1561 947//1561 939//1561
f 921//1562 949//1562 922//1562
f 921//1563 950//1563 949//1563
f 921//1564 923//1564 950//1564
f 923//1565 951//1565 950//1565
f 923//1566 924//1566 951//1566
f 924//1567 952//1567 951//1567
f 924//1568 927//1568 952//1568
f 927//1569 953//1569 952//1569
f 927//1570 928//1570 953//1570
f 945//1571 940//1571 954//1571
f 928//1572 955//1572 953//1572
f 928//1572 944//1572 955//1572
f 944//1573 956//1573 955//1573
f 944//1574 943//1574 956//1574
f 943//1575 945//1575 957//1575
f 943//1576 957//1576 956//1576
f 945//1577 954//1577 957//1577
f 947//1578 948//1578 958//1578
f 958//1579 954//1579 940//1579
f 947//1580 958//1580 940//1580
f 959//1581 960//1581 961//1581
f 959//1582 962//1582 963//1582
f 959//1583 963//1583 960//1583
f 962//1584 964//1584 963//1584
f 962//1585 965//1585 964//1585
f 966//1586 967//1586 968//1586
f 960//1587 966//1587 961//1587
f 966//1588 968//1588 961//1588
f 967//1589 969//1589 968//1589
f 965//1590 970//1590 964//1590
f 965//1590 971//1590 970//1590
f 971//1591 972//1591 970//1591
f 971//1592 973//1592 972//1592
f 973//1593 974//1593 972//1593
f 973//1594 975//1594 974//1594
f 975//1595 976//1595 974//1595
f 975//1596 977//1596 976//1596
f 976//1597 977//1597 978//1597
f 977//1598 979//1598 978//1598
f 978//1599 979//1599 980//1599
f 960//1600 981//1600 966//1600
f 981//1601 982//1601 983//1601
f 960//1602 963//1602 984//1602
f 960//1603 984//1603 981//1603
f 963//1604 985//1604 984//1604
f 963//1605 964//1605 985//1605
f 982//1606 984//1606 986//1606
f 981//1607 984//1607 982//1607
f 984//1608 985//1608 986//1608
f 986//1609 985//1609 987//1609
f 982//1610 986//1610 988//1610
f 988//1611 986//1611 989//1611
f 986//1612 987//1612 989//1612
f 989//1613 987//1613 990//1613
f 989//1614 990//1614 991//1614
f 967//1615 992//1615 993//1615
f 966//1616 981//1616 992//1616
f 966//1617 992//1617 967//1617
f 983//1618 994//1618 993//1618
f 981//1619 983//1619 992//1619
f 982//1620 995//1620 983//1620
f 992//1621 983//1621 993//1621
f 983//1622 995//1622 994//1622
f 967//1623 996//1623 997//1623
f 967//1624 997//1624 969//1624
f 967//1625 993//1625 996//1625
f 993//1626 994//1626 996//1626
f 994//1627 998//1627 996//1627
f 994//1628 999//1628 998//1628
f 982//1629 988//1629 995//1629
f 995//1630 988//1630 1000//1630
f 1000//1631 988//1631 1001//1631
f 994//1632 995//1632 999//1632
f 999//1633 1002//1633 1003//1633
f 999//1634 1000//1634 1002//1634
f 995//1635 1000//1635 999//1635
f 1000//1636 1001//1636 1004//1636
f 1002//1637 1000//1637 1004//1637
f 988//1638 989//1638 1001//1638
f 1001//1639 989//1639 991//1639
f 990//1640 1005//1640 991//1640
f 964//1641 1006//1641 985//1641
f 964//1641 970//1641 1006//1641
f 970//1642 972//1642 1006//1642
f 972//1643 1007//1643 1006//1643
f 985//330 1006//330 1008//330
f 985//330 1008//330 987//330
f 1006//1644 1007//1644 1009//1644
f 1006//1645 1009//1645 1008//1645
f 972//1646 974//1646 1007//1646
f 974//1647 1010//1647 1007//1647
f 974//1648 976//1648 1010//1648
f 1007//1649 1011//1649 1009//1649
f 1007//1650 1010//1650 1011//1650
f 1010//1651 1012//1651 1011//1651
f 987//374 1008//374 1013//374
f 987//374 1013//374 990//374
f 1008//1652 1009//1652 1014//1652
f 1008//1653 1014//1653 1013//1653
f 990//1654 1013//1654 1015//1654
f 1013//1655 1014//1655 1016//1655
f 1009//1656 1011//1656 1017//1656
f 1009//1657 1017//1657 1014//1657
f 1010//1658 976//1658 1018//1658
f 1010//1659 1018//1659 1012//1659
f 1011//1660 1012//1660 1019//1660
f 990//1654 1015//1654 1005//1654
f 1013//1661 1016//1661 1015//1661
f 1011//1662 1019//1662 1017//1662
f 1017//1663 1019//1663 1020//1663
f 1014//1664 1017//1664 1021//1664
f 1014//1665 1021//1665 1016//1665
f 1017//1666 1020//1666 1021//1666
f 1021//1667 1020//1667 1022//1667
f 1004//1668 1001//1668 1023//1668
f 1004//1669 1023//1669 1024//1669
f 1001//1670 991//1670 1023//1670
f 991//1671 1005//1671 1025//1671
f 1025//1672 1005//1672 1026//1672
f 1023//1673 991//1673 1025//1673
f 1023//1674 1025//1674 1027//1674
f 1023//1675 1027//1675 1024//1675
f 1025//1676 1026//1676 1028//1676
f 1025//1677 1028//1677 1027//1677
f 1005//1678 1015//1678 1029//1678
f 1005//1678 1029//1678 1026//1678
f 1016//1679 1030//1679 1015//1679
f 1015//1680 1030//1680 1029//1680
f 1026//1681 1029//1681 1028//1681
f 1029//1681 1031//1681 1028//1681
f 1029//1682 1030//1682 1031//1682
f 1030//1683 1032//1683 1031//1683
f 1016//1684 1021//1684 1033//1684
f 1016//1685 1033//1685 1030//1685
f 1030//1686 1033//1686 1032//1686
f 1021//1687 1022//1687 1033//1687
f 1033//1688 1022//1688 1034//1688
f 1033//1689 1034//1689 1032//1689
f 976//1690 978//1690 1018//1690
f 978//1691 1035//1691 1018//1691
f 1018//1692 1035//1692 1012//1692
f 1012//1693 1035//1693 1036//1693
f 1012//1694 1036//1694 1019//1694
f 978//1695 1037//1695 1035//1695
f 978//1696 980//1696 1038//1696
f 978//1697 1038//1697 1037//1697
f 1035//1698 1037//1698 1036//1698
f 1036//1699 1037//1699 1039//1699
f 1036//1700 1039//1700 1040//1700
f 1036//1701 1040//1701 1019//1701
f 1019//1702 1040//1702 1020//1702
f 1040//1703 1041//1703 1020//1703
f 1040//1704 1042//1704 1041//1704
f 1041//1705 1022//1705 1020//1705
f 997//1706 996//1706 1043//1706
f 1043//1707 996//1707 998//1707
f 1043//1708 998//1708 1044//1708
f 998//1709 1045//1709 1044//1709
f 998//1710 1003//1710 1045//1710
f 1003//1711 1046//1711 1047//1711
f 1047//1712 1048//1712 1045//1712
f 1003//1713 1047//1713 1045//1713
f 1047//1714 1046//1714 1049//1714
f 1050//1715 1048//1715 1049//1715
f 1047//1716 1049//1716 1048//1716
f 1050//1717 1051//1717 1052//1717
f 1050//1718 1049//1718 1051//1718
f 1049//1719 1053//1719 1051//1719
f 1049//1720 1046//1720 1053//1720
f 1051//1721 1054//1721 1055//1721
f 1051//1722 1053//1722 1054//1722
f 1054//1723 1056//1723 1055//1723
f 1057//1724 1055//1724 1058//1724
f 1051//1725 1055//1725 1057//1725
f 1051//1726 1057//1726 1052//1726
f 1058//1727 1055//1727 1059//1727
f 1058//1728 1059//1728 1060//1728
f 1055//1729 1056//1729 1059//1729
f 1059//1730 1056//1730 1061//1730
f 1060//1731 1062//1731 1063//1731
f 1060//1732 1059//1732 1062//1732
f 1059//1733 1061//1733 1062//1733
f 1062//1734 1061//1734 1064//1734
f 1063//1735 1065//1735 1066//1735
f 1062//1736 1065//1736 1063//1736
f 1065//1737 1067//1737 1066//1737
f 1062//1738 1064//1738 1065//1738
f 1065//1739 1064//1739 1067//1739
f 1067//1740 1068//1740 1069//1740
f 1067//1741 1064//1741 1068//1741
f 1068//1742 1070//1742 1069//1742
f 1069//1743 1070//1743 1071//1743
f 999//1744 1003//1744 998//1744
f 1002//1745 1046//1745 1003//1745
f 1002//1746 1072//1746 1046//1746
f 1046//1747 1072//1747 1053//1747
f 1002//1748 1004//1748 1072//1748
f 1053//1749 1072//1749 1073//1749
f 1072//1750 1074//1750 1073//1750
f 1004//1751 1074//1751 1072//1751
f 1053//1752 1073//1752 1054//1752
f 1054//1753 1075//1753 1056//1753
f 1054//1754 1073//1754 1075//1754
f 1056//1755 1076//1755 1061//1755
f 1056//1756 1075//1756 1076//1756
f 1061//1757 1076//1757 1077//1757
f 1061//1758 1077//1758 1064//1758
f 1064//1759 1077//1759 1068//1759
f 1068//1760 1077//1760 1078//1760
f 1004//1761 1024//1761 1074//1761
f 1074//1762 1024//1762 1079//1762
f 1073//1763 1080//1763 1075//1763
f 1073//1764 1074//1764 1080//1764
f 1074//1765 1079//1765 1080//1765
f 1075//1766 1080//1766 1081//1766
f 1080//1767 1079//1767 1082//1767
f 1024//1768 1083//1768 1079//1768
f 1024//1769 1027//1769 1083//1769
f 1027//1770 1028//1770 1084//1770
f 1027//1771 1084//1771 1083//1771
f 1079//1772 1085//1772 1082//1772
f 1079//1773 1083//1773 1085//1773
f 1083//1774 1086//1774 1085//1774
f 1083//1775 1084//1775 1086//1775
f 1075//1776 1081//1776 1076//1776
f 1076//1777 1081//1777 1087//1777
f 1080//1778 1082//1778 1081//1778
f 1081//1779 1082//1779 1088//1779
f 1076//1780 1087//1780 1077//1780
f 1077//1781 1087//1781 1078//1781
f 1087//1782 1089//1782 1078//1782
f 1081//1783 1088//1783 1087//1783
f 1087//1784 1088//1784 1089//1784
f 1082//1785 1090//1785 1088//1785
f 1088//1786 1090//1786 1091//1786
f 1082//1787 1085//1787 1090//1787
f 1085//1788 1086//1788 1092//1788
f 1085//1789 1092//1789 1090//1789
f 1090//1790 1092//1790 1093//1790
f 1028//1791 1031//1791 1084//1791
f 1031//1792 1032//1792 1094//1792
f 1094//1793 1032//1793 1095//1793
f 1022//1794 1096//1794 1034//1794
f 1032//1795 1034//1795 1095//1795
f 1095//1796 1034//1796 1097//1796
f 1034//1797 1096//1797 1097//1797
f 1097//1798 1096//1798 1098//1798
f 1095//1799 1097//1799 1099//1799
f 1097//1800 1100//1800 1099//1800
f 1097//1801 1098//1801 1100//1801
f 1031//1791 1094//1791 1084//1791
f 1084//1802 1094//1802 1086//1802
f 1094//1802 1101//1802 1086//1802
f 1094//1803 1095//1803 1101//1803
f 1101//1804 1095//1804 1099//1804
f 1100//1805 1098//1805 1102//1805
f 1100//1806 1102//1806 1103//1806
f 1100//1807 1103//1807 1104//1807
f 1103//1808 1105//1808 1104//1808
f 1103//1809 1102//1809 1106//1809
f 1103//1810 1106//1810 1107//1810
f 1086//1811 1101//1811 1092//1811
f 1101//1812 1099//1812 1108//1812
f 1101//1811 1108//1811 1092//1811
f 1092//1813 1108//1813 1109//1813
f 1108//1814 1099//1814 1104//1814
f 1108//1815 1104//1815 1110//1815
f 1100//1816 1104//1816 1099//1816
f 1071//1817 1070//1817 1111//1817
f 1068//1818 1078//1818 1070//1818
f 1070//1819 1078//1819 1112//1819
f 1070//1820 1112//1820 1111//1820
f 1111//1821 1113//1821 1114//1821
f 1112//1822 1113//1822 1111//1822
f 1113//1823 1115//1823 1114//1823
f 1113//1824 1116//1824 1115//1824
f 1112//1825 1078//1825 1089//1825
f 1112//1826 1089//1826 1117//1826
f 1088//1827 1091//1827 1089//1827
f 1089//1828 1091//1828 1117//1828
f 1112//1829 1117//1829 1113//1829
f 1113//1830 1117//1830 1116//1830
f 1117//1831 1118//1831 1116//1831
f 1116//1832 1118//1832 1119//1832
f 1117//1833 1091//1833 1118//1833
f 1091//1834 1090//1834 1093//1834
f 1091//1835 1093//1835 1118//1835
f 1118//1836 1093//1836 1120//1836
f 1118//1837 1120//1837 1119//1837
f 1120//1838 1109//1838 1121//1838
f 1092//1839 1109//1839 1093//1839
f 1120//1840 1093//1840 1109//1840
f 1115//1841 1116//1841 1122//1841
f 1116//1842 1119//1842 1122//1842
f 1119//1843 1123//1843 1122//1843
f 1119//1844 1124//1844 1123//1844
f 1124//1845 1125//1845 1126//1845
f 1119//1846 1120//1846 1124//1846
f 1121//1847 1125//1847 1124//1847
f 1120//1848 1121//1848 1124//1848
f 1124//1849 1126//1849 1123//1849
f 1127//1850 1128//1850 1129//1850
f 1104//1851 1105//1851 1110//1851
f 1105//1852 1130//1852 1110//1852
f 1103//1853 1107//1853 1105//1853
f 1105//1854 1107//1854 1131//1854
f 1130//1855 1132//1855 1133//1855
f 1130//1856 1131//1856 1132//1856
f 1129//1857 1110//1857 1130//1857
f 1129//1858 1130//1858 1133//1858
f 1105//1859 1131//1859 1130//1859
f 1108//1813 1128//1813 1109//1813
f 1121//1860 1109//1860 1128//1860
f 1108//1861 1110//1861 1128//1861
f 1128//1862 1110//1862 1129//1862
f 1121//1860 1128//1860 1127//1860
f 1134//1863 1135//1863 1136//1863
f 1127//1864 1134//1864 1125//1864
f 1121//1864 1127//1864 1125//1864
f 1127//1865 1135//1865 1134//1865
f 1127//1866 1129//1866 1135//1866
f 1126//1867 1125//1867 1137//1867
f 1125//1868 1134//1868 1137//1868
f 1134//1868 1138//1868 1137//1868
f 1126//1869 1137//1869 1139//1869
f 1137//1870 1140//1870 1139//1870
f 1137//1870 1138//1870 1140//1870
f 1134//1871 1141//1871 1138//1871
f 1134//1872 1136//1872 1141//1872
f 1138//1873 1141//1873 1140//1873
f 1135//1874 1133//1874 1142//1874
f 1133//1875 1132//1875 1143//1875
f 1133//1876 1143//1876 1142//1876
f 1129//1877 1133//1877 1135//1877
f 1135//1878 1142//1878 1136//1878
f 1038//1879 1144//1879 1037//1879
f 1037//1880 1144//1880 1039//1880
f 1144//1881 1145//1881 1039//1881
f 1040//1882 1039//1882 1042//1882
f 1039//1883 1145//1883 1042//1883
f 1042//1884 1146//1884 1147//1884
f 1042//1885 1145//1885 1146//1885
f 1145//1886 1148//1886 1146//1886
f 1146//1887 1148//1887 1149//1887
f 1146//1888 1150//1888 1147//1888
f 1146//1889 1149//1889 1150//1889
f 1149//1890 1151//1890 1150//1890
f 1150//1891 1152//1891 1153//1891
f 1151//1892 1152//1892 1150//1892
f 1151//1893 1154//1893 1152//1893
f 1041//1894 1042//1894 1147//1894
f 1041//1895 1147//1895 1155//1895
f 1155//1896 1147//1896 1153//1896
f 1041//1897 1155//1897 1022//1897
f 1022//1898 1155//1898 1096//1898
f 1155//1899 1156//1899 1096//1899
f 1155//1900 1153//1900 1156//1900
f 1150//1901 1153//1901 1147//1901
f 1152//1902 1157//1902 1153//1902
f 1152//1903 1158//1903 1157//1903
f 1157//1904 1158//1904 1159//1904
f 1156//1905 1153//1905 1157//1905
f 1157//1906 1159//1906 1160//1906
f 1156//1907 1157//1907 1160//1907
f 1152//1908 1154//1908 1158//1908
f 1158//1909 1161//1909 1162//1909
f 1154//1910 1161//1910 1158//1910
f 1161//1911 1163//1911 1162//1911
f 1163//1912 1164//1912 1165//1912
f 1158//1913 1162//1913 1159//1913
f 1162//1914 1166//1914 1159//1914
f 1164//1915 1167//1915 1165//1915
f 1163//1916 1165//1916 1162//1916
f 1165//1917 1168//1917 1166//1917
f 1162//1918 1165//1918 1166//1918
f 1159//1919 1169//1919 1160//1919
f 1159//1920 1166//1920 1169//1920
f 1166//1921 1170//1921 1169//1921
f 1167//1922 1171//1922 1172//1922
f 1164//1923 1171//1923 1167//1923
f 1172//1924 1173//1924 1168//1924
f 1165//1925 1167//1925 1168//1925
f 1167//1926 1172//1926 1168//1926
f 1174//1927 1175//1927 1173//1927
f 1172//1928 1174//1928 1173//1928
f 1166//1929 1168//1929 1170//1929
f 1168//1930 1173//1930 1170//1930
f 1173//1931 1176//1931 1170//1931
f 1156//1932 1098//1932 1096//1932
f 1156//1933 1160//1933 1098//1933
f 1098//1934 1160//1934 1102//1934
f 1160//1935 1169//1935 1102//1935
f 1169//1936 1106//1936 1102//1936
f 1169//1937 1170//1937 1106//1937
f 1106//1938 1176//1938 1107//1938
f 1170//1939 1176//1939 1106//1939
f 1173//1940 1175//1940 1177//1940
f 1175//1941 1178//1941 1177//1941
f 1173//1942 1177//1942 1176//1942
f 1179//1943 1176//1943 1177//1943
f 1179//1944 1178//1944 1180//1944
f 1179//1945 1177//1945 1178//1945
f 1181//1946 1143//1946 1132//1946
f 1182//1947 1181//1947 1132//1947
f 1179//1948 1180//1948 1182//1948
f 1180//1949 1181//1949 1182//1949
f 1179//1950 1107//1950 1176//1950
f 1179//1951 1131//1951 1107//1951
f 1182//1952 1132//1952 1131//1952
f 1179//1953 1182//1953 1131//1953
f 1183//1954 1184//1954 1185//1954
f 1184//1955 1186//1955 1185//1955
f 1186//1956 1187//1956 1185//1956
f 1186//1957 1188//1957 1187//1957
f 1188//1958 1189//1958 1187//1958
f 1188//1959 1190//1959 1189//1959
f 1191//1960 1192//1960 1193//1960
f 1194//1961 1195//1961 1193//1961
f 1194//1962 1196//1962 1195//1962
f 1196//1963 1197//1963 1198//1963
f 1194//1964 1193//1964 1192//1964
f 1197//1965 1199//1965 1200//1965
f 1199//1966 1201//1966 1202//1966
f 1201//1967 1203//1967 1202//1967
f 1201//1968 1204//1968 1203//1968
f 1204//1969 1205//1969 1203//1969
f 1203//1970 1205//1970 1206//1970
f 1191//1971 1193//1971 1207//1971
f 1193//1972 1208//1972 1207//1972
f 1196//1973 1198//1973 1195//1973
f 1195//1974 1198//1974 1209//1974
f 1209//1975 1198//1975 1210//1975
f 1193//1976 1195//1976 1208//1976
f 1208//1977 1195//1977 1209//1977
f 1208//1978 1209//1978 1211//1978
f 1211//1979 1209//1979 1212//1979
f 1209//1980 1210//1980 1212//1980
f 1210//1981 1213//1981 1212//1981
f 1197//1965 1200//1965 1198//1965
f 1198//1126 1214//1126 1210//1126
f 1198//1126 1200//1126 1214//1126
f 1199//1982 1202//1982 1200//1982
f 1200//1983 1215//1983 1214//1983
f 1200//1984 1202//1984 1215//1984
f 1210//1985 1216//1985 1213//1985
f 1210//1985 1214//1985 1216//1985
f 1214//1986 1217//1986 1216//1986
f 1214//1987 1215//1987 1217//1987
f 1203//1988 1218//1988 1202//1988
f 1202//1989 1218//1989 1215//1989
f 1203//1990 1219//1990 1218//1990
f 1203//1991 1206//1991 1219//1991
f 1215//1992 1218//1992 1220//1992
f 1215//1993 1220//1993 1217//1993
f 1213//1994 1216//1994 1221//1994
f 1222//1995 1223//1995 1224//1995
f 1224//1996 1223//1996 1207//1996
f 1224//1997 1225//1997 1226//1997
f 1191//1998 1207//1998 1223//1998
f 1224//1999 1207//1999 1225//1999
f 1208//2000 1225//2000 1207//2000
f 1208//2001 1211//2001 1225//2001
f 1225//2002 1211//2002 1227//2002
f 1228//2003 1224//2003 1226//2003
f 1228//2004 1222//2004 1224//2004
f 1228//2005 1226//2005 1229//2005
f 1229//2006 1226//2006 1230//2006
f 1226//2007 1231//2007 1230//2007
f 1225//2008 1231//2008 1226//2008
f 1225//2009 1227//2009 1231//2009
f 1230//2010 1231//2010 1232//2010
f 1231//2011 1227//2011 1233//2011
f 1231//2012 1233//2012 1232//2012
f 1211//2013 1212//2013 1234//2013
f 1211//2014 1234//2014 1227//2014
f 1212//2015 1213//2015 1221//2015
f 1212//2016 1221//2016 1234//2016
f 1227//2017 1234//2017 1235//2017
f 1227//2018 1235//2018 1233//2018
f 1234//2019 1236//2019 1235//2019
f 1234//2020 1221//2020 1236//2020
f 1183//2021 1229//2021 1184//2021
f 1184//2022 1229//2022 1230//2022
f 1184//2023 1230//2023 1237//2023
f 1184//2024 1237//2024 1186//2024
f 1230//2025 1232//2025 1237//2025
f 1186//2026 1237//2026 1238//2026
f 1237//2027 1239//2027 1238//2027
f 1186//2028 1238//2028 1188//2028
f 1188//2029 1240//2029 1190//2029
f 1188//2030 1238//2030 1240//2030
f 1233//2031 1241//2031 1232//2031
f 1237//2032 1232//2032 1239//2032
f 1232//2033 1241//2033 1239//2033
f 1238//2034 1242//2034 1240//2034
f 1238//2035 1239//2035 1242//2035
f 1239//2036 1243//2036 1242//2036
f 1239//2037 1241//2037 1243//2037
f 1233//2038 1235//2038 1244//2038
f 1233//2039 1244//2039 1241//2039
f 1235//2040 1245//2040 1244//2040
f 1235//2041 1236//2041 1245//2041
f 1241//2042 1244//2042 1246//2042
f 1241//2043 1246//2043 1243//2043
f 1244//2044 1245//2044 1247//2044
f 1244//2045 1247//2045 1246//2045
f 1218//2046 1219//2046 1248//2046
f 1218//2047 1248//2047 1220//2047
f 1220//2048 1248//2048 1249//2048
f 1249//2049 1248//2049 1250//2049
f 1216//1994 1251//1994 1221//1994
f 1216//2050 1217//2050 1251//2050
f 1217//2051 1252//2051 1251//2051
f 1221//1156 1251//1156 1236//1156
f 1251//1156 1253//1156 1236//1156
f 1251//2052 1252//2052 1253//2052
f 1253//2053 1252//2053 1254//2053
f 1217//2054 1220//2054 1252//2054
f 1220//2055 1249//2055 1252//2055
f 1252//2056 1249//2056 1254//2056
f 1254//2057 1249//2057 1255//2057
f 1249//2058 1250//2058 1255//2058
f 1255//2059 1250//2059 1256//2059
f 1236//2060 1253//2060 1245//2060
f 1253//2060 1257//2060 1245//2060
f 1253//2061 1254//2061 1257//2061
f 1257//2062 1254//2062 1258//2062
f 1245//2063 1257//2063 1247//2063
f 1257//2063 1259//2063 1247//2063
f 1257//2064 1258//2064 1259//2064
f 1258//2065 1260//2065 1259//2065
f 1255//2066 1256//2066 1261//2066
f 1261//2067 1256//2067 1262//2067
f 1254//2068 1255//2068 1258//2068
f 1255//2069 1261//2069 1258//2069
f 1262//2070 1263//2070 1264//2070
f 1258//2071 1261//2071 1260//2071
f 1261//2072 1264//2072 1260//2072
f 1261//2073 1262//2073 1264//2073
f 1206//2074 1265//2074 1219//2074
f 1206//2075 1266//2075 1265//2075
f 1219//2076 1265//2076 1248//2076
f 1265//2077 1267//2077 1268//2077
f 1265//2078 1266//2078 1267//2078
f 1265//2079 1268//2079 1248//2079
f 1267//2080 1269//2080 1268//2080
f 1268//2081 1269//2081 1270//2081
f 1248//2082 1268//2082 1250//2082
f 1268//2083 1270//2083 1250//2083
f 1250//2084 1270//2084 1256//2084
f 1269//2085 1271//2085 1272//2085
f 1272//2086 1271//2086 1273//2086
f 1270//2087 1272//2087 1274//2087
f 1270//2088 1269//2088 1272//2088
f 1272//2089 1273//2089 1275//2089
f 1273//2090 1276//2090 1275//2090
f 1274//2091 1272//2091 1275//2091
f 1270//2092 1274//2092 1256//2092
f 1274//2093 1277//2093 1262//2093
f 1274//2094 1275//2094 1277//2094
f 1276//2095 1278//2095 1279//2095
f 1275//2096 1276//2096 1279//2096
f 1278//2097 1280//2097 1281//2097
f 1279//2098 1278//2098 1281//2098
f 1277//2099 1275//2099 1279//2099
f 1277//2100 1279//2100 1282//2100
f 1279//2101 1281//2101 1282//2101
f 1274//2102 1262//2102 1256//2102
f 1277//2103 1263//2103 1262//2103
f 1277//2104 1282//2104 1263//2104
f 554//2105 555//2105 1283//2105
f 555//2106 1284//2106 1283//2106
f 1284//2107 1285//2107 1283//2107
f 1284//2108 1286//2108 1285//2108
f 1286//2109 1287//2109 1288//2109
f 1286//2110 1288//2110 1285//2110
f 1289//2111 1290//2111 605//2111
f 608//2112 607//2112 1291//2112
f 608//2113 1289//2113 605//2113
f 608//2114 1291//2114 1289//2114
f 1289//2115 1292//2115 1290//2115
f 1289//2116 1293//2116 1292//2116
f 1292//2117 1294//2117 1290//2117
f 605//2118 1290//2118 611//2118
f 1290//2119 1295//2119 611//2119
f 611//2120 1295//2120 612//2120
f 1295//2121 1296//2121 612//2121
f 1290//2122 1294//2122 1295//2122
f 1294//2123 1297//2123 1295//2123
f 1295//2124 1297//2124 1296//2124
f 1296//2125 1297//2125 1298//2125
f 554//2126 1283//2126 607//2126
f 1283//2127 1291//2127 607//2127
f 1283//2128 1285//2128 1291//2128
f 1289//2129 1291//2129 1293//2129
f 1285//2130 1293//2130 1291//2130
f 1292//2131 1293//2131 1299//2131
f 1285//2132 1288//2132 1293//2132
f 1288//2133 1300//2133 1299//2133
f 1288//2134 1299//2134 1293//2134
f 1287//2135 1300//2135 1288//2135
f 1292//2136 1301//2136 1294//2136
f 1294//2137 1301//2137 1302//2137
f 1297//2138 1303//2138 1298//2138
f 1303//2139 1304//2139 1298//2139
f 1294//2140 1302//2140 1297//2140
f 1302//2141 1303//2141 1297//2141
f 1302//2142 1305//2142 1303//2142
f 1305//2143 1306//2143 1303//2143
f 1303//2144 1306//2144 1304//2144
f 1304//2145 1306//2145 1307//2145
f 1299//2146 1308//2146 1301//2146
f 1292//2147 1299//2147 1301//2147
f 1302//2148 1301//2148 1309//2148
f 1301//2149 1308//2149 1309//2149
f 1300//2150 1308//2150 1299//2150
f 1300//2151 1310//2151 1308//2151
f 1310//2152 1311//2152 1312//2152
f 1310//2153 1312//2153 1308//2153
f 1302//2154 1309//2154 1305//2154
f 1309//2155 1313//2155 1305//2155
f 1308//2156 1312//2156 1309//2156
f 1311//2157 1314//2157 1312//2157
f 1312//2158 1314//2158 1315//2158
f 1309//2159 1312//2159 1315//2159
f 1309//2160 1315//2160 1313//2160
f 1314//2161 1316//2161 1315//2161
f 612//2162 1317//2162 625//2162
f 612//2162 1296//2162 1317//2162
f 625//2163 1318//2163 626//2163
f 625//2164 1317//2164 1318//2164
f 1296//2165 1298//2165 1319//2165
f 1296//2165 1319//2165 1317//2165
f 1317//2166 1319//2166 1320//2166
f 1317//2167 1320//2167 1318//2167
f 626//2168 1321//2168 629//2168
f 626//2169 1318//2169 1321//2169
f 629//2170 1321//2170 1322//2170
f 629//2171 1322//2171 630//2171
f 1318//2172 1323//2172 1321//2172
f 1318//2173 1320//2173 1323//2173
f 1321//2174 1324//2174 1322//2174
f 1321//2175 1323//2175 1324//2175
f 1298//2176 1325//2176 1319//2176
f 1319//2177 1325//2177 1326//2177
f 1319//2178 1326//2178 1320//2178
f 1298//2176 1304//2176 1325//2176
f 1304//2179 1327//2179 1325//2179
f 1325//2180 1328//2180 1326//2180
f 1325//2181 1327//2181 1328//2181
f 1320//2182 1329//2182 1323//2182
f 1320//2183 1326//2183 1329//2183
f 1323//2184 1330//2184 1324//2184
f 1323//2185 1329//2185 1330//2185
f 1326//2186 1331//2186 1329//2186
f 1326//2187 1328//2187 1331//2187
f 1329//2188 1332//2188 1330//2188
f 1329//2189 1331//2189 1332//2189
f 1331//2190 1333//2190 1332//2190
f 1333//2191 1334//2191 1332//2191
f 1315//2192 1316//2192 1335//2192
f 1315//2193 1335//2193 1313//2193
f 1305//2194 1336//2194 1306//2194
f 1305//2195 1313//2195 1336//2195
f 1306//2196 1336//2196 1337//2196
f 1306//2197 1337//2197 1307//2197
f 1313//2198 1338//2198 1336//2198
f 1313//2199 1335//2199 1338//2199
f 1336//2200 1338//2200 1339//2200
f 1336//2201 1339//2201 1337//2201
f 1338//2202 1340//2202 1339//2202
f 1304//2179 1307//2179 1327//2179
f 1307//2203 1337//2203 1327//2203
f 1327//2203 1337//2203 1341//2203
f 1327//2204 1341//2204 1328//2204
f 1341//2205 1342//2205 1328//2205
f 1337//2206 1339//2206 1341//2206
f 1341//2206 1339//2206 1343//2206
f 1339//2207 1344//2207 1343//2207
f 1341//2208 1343//2208 1342//2208
f 1343//2209 1345//2209 1342//2209
f 1343//2210 1346//2210 1345//2210
f 1331//2211 1328//2211 1342//2211
f 1331//2212 1342//2212 1333//2212
f 1342//2213 1345//2213 1333//2213
f 1345//2214 1347//2214 1333//2214
f 1333//2215 1347//2215 1334//2215
f 1347//2216 1348//2216 1334//2216
f 1316//2217 1349//2217 1335//2217
f 1349//2218 1350//2218 1335//2218
f 1335//2219 1350//2219 1338//2219
f 1350//2220 1340//2220 1338//2220
f 1339//2221 1340//2221 1344//2221
f 1343//2207 1344//2207 1346//2207
f 1345//2222 1346//2222 1351//2222
f 1347//2223 1352//2223 1353//2223
f 1347//2224 1353//2224 1348//2224
f 1345//2225 1351//2225 1347//2225
f 1351//2226 1352//2226 1347//2226
f 630//2227 1354//2227 640//2227
f 630//2228 1322//2228 1354//2228
f 1322//2229 1324//2229 1355//2229
f 640//2230 1354//2230 646//2230
f 1354//2231 1356//2231 646//2231
f 1354//2232 1357//2232 1356//2232
f 646//2233 1356//2233 1358//2233
f 646//2234 1358//2234 648//2234
f 1356//2235 1357//2235 1359//2235
f 1358//2236 1356//2236 1359//2236
f 1322//2237 1355//2237 1354//2237
f 1324//2238 1360//2238 1355//2238
f 1354//2239 1355//2239 1357//2239
f 1355//2240 1361//2240 1357//2240
f 1357//2241 1361//2241 1362//2241
f 1359//2242 1357//2242 1362//2242
f 1355//2243 1360//2243 1361//2243
f 1361//2244 1360//2244 1363//2244
f 1361//2245 1363//2245 1364//2245
f 1361//2246 1364//2246 1362//2246
f 1324//2247 1330//2247 1360//2247
f 1330//2248 1332//2248 1365//2248
f 1330//2249 1365//2249 1360//2249
f 1360//2250 1365//2250 1363//2250
f 1365//2251 1366//2251 1363//2251
f 1365//2252 1332//2252 1367//2252
f 1365//2253 1367//2253 1366//2253
f 1367//2254 1368//2254 1366//2254
f 1332//2255 1334//2255 1367//2255
f 1334//2256 1348//2256 1367//2256
f 1367//2257 1348//2257 1368//2257
f 1369//2258 1370//2258 1371//2258
f 1369//2259 1371//2259 1372//2259
f 1371//2260 1373//2260 1372//2260
f 1372//2261 1373//2261 1374//2261
f 1374//2262 1373//2262 1375//2262
f 1374//2263 1375//2263 1376//2263
f 1377//2264 1375//2264 1378//2264
f 1377//2265 1379//2265 1375//2265
f 1373//2266 1378//2266 1375//2266
f 1375//2267 1379//2267 1376//2267
f 1376//2268 1379//2268 1380//2268
f 1377//2269 1381//2269 1379//2269
f 1379//2270 1381//2270 1380//2270
f 1376//2271 1380//2271 1382//2271
f 1382//2272 1380//2272 1383//2272
f 1380//2273 1381//2273 1384//2273
f 1384//2274 1385//2274 1383//2274
f 1380//2275 1384//2275 1383//2275
f 1385//2276 1386//2276 1387//2276
f 1385//2277 1387//2277 1383//2277
f 1382//2278 1383//2278 1388//2278
f 1383//2279 1387//2279 1388//2279
f 1388//2280 1387//2280 1389//2280
f 1389//2281 1390//2281 1391//2281
f 1386//2282 1392//2282 1387//2282
f 1392//2283 1390//2283 1387//2283
f 1389//2284 1387//2284 1390//2284
f 1392//2285 1393//2285 1390//2285
f 1390//2286 1393//2286 1394//2286
f 1391//2287 1390//2287 1394//2287
f 1393//2288 1395//2288 1394//2288
f 1394//2289 1395//2289 1396//2289
f 1391//2290 1394//2290 1396//2290
f 1395//2291 1397//2291 1398//2291
f 1395//2292 1398//2292 1396//2292
f 1397//2293 1399//2293 1398//2293
f 1398//2294 1399//2294 1400//2294
f 1399//2295 1401//2295 1400//2295
f 1402//2296 1403//2296 1404//2296
f 1402//2297 1404//2297 1405//2297
f 1406//2298 1407//2298 1408//2298
f 1405//2299 1409//2299 1407//2299
f 1407//2300 1409//2300 1410//2300
f 1407//2301 1410//2301 1411//2301
f 1405//2302 1407//2302 1406//2302
f 1402//2303 1405//2303 1406//2303
f 1408//2304 1407//2304 1411//2304
f 1412//2305 1413//2305 1409//2305
f 1412//2306 1414//2306 1413//2306
f 1415//2307 1416//2307 1417//2307
f 1415//2308 1418//2308 1419//2308
f 1404//2309 1415//2309 1417//2309
f 1405//2310 1404//2310 1417//2310
f 1404//2311 1418//2311 1415//2311
f 1415//2312 1420//2312 1416//2312
f 1420//2313 1421//2313 1416//2313
f 1422//2314 1420//2314 1419//2314
f 1415//2315 1419//2315 1420//2315
f 1405//2316 1417//2316 1409//2316
f 1417//2317 1412//2317 1409//2317
f 1413//2318 1410//2318 1409//2318
f 1417//2319 1416//2319 1412//2319
f 1416//2320 1423//2320 1412//2320
f 1408//2321 1424//2321 1425//2321
f 1424//2322 1426//2322 1425//2322
f 1424//2322 1427//2322 1426//2322
f 1408//2323 1411//2323 1424//2323
f 1424//2324 1411//2324 1428//2324
f 1424//2324 1428//2324 1427//2324
f 1427//2325 1429//2325 1426//2325
f 1427//2326 1428//2326 1429//2326
f 1428//2327 1430//2327 1429//2327
f 1411//2328 1410//2328 1431//2328
f 1411//2328 1431//2328 1428//2328
f 1431//2329 1432//2329 1433//2329
f 1428//2330 1431//2330 1433//2330
f 1428//2331 1433//2331 1430//2331
f 1430//2332 1433//2332 1434//2332
f 1433//2333 1432//2333 1435//2333
f 1433//2334 1435//2334 1434//2334
f 1434//2335 1435//2335 1436//2335
f 1435//2336 1437//2336 1436//2336
f 1438//66 1431//66 1410//66
f 1413//66 1438//66 1410//66
f 1413//78 1439//78 1438//78
f 1438//2337 1440//2337 1432//2337
f 1438//2338 1439//2338 1440//2338
f 1438//2339 1432//2339 1431//2339
f 1435//2340 1432//2340 1441//2340
f 1440//2341 1441//2341 1432//2341
f 1441//2342 1442//2342 1443//2342
f 1435//2343 1441//2343 1437//2343
f 1441//2344 1443//2344 1437//2344
f 1440//2345 1442//2345 1441//2345
f 1440//2346 1444//2346 1442//2346
f 1442//2347 1445//2347 1443//2347
f 1442//2348 1446//2348 1445//2348
f 1403//2349 1447//2349 1418//2349
f 1447//2350 1448//2350 1418//2350
f 1418//2351 1448//2351 1419//2351
f 1404//2352 1403//2352 1418//2352
f 1369//2353 1419//2353 1448//2353
f 1422//2354 1419//2354 1369//2354
f 1422//2355 1369//2355 1372//2355
f 1369//2356 1448//2356 1370//2356
f 1412//2357 1423//2357 1414//2357
f 1423//2358 1449//2358 1414//2358
f 1450//2359 1449//2359 1423//2359
f 1449//2360 1451//2360 1414//2360
f 1420//2361 1452//2361 1421//2361
f 1452//2362 1453//2362 1421//2362
f 1422//2363 1454//2363 1452//2363
f 1452//2364 1454//2364 1455//2364
f 1422//2365 1452//2365 1420//2365
f 1453//2366 1450//2366 1421//2366
f 1453//2367 1456//2367 1450//2367
f 1453//2368 1455//2368 1457//2368
f 1452//2369 1455//2369 1453//2369
f 1416//2370 1421//2370 1423//2370
f 1421//2371 1450//2371 1423//2371
f 1449//2372 1458//2372 1451//2372
f 1451//2373 1458//2373 1459//2373
f 1450//2374 1456//2374 1460//2374
f 1457//2375 1461//2375 1456//2375
f 1453//2376 1457//2376 1456//2376
f 1456//2377 1462//2377 1460//2377
f 1456//2378 1461//2378 1462//2378
f 1462//2379 1463//2379 1460//2379
f 1462//2380 1464//2380 1463//2380
f 1450//2381 1460//2381 1449//2381
f 1460//2382 1458//2382 1449//2382
f 1460//2383 1463//2383 1458//2383
f 1463//2384 1465//2384 1458//2384
f 1459//2385 1458//2385 1465//2385
f 1459//2386 1465//2386 1466//2386
f 1413//78 1414//78 1439//78
f 1414//2387 1467//2387 1439//2387
f 1440//2388 1439//2388 1444//2388
f 1439//2389 1468//2389 1444//2389
f 1414//2387 1451//2387 1467//2387
f 1439//2390 1467//2390 1468//2390
f 1444//2391 1468//2391 1469//2391
f 1442//2392 1444//2392 1446//2392
f 1444//2393 1469//2393 1446//2393
f 1446//2394 1470//2394 1445//2394
f 1446//2395 1471//2395 1470//2395
f 1446//2396 1469//2396 1471//2396
f 1469//2397 1472//2397 1471//2397
f 1451//2398 1473//2398 1467//2398
f 1451//2398 1459//2398 1473//2398
f 1467//2399 1473//2399 1474//2399
f 1467//2400 1474//2400 1468//2400
f 1459//2401 1475//2401 1473//2401
f 1459//2401 1466//2401 1475//2401
f 1473//2402 1476//2402 1474//2402
f 1473//2403 1475//2403 1476//2403
f 1468//2404 1474//2404 1477//2404
f 1468//2405 1477//2405 1469//2405
f 1469//2406 1477//2406 1472//2406
f 1477//2407 1478//2407 1472//2407
f 1474//2408 1476//2408 1479//2408
f 1474//2409 1479//2409 1477//2409
f 1477//2410 1479//2410 1478//2410
f 1479//2411 1480//2411 1478//2411
f 1422//2412 1372//2412 1454//2412
f 1454//2413 1372//2413 1374//2413
f 1454//2414 1374//2414 1455//2414
f 1455//2415 1374//2415 1376//2415
f 1455//2416 1376//2416 1382//2416
f 1455//2417 1382//2417 1457//2417
f 1457//2418 1388//2418 1461//2418
f 1457//2419 1382//2419 1388//2419
f 1388//2420 1389//2420 1461//2420
f 1462//2421 1461//2421 1481//2421
f 1389//2422 1481//2422 1461//2422
f 1481//2423 1482//2423 1464//2423
f 1462//2424 1481//2424 1464//2424
f 1389//2425 1391//2425 1481//2425
f 1391//2426 1482//2426 1481//2426
f 1391//2427 1396//2427 1482//2427
f 1396//2428 1398//2428 1483//2428
f 1437//2429 1443//2429 1484//2429
f 1443//2430 1485//2430 1484//2430
f 1443//2431 1445//2431 1485//2431
f 1445//2432 1486//2432 1485//2432
f 1437//2433 1487//2433 1436//2433
f 1437//2434 1484//2434 1487//2434
f 1487//2435 1484//2435 1488//2435
f 1484//2436 1485//2436 1488//2436
f 1488//2437 1485//2437 1489//2437
f 1485//2438 1490//2438 1489//2438
f 1486//2439 1490//2439 1485//2439
f 1486//2440 1491//2440 1490//2440
f 1490//2441 1492//2441 1489//2441
f 1490//2442 1491//2442 1492//2442
f 1445//2443 1470//2443 1486//2443
f 1486//2444 1470//2444 1493//2444
f 1470//2445 1494//2445 1493//2445
f 1470//2446 1471//2446 1494//2446
f 1471//2447 1495//2447 1494//2447
f 1471//2448 1472//2448 1495//2448
f 1472//2449 1478//2449 1496//2449
f 1472//2450 1496//2450 1495//2450
f 1486//2451 1493//2451 1491//2451
f 1493//2452 1494//2452 1497//2452
f 1493//2453 1497//2453 1491//2453
f 1492//2454 1491//2454 1498//2454
f 1491//2455 1499//2455 1498//2455
f 1491//2456 1497//2456 1499//2456
f 1497//2457 1500//2457 1501//2457
f 1497//2458 1501//2458 1499//2458
f 1501//2459 1502//2459 1499//2459
f 1501//2460 1503//2460 1502//2460
f 1494//2461 1500//2461 1497//2461
f 1494//2462 1495//2462 1504//2462
f 1494//2463 1504//2463 1500//2463
f 1501//2464 1500//2464 1503//2464
f 1500//2465 1505//2465 1503//2465
f 1502//2466 1503//2466 1506//2466
f 1503//2467 1505//2467 1507//2467
f 1500//2468 1504//2468 1505//2468
f 1504//2469 1508//2469 1505//2469
f 1503//2470 1507//2470 1506//2470
f 1505//2471 1508//2471 1509//2471
f 1508//2472 1510//2472 1511//2472
f 1505//2473 1509//2473 1507//2473
f 1508//2474 1511//2474 1509//2474
f 1495//2475 1496//2475 1512//2475
f 1495//2476 1512//2476 1504//2476
f 1496//2477 1513//2477 1512//2477
f 1504//2478 1512//2478 1508//2478
f 1512//2479 1513//2479 1510//2479
f 1508//2480 1512//2480 1510//2480
f 1513//2481 1514//2481 1515//2481
f 1478//2482 1516//2482 1496//2482
f 1478//2483 1480//2483 1516//2483
f 1516//2484 1480//2484 1517//2484
f 1496//2485 1516//2485 1513//2485
f 1516//2486 1514//2486 1513//2486
f 1516//2487 1517//2487 1514//2487
f 1514//2488 1517//2488 1518//2488
f 1513//2489 1515//2489 1510//2489
f 1510//2490 1515//2490 1519//2490
f 1511//2491 1510//2491 1519//2491
f 1515//2492 1520//2492 1521//2492
f 1515//2493 1521//2493 1519//2493
f 1514//2494 1520//2494 1515//2494
f 1520//2495 1518//2495 1522//2495
f 1520//2496 1522//2496 1523//2496
f 1521//2497 1520//2497 1523//2497
f 1514//2498 1518//2498 1520//2498
f 1522//2499 1518//2499 1524//2499
f 1518//2500 1525//2500 1524//2500
f 1522//2501 1524//2501 1526//2501
f 1524//2502 1527//2502 1526//2502
f 1527//2503 1528//2503 1526//2503
f 1463//2504 1464//2504 1529//2504
f 1529//2505 1464//2505 1530//2505
f 1463//2506 1529//2506 1465//2506
f 1465//2507 1531//2507 1466//2507
f 1531//2508 1532//2508 1466//2508
f 1465//2509 1529//2509 1531//2509
f 1529//2510 1533//2510 1531//2510
f 1529//2511 1530//2511 1533//2511
f 1531//2512 1534//2512 1532//2512
f 1531//2513 1533//2513 1534//2513
f 1466//2514 1535//2514 1475//2514
f 1466//2514 1532//2514 1535//2514
f 1476//2515 1475//2515 1536//2515
f 1475//2516 1535//2516 1536//2516
f 1532//2517 1534//2517 1535//2517
f 1535//2517 1534//2517 1537//2517
f 1535//2518 1537//2518 1536//2518
f 1537//2519 1538//2519 1536//2519
f 1476//2520 1539//2520 1479//2520
f 1476//2521 1536//2521 1539//2521
f 1536//2522 1538//2522 1539//2522
f 1479//2523 1539//2523 1480//2523
f 1539//2524 1540//2524 1480//2524
f 1539//2525 1538//2525 1540//2525
f 1464//2526 1482//2526 1541//2526
f 1464//2527 1541//2527 1530//2527
f 1541//2528 1482//2528 1483//2528
f 1396//2529 1483//2529 1482//2529
f 1483//2530 1542//2530 1543//2530
f 1541//2531 1483//2531 1543//2531
f 1541//2532 1544//2532 1530//2532
f 1541//2533 1543//2533 1544//2533
f 1543//2534 1545//2534 1544//2534
f 1530//2535 1546//2535 1533//2535
f 1530//2536 1544//2536 1546//2536
f 1534//2537 1533//2537 1547//2537
f 1398//2538 1542//2538 1483//2538
f 1398//2539 1400//2539 1542//2539
f 1400//2540 1548//2540 1542//2540
f 1400//2541 1401//2541 1549//2541
f 1401//2542 1550//2542 1549//2542
f 1400//2543 1549//2543 1548//2543
f 1542//2544 1548//2544 1551//2544
f 1543//2545 1542//2545 1551//2545
f 1548//2546 1552//2546 1551//2546
f 1543//2547 1551//2547 1545//2547
f 1551//2548 1552//2548 1553//2548
f 1548//2549 1549//2549 1552//2549
f 1552//2550 1549//2550 1554//2550
f 1552//2551 1554//2551 1553//2551
f 1533//2552 1546//2552 1547//2552
f 1544//2553 1555//2553 1546//2553
f 1544//2554 1545//2554 1555//2554
f 1546//2555 1556//2555 1547//2555
f 1546//2556 1555//2556 1556//2556
f 1551//2557 1553//2557 1545//2557
f 1553//2558 1554//2558 1557//2558
f 1545//2559 1553//2559 1558//2559
f 1545//2560 1558//2560 1555//2560
f 1556//2561 1555//2561 1559//2561
f 1555//2562 1558//2562 1559//2562
f 1553//2563 1557//2563 1558//2563
f 1558//2564 1557//2564 1560//2564
f 1558//2565 1560//2565 1559//2565
f 1559//2566 1560//2566 1561//2566
f 1534//2567 1547//2567 1537//2567
f 1537//2568 1562//2568 1538//2568
f 1540//2569 1563//2569 1480//2569
f 1538//2570 1564//2570 1540//2570
f 1540//2571 1564//2571 1565//2571
f 1540//2572 1565//2572 1563//2572
f 1565//2573 1566//2573 1563//2573
f 1565//2574 1567//2574 1566//2574
f 1567//2575 1568//2575 1566//2575
f 1569//2576 1570//2576 1568//2576
f 1569//2577 1571//2577 1570//2577
f 1537//2567 1547//2567 1562//2567
f 1562//2578 1564//2578 1538//2578
f 1547//2579 1556//2579 1562//2579
f 1562//2579 1556//2579 1572//2579
f 1562//2580 1572//2580 1564//2580
f 1572//2581 1573//2581 1564//2581
f 1565//2582 1564//2582 1573//2582
f 1565//2583 1573//2583 1567//2583
f 1556//2584 1559//2584 1572//2584
f 1572//2584 1559//2584 1574//2584
f 1572//2585 1574//2585 1573//2585
f 1574//2586 1575//2586 1573//2586
f 1574//2587 1576//2587 1577//2587
f 1574//2588 1577//2588 1575//2588
f 1559//2589 1561//2589 1574//2589
f 1574//2589 1561//2589 1576//2589
f 1575//2590 1569//2590 1567//2590
f 1573//2591 1575//2591 1567//2591
f 1567//2592 1569//2592 1568//2592
f 1575//2593 1578//2593 1569//2593
f 1575//2594 1577//2594 1578//2594
f 1569//2595 1578//2595 1571//2595
f 1480//2596 1563//2596 1517//2596
f 1563//2597 1525//2597 1517//2597
f 1563//2598 1566//2598 1525//2598
f 1525//2599 1566//2599 1579//2599
f 1518//2600 1517//2600 1525//2600
f 1524//2601 1525//2601 1579//2601
f 1524//2602 1579//2602 1527//2602
f 1527//2603 1579//2603 1580//2603
f 1527//2604 1580//2604 1581//2604
f 1528//2605 1581//2605 1582//2605
f 1527//2606 1581//2606 1528//2606
f 1566//2607 1568//2607 1579//2607
f 1580//2608 1568//2608 1570//2608
f 1579//2609 1568//2609 1580//2609
f 1570//2610 1571//2610 1581//2610
f 1580//2611 1570//2611 1581//2611
f 1549//2612 1550//2612 1583//2612
f 1549//2613 1583//2613 1554//2613
f 1583//2614 1584//2614 1554//2614
f 1554//2615 1584//2615 1557//2615
f 1584//2616 1585//2616 1557//2616
f 1557//2617 1585//2617 1560//2617
f 1585//2618 1586//2618 1560//2618
f 1560//2619 1586//2619 1561//2619
f 1586//2620 1587//2620 1561//2620
f 1588//2621 1589//2621 1571//2621
f 1561//2622 1587//2622 1576//2622
f 1576//2622 1587//2622 1590//2622
f 1576//2623 1590//2623 1577//2623
f 1590//2624 1591//2624 1577//2624
f 1591//2625 1588//2625 1578//2625
f 1577//2626 1591//2626 1578//2626
f 1578//2627 1588//2627 1571//2627
f 1581//2628 1592//2628 1582//2628
f 1581//2629 1571//2629 1589//2629
f 1581//2630 1589//2630 1592//2630
f 1593//2631 1594//2631 1595//2631
f 1595//2632 1596//2632 1597//2632
f 1593//2633 1595//2633 1597//2633
f 1597//2634 1596//2634 1598//2634
f 1596//2635 1599//2635 1598//2635
f 1600//2636 1601//2636 1602//2636
f 1593//2637 1600//2637 1594//2637
f 1594//2638 1600//2638 1602//2638
f 1602//2639 1601//2639 1603//2639
f 1598//2640 1599//2640 1604//2640
f 1604//2640 1599//2640 1605//2640
f 1604//2641 1605//2641 1606//2641
f 1605//2642 1607//2642 1606//2642
f 1606//2643 1607//2643 1608//2643
f 1607//2644 1609//2644 1608//2644
f 1608//2645 1609//2645 1610//2645
f 1609//2646 1611//2646 1610//2646
f 1611//2647 1612//2647 1610//2647
f 1611//2648 1613//2648 1612//2648
f 1613//2649 1614//2649 1612//2649
f 1595//2650 1594//2650 1615//2650
f 1615//2651 1616//2651 1617//2651
f 1595//2652 1618//2652 1596//2652
f 1595//2653 1615//2653 1618//2653
f 1596//2654 1618//2654 1619//2654
f 1596//2655 1619//2655 1599//2655
f 1615//2656 1617//2656 1618//2656
f 1617//2657 1620//2657 1618//2657
f 1618//2658 1620//2658 1619//2658
f 1620//2659 1621//2659 1619//2659
f 1602//2660 1622//2660 1623//2660
f 1623//2661 1622//2661 1624//2661
f 1594//2662 1623//2662 1615//2662
f 1594//2663 1602//2663 1623//2663
f 1602//2664 1603//2664 1622//2664
f 1603//2665 1625//2665 1626//2665
f 1603//2666 1626//2666 1622//2666
f 1622//2667 1626//2667 1627//2667
f 1615//2668 1623//2668 1616//2668
f 1623//2669 1624//2669 1616//2669
f 1617//2670 1616//2670 1628//2670
f 1622//2671 1627//2671 1624//2671
f 1616//2672 1624//2672 1629//2672
f 1624//2673 1630//2673 1629//2673
f 1617//2674 1631//2674 1620//2674
f 1631//2675 1632//2675 1620//2675
f 1620//2676 1632//2676 1621//2676
f 1632//2677 1633//2677 1621//2677
f 1632//2678 1634//2678 1633//2678
f 1617//2679 1628//2679 1631//2679
f 1616//2680 1629//2680 1628//2680
f 1628//2681 1635//2681 1631//2681
f 1628//2682 1629//2682 1636//2682
f 1628//2683 1636//2683 1635//2683
f 1635//2684 1637//2684 1631//2684
f 1636//2685 1638//2685 1635//2685
f 1635//2686 1639//2686 1637//2686
f 1635//2687 1638//2687 1639//2687
f 1631//2688 1637//2688 1632//2688
f 1637//2689 1634//2689 1632//2689
f 1633//2690 1634//2690 1640//2690
f 1599//2691 1619//2691 1641//2691
f 1599//2691 1641//2691 1605//2691
f 1605//2692 1641//2692 1607//2692
f 1607//2693 1641//2693 1642//2693
f 1619//740 1643//740 1641//740
f 1619//740 1621//740 1643//740
f 1641//2694 1644//2694 1642//2694
f 1641//2695 1643//2695 1644//2695
f 1607//2696 1642//2696 1609//2696
f 1609//2697 1642//2697 1645//2697
f 1609//2698 1645//2698 1611//2698
f 1642//2699 1646//2699 1645//2699
f 1642//2700 1644//2700 1646//2700
f 1645//2701 1646//2701 1647//2701
f 1645//2702 1648//2702 1611//2702
f 1645//2703 1647//2703 1648//2703
f 1646//2704 1649//2704 1647//2704
f 1621//792 1650//792 1643//792
f 1621//792 1633//792 1650//792
f 1643//2705 1651//2705 1644//2705
f 1643//2706 1650//2706 1651//2706
f 1633//2707 1652//2707 1650//2707
f 1650//2708 1653//2708 1651//2708
f 1644//2709 1654//2709 1646//2709
f 1644//2710 1651//2710 1654//2710
f 1633//2707 1640//2707 1652//2707
f 1650//2711 1652//2711 1653//2711
f 1646//2712 1654//2712 1649//2712
f 1654//2713 1655//2713 1649//2713
f 1651//2714 1656//2714 1654//2714
f 1651//2715 1653//2715 1656//2715
f 1654//2716 1656//2716 1655//2716
f 1656//2717 1657//2717 1655//2717
f 1639//2718 1658//2718 1637//2718
f 1639//2719 1659//2719 1658//2719
f 1637//2720 1658//2720 1634//2720
f 1634//2721 1660//2721 1640//2721
f 1660//2722 1661//2722 1640//2722
f 1658//2723 1660//2723 1634//2723
f 1658//2724 1662//2724 1660//2724
f 1658//2725 1659//2725 1662//2725
f 1660//2726 1663//2726 1661//2726
f 1660//2727 1662//2727 1663//2727
f 1640//2728 1664//2728 1652//2728
f 1640//2728 1661//2728 1664//2728
f 1653//2729 1652//2729 1665//2729
f 1652//2730 1664//2730 1665//2730
f 1661//2731 1663//2731 1664//2731
f 1664//2731 1663//2731 1666//2731
f 1664//2732 1666//2732 1665//2732
f 1665//2733 1666//2733 1667//2733
f 1653//2734 1668//2734 1656//2734
f 1653//2735 1665//2735 1668//2735
f 1665//2736 1667//2736 1668//2736
f 1656//2737 1668//2737 1657//2737
f 1668//2738 1669//2738 1657//2738
f 1668//2739 1667//2739 1669//2739
f 1611//2740 1648//2740 1613//2740
f 1613//2741 1648//2741 1670//2741
f 1648//2742 1671//2742 1670//2742
f 1613//2743 1670//2743 1614//2743
f 1614//2744 1670//2744 1672//2744
f 1670//2745 1673//2745 1672//2745
f 1670//2746 1674//2746 1673//2746
f 1648//2747 1647//2747 1671//2747
f 1647//2748 1675//2748 1671//2748
f 1670//2749 1671//2749 1674//2749
f 1671//2750 1675//2750 1676//2750
f 1647//2751 1649//2751 1675//2751
f 1649//2752 1677//2752 1675//2752
f 1649//2753 1655//2753 1677//2753
f 1677//2754 1655//2754 1678//2754
f 1655//2755 1657//2755 1678//2755
f 1625//2756 1679//2756 1626//2756
f 1679//2757 1627//2757 1626//2757
f 1679//2758 1680//2758 1627//2758
f 1680//2759 1681//2759 1627//2759
f 1627//2760 1681//2760 1630//2760
f 1630//2761 1682//2761 1683//2761
f 1681//2762 1684//2762 1685//2762
f 1680//2763 1684//2763 1681//2763
f 1630//2764 1681//2764 1682//2764
f 1686//2765 1682//2765 1685//2765
f 1681//2766 1685//2766 1682//2766
f 1682//2767 1687//2767 1683//2767
f 1686//2768 1688//2768 1687//2768
f 1686//2769 1687//2769 1682//2769
f 1689//2770 1690//2770 1691//2770
f 1688//2771 1689//2771 1692//2771
f 1687//2772 1688//2772 1692//2772
f 1689//2773 1691//2773 1692//2773
f 1690//2774 1693//2774 1691//2774
f 1687//2775 1694//2775 1683//2775
f 1687//2776 1692//2776 1694//2776
f 1692//2777 1695//2777 1694//2777
f 1692//2778 1691//2778 1695//2778
f 1691//2779 1696//2779 1697//2779
f 1693//2780 1698//2780 1696//2780
f 1693//2781 1696//2781 1691//2781
f 1695//2782 1691//2782 1697//2782
f 1696//2783 1699//2783 1700//2783
f 1696//2784 1700//2784 1697//2784
f 1696//2785 1698//2785 1699//2785
f 1698//2786 1701//2786 1699//2786
f 1699//2787 1701//2787 1702//2787
f 1699//2788 1702//2788 1703//2788
f 1699//2789 1704//2789 1700//2789
f 1699//2790 1703//2790 1704//2790
f 1702//2791 1705//2791 1706//2791
f 1702//2792 1706//2792 1703//2792
f 1705//2793 1707//2793 1706//2793
f 1624//2794 1627//2794 1630//2794
f 1629//2795 1630//2795 1683//2795
f 1629//2796 1683//2796 1636//2796
f 1636//2797 1683//2797 1694//2797
f 1636//2798 1694//2798 1638//2798
f 1694//2799 1695//2799 1638//2799
f 1639//2800 1638//2800 1708//2800
f 1695//2801 1708//2801 1638//2801
f 1695//2802 1697//2802 1708//2802
f 1697//2803 1709//2803 1708//2803
f 1697//2804 1700//2804 1709//2804
f 1700//2805 1710//2805 1709//2805
f 1700//2806 1704//2806 1710//2806
f 1704//2807 1711//2807 1710//2807
f 1704//2808 1703//2808 1712//2808
f 1704//2809 1712//2809 1711//2809
f 1707//2810 1713//2810 1706//2810
f 1703//2811 1706//2811 1714//2811
f 1706//2812 1713//2812 1715//2812
f 1706//2813 1715//2813 1714//2813
f 1703//2814 1714//2814 1712//2814
f 1713//2815 1716//2815 1715//2815
f 1714//2816 1715//2816 1717//2816
f 1716//2817 1717//2817 1715//2817
f 1716//2818 1718//2818 1717//2818
f 1639//2819 1708//2819 1719//2819
f 1639//2820 1719//2820 1659//2820
f 1708//2821 1709//2821 1719//2821
f 1709//2822 1710//2822 1720//2822
f 1719//2823 1709//2823 1720//2823
f 1719//2824 1720//2824 1721//2824
f 1719//2825 1721//2825 1659//2825
f 1720//2826 1722//2826 1721//2826
f 1659//2827 1721//2827 1723//2827
f 1659//2828 1723//2828 1662//2828
f 1662//2829 1724//2829 1663//2829
f 1662//2830 1723//2830 1724//2830
f 1721//2831 1722//2831 1725//2831
f 1721//2832 1725//2832 1723//2832
f 1720//2833 1710//2833 1726//2833
f 1710//2834 1727//2834 1726//2834
f 1711//2835 1712//2835 1728//2835
f 1710//2836 1711//2836 1727//2836
f 1711//2837 1728//2837 1727//2837
f 1720//2838 1726//2838 1722//2838
f 1726//2839 1729//2839 1722//2839
f 1726//2840 1727//2840 1729//2840
f 1727//2841 1728//2841 1729//2841
f 1722//2842 1729//2842 1730//2842
f 1729//2843 1731//2843 1730//2843
f 1723//2844 1725//2844 1732//2844
f 1723//2845 1732//2845 1724//2845
f 1722//2846 1730//2846 1725//2846
f 1725//2847 1733//2847 1732//2847
f 1725//2848 1730//2848 1733//2848
f 1730//2849 1734//2849 1733//2849
f 1663//2850 1724//2850 1666//2850
f 1666//2851 1735//2851 1667//2851
f 1735//2852 1736//2852 1667//2852
f 1657//2853 1669//2853 1737//2853
f 1738//2854 1739//2854 1737//2854
f 1667//2855 1736//2855 1669//2855
f 1736//2856 1738//2856 1669//2856
f 1669//2857 1738//2857 1737//2857
f 1736//2858 1740//2858 1738//2858
f 1738//2859 1740//2859 1741//2859
f 1738//2860 1741//2860 1739//2860
f 1741//2861 1742//2861 1739//2861
f 1741//2862 1743//2862 1742//2862
f 1741//2863 1744//2863 1743//2863
f 1743//2864 1744//2864 1745//2864
f 1743//2865 1746//2865 1742//2865
f 1743//2866 1747//2866 1746//2866
f 1666//2850 1724//2850 1735//2850
f 1724//2867 1732//2867 1735//2867
f 1735//2867 1732//2867 1748//2867
f 1735//2868 1748//2868 1736//2868
f 1748//2869 1740//2869 1736//2869
f 1732//2870 1733//2870 1748//2870
f 1748//2871 1749//2871 1740//2871
f 1748//2870 1733//2870 1749//2870
f 1733//2872 1750//2872 1749//2872
f 1749//2873 1744//2873 1740//2873
f 1749//2874 1751//2874 1744//2874
f 1741//2875 1740//2875 1744//2875
f 1714//2876 1752//2876 1712//2876
f 1712//2877 1752//2877 1728//2877
f 1714//2878 1717//2878 1752//2878
f 1717//2879 1753//2879 1752//2879
f 1717//2880 1754//2880 1753//2880
f 1729//2881 1728//2881 1731//2881
f 1728//2882 1752//2882 1731//2882
f 1752//2883 1753//2883 1731//2883
f 1731//2884 1734//2884 1730//2884
f 1731//2885 1753//2885 1734//2885
f 1753//2886 1754//2886 1755//2886
f 1753//2887 1755//2887 1734//2887
f 1755//2888 1756//2888 1750//2888
f 1718//2889 1754//2889 1717//2889
f 1718//2890 1757//2890 1754//2890
f 1757//2891 1758//2891 1754//2891
f 1759//2892 1760//2892 1758//2892
f 1757//2893 1759//2893 1758//2893
f 1759//2894 1761//2894 1760//2894
f 1754//2895 1758//2895 1755//2895
f 1756//2896 1758//2896 1760//2896
f 1755//2897 1758//2897 1756//2897
f 1733//2898 1734//2898 1750//2898
f 1755//2899 1750//2899 1734//2899
f 1762//2900 1763//2900 1764//2900
f 1765//2901 1766//2901 1767//2901
f 1765//2902 1767//2902 1768//2902
f 1744//2903 1751//2903 1745//2903
f 1745//2904 1751//2904 1765//2904
f 1743//2905 1745//2905 1747//2905
f 1745//2906 1768//2906 1747//2906
f 1763//2907 1766//2907 1765//2907
f 1763//2908 1765//2908 1751//2908
f 1745//2909 1765//2909 1768//2909
f 1769//2910 1770//2910 1771//2910
f 1761//2911 1772//2911 1773//2911
f 1773//2912 1772//2912 1774//2912
f 1772//2912 1775//2912 1774//2912
f 1761//2913 1773//2913 1760//2913
f 1773//2914 1769//2914 1760//2914
f 1773//2914 1774//2914 1769//2914
f 1774//2915 1775//2915 1770//2915
f 1774//2916 1770//2916 1769//2916
f 1762//2917 1760//2917 1769//2917
f 1756//2917 1760//2917 1762//2917
f 1762//2918 1769//2918 1771//2918
f 1762//2919 1771//2919 1763//2919
f 1776//2920 1777//2920 1766//2920
f 1776//2921 1766//2921 1771//2921
f 1777//2922 1767//2922 1766//2922
f 1777//2923 1778//2923 1767//2923
f 1770//2924 1776//2924 1771//2924
f 1763//2925 1771//2925 1766//2925
f 1749//2872 1750//2872 1764//2872
f 1756//2926 1764//2926 1750//2926
f 1749//2927 1764//2927 1751//2927
f 1764//2928 1763//2928 1751//2928
f 1756//2926 1762//2926 1764//2926
f 1672//2929 1673//2929 1779//2929
f 1673//2930 1674//2930 1780//2930
f 1673//2931 1780//2931 1779//2931
f 1671//2932 1676//2932 1674//2932
f 1674//2933 1676//2933 1781//2933
f 1780//2934 1674//2934 1781//2934
f 1676//2935 1782//2935 1783//2935
f 1676//2936 1783//2936 1781//2936
f 1780//2937 1781//2937 1784//2937
f 1781//2938 1785//2938 1784//2938
f 1781//2939 1783//2939 1786//2939
f 1781//2940 1786//2940 1785//2940
f 1786//2941 1783//2941 1787//2941
f 1783//2942 1782//2942 1788//2942
f 1783//2943 1788//2943 1787//2943
f 1788//2944 1789//2944 1790//2944
f 1789//2945 1791//2945 1792//2945
f 1788//2946 1790//2946 1787//2946
f 1789//2947 1792//2947 1790//2947
f 1792//2948 1791//2948 1793//2948
f 1675//2949 1677//2949 1782//2949
f 1675//2950 1782//2950 1676//2950
f 1677//2951 1678//2951 1794//2951
f 1677//2952 1794//2952 1782//2952
f 1788//2953 1782//2953 1794//2953
f 1789//2954 1794//2954 1795//2954
f 1788//2955 1794//2955 1789//2955
f 1678//2956 1795//2956 1794//2956
f 1657//2957 1796//2957 1678//2957
f 1678//2958 1796//2958 1795//2958
f 1796//2959 1797//2959 1795//2959
f 1796//2960 1798//2960 1797//2960
f 1789//2961 1795//2961 1791//2961
f 1791//2962 1797//2962 1799//2962
f 1793//2963 1791//2963 1799//2963
f 1793//2964 1799//2964 1800//2964
f 1795//2965 1797//2965 1791//2965
f 1799//2966 1797//2966 1801//2966
f 1799//2967 1801//2967 1802//2967
f 1802//2968 1803//2968 1804//2968
f 1799//2969 1802//2969 1800//2969
f 1802//2970 1804//2970 1800//2970
f 1802//2971 1801//2971 1805//2971
f 1802//2972 1805//2972 1806//2972
f 1802//2973 1806//2973 1803//2973
f 1803//2974 1806//2974 1807//2974
f 1801//2975 1798//2975 1808//2975
f 1797//2976 1798//2976 1801//2976
f 1801//2977 1808//2977 1805//2977
f 1805//2978 1808//2978 1809//2978
f 1805//2979 1809//2979 1810//2979
f 1805//2980 1810//2980 1806//2980
f 1806//2981 1811//2981 1807//2981
f 1807//2982 1811//2982 1812//2982
f 1813//2983 1812//2983 1811//2983
f 1806//2984 1814//2984 1811//2984
f 1814//2985 1815//2985 1811//2985
f 1813//2986 1811//2986 1815//2986
f 1806//2987 1810//2987 1814//2987
f 1814//2988 1767//2988 1815//2988
f 1815//2989 1767//2989 1778//2989
f 1816//2990 1815//2990 1778//2990
f 1813//2991 1815//2991 1816//2991
f 1657//2992 1737//2992 1796//2992
f 1796//2993 1737//2993 1798//2993
f 1739//2994 1808//2994 1798//2994
f 1737//2995 1739//2995 1798//2995
f 1739//2996 1742//2996 1808//2996
f 1808//2997 1742//2997 1746//2997
f 1809//2998 1747//2998 1810//2998
f 1808//2999 1746//2999 1809//2999
f 1809//3000 1746//3000 1747//3000
f 1814//3001 1810//3001 1768//3001
f 1747//3002 1768//3002 1810//3002
f 1814//3003 1768//3003 1767//3003
f 1817//3004 1818//3004 1819//3004
f 1818//3005 1820//3005 1821//3005
f 1820//3006 1822//3006 1823//3006
f 1819//3007 1818//3007 1821//3007
f 1820//3008 1823//3008 1821//3008
f 1824//3009 1825//3009 1826//3009
f 1827//3010 1825//3010 1828//3010
f 1825//3011 1829//3011 1828//3011
f 1828//3012 1829//3012 1830//3012
f 1827//3013 1826//3013 1825//3013
f 1830//3014 1831//3014 1832//3014
f 1832//3015 1833//3015 1834//3015
f 1834//3016 1835//3016 1836//3016
f 1836//3017 1835//3017 1837//3017
f 1836//3018 1837//3018 1838//3018
f 1837//3019 1839//3019 1838//3019
f 1824//3020 1840//3020 1825//3020
f 1825//3021 1840//3021 1841//3021
f 1830//3022 1829//3022 1831//3022
f 1829//3023 1842//3023 1831//3023
f 1842//3024 1843//3024 1831//3024
f 1825//3025 1841//3025 1829//3025
f 1841//3026 1842//3026 1829//3026
f 1841//3027 1844//3027 1842//3027
f 1844//3028 1845//3028 1842//3028
f 1842//3029 1845//3029 1843//3029
f 1843//3030 1845//3030 1846//3030
f 1832//3014 1831//3014 1833//3014
f 1831//2176 1843//2176 1847//2176
f 1831//2176 1847//2176 1833//2176
f 1834//3031 1833//3031 1835//3031
f 1833//3032 1847//3032 1848//3032
f 1833//3033 1848//3033 1835//3033
f 1843//3034 1846//3034 1849//3034
f 1843//3034 1849//3034 1847//3034
f 1847//3035 1849//3035 1850//3035
f 1847//3036 1850//3036 1848//3036
f 1837//3037 1835//3037 1851//3037
f 1835//3038 1848//3038 1851//3038
f 1837//3039 1851//3039 1852//3039
f 1837//3040 1852//3040 1839//3040
f 1848//3041 1853//3041 1851//3041
f 1848//3042 1850//3042 1853//3042
f 1846//3043 1854//3043 1849//3043
f 1824//3044 1855//3044 1856//3044
f 1857//3045 1856//3045 1855//3045
f 1857//3046 1858//3046 1856//3046
f 1856//3047 1858//3047 1840//3047
f 1824//3048 1856//3048 1840//3048
f 1841//3049 1840//3049 1859//3049
f 1840//3050 1858//3050 1859//3050
f 1860//3051 1858//3051 1857//3051
f 1860//3052 1861//3052 1858//3052
f 1861//3053 1862//3053 1858//3053
f 1841//3054 1859//3054 1844//3054
f 1859//3055 1863//3055 1844//3055
f 1858//3056 1862//3056 1859//3056
f 1862//3057 1864//3057 1865//3057
f 1859//3058 1862//3058 1865//3058
f 1859//3059 1865//3059 1863//3059
f 1817//3060 1861//3060 1866//3060
f 1860//3061 1866//3061 1861//3061
f 1817//3062 1819//3062 1861//3062
f 1861//3063 1819//3063 1862//3063
f 1819//3064 1821//3064 1864//3064
f 1819//3065 1864//3065 1862//3065
f 1864//3066 1867//3066 1868//3066
f 1865//3067 1864//3067 1868//3067
f 1821//3068 1867//3068 1864//3068
f 1821//3069 1823//3069 1867//3069
f 1867//3070 1823//3070 1869//3070
f 1865//3071 1870//3071 1863//3071
f 1865//3072 1868//3072 1870//3072
f 1844//3073 1871//3073 1845//3073
f 1844//3074 1863//3074 1871//3074
f 1845//3075 1854//3075 1846//3075
f 1845//3076 1871//3076 1854//3076
f 1863//3077 1872//3077 1871//3077
f 1863//3078 1870//3078 1872//3078
f 1871//3079 1872//3079 1873//3079
f 1871//3080 1873//3080 1854//3080
f 1867//3081 1874//3081 1868//3081
f 1870//3082 1868//3082 1875//3082
f 1868//3083 1874//3083 1875//3083
f 1867//3084 1869//3084 1876//3084
f 1867//3085 1876//3085 1874//3085
f 1874//3086 1876//3086 1877//3086
f 1874//3087 1877//3087 1875//3087
f 1870//3088 1878//3088 1872//3088
f 1870//3089 1875//3089 1878//3089
f 1872//3090 1878//3090 1879//3090
f 1872//3091 1879//3091 1873//3091
f 1875//3092 1877//3092 1880//3092
f 1875//3093 1880//3093 1878//3093
f 1878//3094 1881//3094 1879//3094
f 1878//3095 1880//3095 1881//3095
f 1851//3096 1882//3096 1852//3096
f 1851//3097 1853//3097 1882//3097
f 1853//3098 1883//3098 1882//3098
f 1883//3099 1884//3099 1882//3099
f 1849//3043 1854//3043 1885//3043
f 1849//3100 1885//3100 1850//3100
f 1850//3101 1885//3101 1886//3101
f 1854//2206 1873//2206 1885//2206
f 1885//2206 1873//2206 1887//2206
f 1885//3102 1887//3102 1886//3102
f 1887//3103 1888//3103 1886//3103
f 1850//3104 1886//3104 1853//3104
f 1853//3105 1886//3105 1883//3105
f 1886//3106 1888//3106 1883//3106
f 1888//3107 1889//3107 1883//3107
f 1883//3108 1889//3108 1884//3108
f 1889//3109 1890//3109 1884//3109
f 1873//3110 1879//3110 1887//3110
f 1887//3110 1879//3110 1891//3110
f 1887//3111 1891//3111 1888//3111
f 1891//3112 1892//3112 1888//3112
f 1879//3113 1881//3113 1891//3113
f 1891//3113 1881//3113 1893//3113
f 1891//3114 1893//3114 1892//3114
f 1892//3115 1893//3115 1894//3115
f 1889//3116 1895//3116 1890//3116
f 1895//3117 1896//3117 1890//3117
f 1896//3118 1897//3118 1898//3118
f 1888//3119 1892//3119 1889//3119
f 1889//3120 1892//3120 1895//3120
f 1895//3121 1894//3121 1897//3121
f 1892//3122 1894//3122 1895//3122
f 1895//3123 1897//3123 1896//3123
f 1839//3124 1852//3124 1899//3124
f 1852//3125 1900//3125 1899//3125
f 1852//3126 1901//3126 1900//3126
f 1900//3127 1902//3127 1899//3127
f 1852//3128 1882//3128 1901//3128
f 1900//3129 1901//3129 1903//3129
f 1900//3130 1903//3130 1902//3130
f 1901//3131 1904//3131 1903//3131
f 1901//3132 1905//3132 1904//3132
f 1882//3133 1884//3133 1905//3133
f 1901//3134 1882//3134 1905//3134
f 1884//3135 1906//3135 1905//3135
f 1903//3136 1904//3136 1907//3136
f 1904//3137 1908//3137 1907//3137
f 1904//3138 1909//3138 1910//3138
f 1904//3139 1910//3139 1908//3139
f 1905//3140 1909//3140 1904//3140
f 1906//3141 1911//3141 1909//3141
f 1909//3142 1912//3142 1910//3142
f 1912//3143 1911//3143 1913//3143
f 1909//3144 1911//3144 1912//3144
f 1911//3145 1914//3145 1913//3145
f 1884//3146 1890//3146 1906//3146
f 1906//3147 1890//3147 1915//3147
f 1905//3148 1906//3148 1909//3148
f 1906//3149 1915//3149 1911//3149
f 1915//3150 1916//3150 1914//3150
f 1915//3151 1914//3151 1911//3151
f 1915//3152 1890//3152 1896//3152
f 1915//3153 1896//3153 1898//3153
f 1915//3154 1898//3154 1916//3154
f 1189//3155 1190//3155 1917//3155
f 1917//3156 1190//3156 1918//3156
f 1917//3157 1918//3157 1919//3157
f 1919//3158 1918//3158 1920//3158
f 1919//3159 1920//3159 1921//3159
f 1190//3160 1922//3160 1918//3160
f 1190//3161 1240//3161 1922//3161
f 1918//3162 1922//3162 1920//3162
f 1920//3163 1923//3163 1921//3163
f 1920//3164 1924//3164 1923//3164
f 1921//3165 1923//3165 1925//3165
f 1923//3166 1926//3166 1925//3166
f 1923//3167 1927//3167 1926//3167
f 1923//3168 1924//3168 1927//3168
f 1920//3169 1922//3169 1924//3169
f 1922//3170 1928//3170 1924//3170
f 1924//3171 1929//3171 1927//3171
f 1240//3172 1242//3172 1922//3172
f 1242//3173 1243//3173 1928//3173
f 1922//3174 1242//3174 1928//3174
f 1928//3175 1243//3175 1930//3175
f 1924//3176 1928//3176 1929//3176
f 1928//3177 1930//3177 1929//3177
f 1929//3178 1930//3178 1931//3178
f 1243//3179 1246//3179 1930//3179
f 1930//3180 1246//3180 1932//3180
f 1246//3181 1247//3181 1932//3181
f 1932//3182 1247//3182 1933//3182
f 1930//3183 1932//3183 1931//3183
f 1931//3184 1932//3184 1934//3184
f 1932//3185 1933//3185 1934//3185
f 1933//3186 1935//3186 1934//3186
f 1926//3187 1927//3187 1936//3187
f 1926//3188 1936//3188 1937//3188
f 1936//3189 1927//3189 1938//3189
f 1929//3190 1938//3190 1927//3190
f 1936//3191 1938//3191 1939//3191
f 1938//3192 1940//3192 1939//3192
f 1937//3193 1941//3193 1942//3193
f 1936//3194 1941//3194 1937//3194
f 1936//3195 1939//3195 1941//3195
f 1941//3196 1943//3196 1942//3196
f 1941//3197 1944//3197 1943//3197
f 1941//3198 1939//3198 1944//3198
f 1944//3199 1939//3199 1945//3199
f 1939//3200 1940//3200 1946//3200
f 1939//3201 1946//3201 1945//3201
f 1929//3202 1931//3202 1938//3202
f 1938//3203 1931//3203 1940//3203
f 1931//3204 1934//3204 1940//3204
f 1940//3205 1934//3205 1947//3205
f 1934//3206 1935//3206 1947//3206
f 1947//3207 1935//3207 1948//3207
f 1946//3208 1940//3208 1947//3208
f 1946//3209 1947//3209 1949//3209
f 1948//3210 1950//3210 1949//3210
f 1947//3211 1948//3211 1949//3211
f 1247//3212 1259//3212 1933//3212
f 1259//3212 1951//3212 1933//3212
f 1259//3213 1260//3213 1952//3213
f 1259//3214 1952//3214 1951//3214
f 1933//3215 1951//3215 1935//3215
f 1951//3215 1953//3215 1935//3215
f 1951//3216 1954//3216 1953//3216
f 1951//3217 1952//3217 1954//3217
f 1264//3218 1263//3218 1955//3218
f 1260//3219 1264//3219 1956//3219
f 1260//3220 1956//3220 1952//3220
f 1264//3221 1955//3221 1956//3221
f 1956//3222 1955//3222 1957//3222
f 1956//3223 1957//3223 1958//3223
f 1952//3224 1956//3224 1958//3224
f 1952//3225 1958//3225 1954//3225
f 1959//3226 1960//3226 1961//3226
f 1962//3227 1961//3227 1963//3227
f 1964//3228 1959//3228 1961//3228
f 1964//3229 1961//3229 1962//3229
f 1935//3230 1953//3230 1948//3230
f 1953//3231 1965//3231 1966//3231
f 1953//3232 1954//3232 1965//3232
f 1948//3233 1966//3233 1950//3233
f 1966//3234 1967//3234 1968//3234
f 1966//3235 1965//3235 1967//3235
f 1953//3230 1966//3230 1948//3230
f 1954//3236 1958//3236 1959//3236
f 1954//3237 1959//3237 1965//3237
f 1958//3238 1957//3238 1960//3238
f 1958//3239 1960//3239 1959//3239
f 1964//3240 1965//3240 1959//3240
f 1964//3241 1967//3241 1965//3241
f 1943//3242 1969//3242 1970//3242
f 1970//3243 1969//3243 1971//3243
f 1969//3244 1972//3244 1971//3244
f 1969//3245 1973//3245 1972//3245
f 1972//3246 1973//3246 1974//3246
f 1974//3247 1975//3247 1976//3247
f 1976//3248 1977//3248 1978//3248
f 1979//3249 1980//3249 1981//3249
f 1979//3250 1982//3250 1980//3250
f 1978//3251 1983//3251 1981//3251
f 1979//3252 1981//3252 1983//3252
f 1944//3253 1969//3253 1943//3253
f 1944//3254 1945//3254 1969//3254
f 1969//3255 1945//3255 1973//3255
f 1945//3256 1984//3256 1973//3256
f 1946//3257 1984//3257 1945//3257
f 1946//3258 1949//3258 1984//3258
f 1984//3259 1949//3259 1985//3259
f 1985//3260 1949//3260 1950//3260
f 1984//3261 1975//3261 1973//3261
f 1984//3262 1985//3262 1975//3262
f 1974//3263 1973//3263 1975//3263
f 1985//3264 1950//3264 1986//3264
f 1986//3264 1950//3264 1968//3264
f 1986//3265 1968//3265 1967//3265
f 1986//3266 1967//3266 1987//3266
f 1975//3267 1985//3267 1977//3267
f 1977//3267 1985//3267 1986//3267
f 1976//3247 1975//3247 1977//3247
f 1977//3268 1986//3268 1987//3268
f 1977//3269 1987//3269 1983//3269
f 1978//3270 1977//3270 1983//3270
f 1979//3271 1983//3271 1962//3271
f 1987//3272 1962//3272 1983//3272
f 1979//3273 1962//3273 1963//3273
f 1979//3274 1963//3274 1982//3274
f 1964//3275 1962//3275 1987//3275
f 1964//3276 1987//3276 1967//3276
f 1966//3233 1968//3233 1950//3233
f 1988//3277 1989//3277 1280//3277
f 1280//3278 1989//3278 1281//3278
f 1988//3279 1990//3279 1991//3279
f 1988//3280 1991//3280 1989//3280
f 1282//3281 1989//3281 1992//3281
f 1282//3282 1281//3282 1989//3282
f 1992//3283 1989//3283 1991//3283
f 1990//3284 1993//3284 1991//3284
f 1990//3285 1994//3285 1993//3285
f 1995//3286 1991//3286 1993//3286
f 1993//3287 1994//3287 1996//3287
f 1995//3288 1993//3288 1997//3288
f 1993//3289 1996//3289 1997//3289
f 1992//3290 1995//3290 1955//3290
f 1995//3291 1997//3291 1957//3291
f 1992//3292 1991//3292 1995//3292
f 1282//3293 1992//3293 1263//3293
f 1992//3294 1955//3294 1263//3294
f 1995//3295 1957//3295 1955//3295
f 1996//3296 1998//3296 1999//3296
f 1996//3297 1999//3297 1997//3297
f 2000//3298 1998//3298 2001//3298
f 1999//3299 1998//3299 2000//3299
f 1957//3300 1997//3300 1960//3300
f 1999//3301 1961//3301 1960//3301
f 1999//3302 1960//3302 1997//3302
f 1963//3303 2000//3303 2002//3303
f 2000//3304 2001//3304 2002//3304
f 1999//3305 2000//3305 1961//3305
f 1963//3306 2002//3306 1982//3306
f 1963//3307 1961//3307 2000//3307
f 2003//3308 2004//3308 2005//3308
f 2005//3309 2004//3309 2006//3309
f 2007//3310 2008//3310 2009//3310
f 2009//3311 2010//3311 2011//3311
f 2012//3312 2011//3312 2013//3312
f 2011//3313 2010//3313 2013//3313
f 2012//3314 2013//3314 2014//3314
f 2015//3315 2006//3315 2016//3315
f 2005//3316 2006//3316 2015//3316
f 2017//3317 2016//3317 2018//3317
f 2017//3318 2018//3318 2008//3318
f 2018//3319 2016//3319 2019//3319
f 2016//3320 2006//3320 2019//3320
f 2018//3321 2019//3321 2020//3321
f 2007//3322 2017//3322 2008//3322
f 2009//3323 2008//3323 2010//3323
f 2018//3324 2020//3324 2008//3324
f 2008//3325 2020//3325 2010//3325
f 2013//3326 2010//3326 2021//3326
f 2010//3327 2020//3327 2021//3327
f 2022//3328 2023//3328 2024//3328
f 2024//3329 2023//3329 2025//3329
f 2012//3330 2014//3330 2022//3330
f 2022//3331 2014//3331 2023//3331
f 2023//3332 2014//3332 2026//3332
f 2024//3333 2025//3333 2027//3333
f 2028//3334 2027//3334 2025//3334
f 2028//3335 2025//3335 2029//3335
f 2023//3336 2030//3336 2025//3336
f 2028//3337 2031//3337 2032//3337
f 2033//3338 2032//3338 2034//3338
f 2032//3339 2031//3339 2034//3339
f 2028//3340 2029//3340 2031//3340
f 2025//3341 2030//3341 2029//3341
f 2013//3342 2035//3342 2014//3342
f 2014//3343 2035//3343 2026//3343
f 2013//3344 2021//3344 2035//3344
f 2023//3345 2026//3345 2030//3345
f 2036//3346 2037//3346 2038//3346
f 2036//3347 2038//3347 2039//3347
f 2039//3348 2038//3348 2040//3348
f 2041//3349 2037//3349 2036//3349
f 2003//3350 2040//3350 2004//3350
f 2003//3351 2039//3351 2040//3351
f 2004//3352 2042//3352 2006//3352
f 2004//3353 2040//3353 2042//3353
f 2041//3354 2043//3354 2044//3354
f 2041//3355 2044//3355 2037//3355
f 2043//3356 2045//3356 2046//3356
f 2045//3357 2047//3357 2048//3357
f 2043//3358 2046//3358 2044//3358
f 2045//3359 2048//3359 2046//3359
f 2044//3360 2046//3360 2049//3360
f 2046//3361 2048//3361 2050//3361
f 2046//3362 2050//3362 2049//3362
f 2038//3363 2051//3363 2040//3363
f 2037//3364 2052//3364 2051//3364
f 2044//3365 2052//3365 2037//3365
f 2038//3366 2037//3366 2051//3366
f 2051//3367 2052//3367 2053//3367
f 2040//3368 2054//3368 2042//3368
f 2040//3369 2051//3369 2054//3369
f 2051//3370 2053//3370 2054//3370
f 2054//3371 2053//3371 2055//3371
f 2044//3372 2049//3372 2052//3372
f 2052//3373 2049//3373 2056//3373
f 2049//3374 2050//3374 2057//3374
f 2052//3375 2056//3375 2053//3375
f 2053//3376 2056//3376 2058//3376
f 2049//3377 2057//3377 2056//3377
f 2056//3378 2057//3378 2059//3378
f 2047//3379 2060//3379 2061//3379
f 2061//3380 2060//3380 2062//3380
f 2060//3380 2063//3380 2062//3380
f 2047//3381 2061//3381 2048//3381
f 2061//3382 2062//3382 2048//3382
f 2062//3382 2064//3382 2048//3382
f 2062//3383 2063//3383 2065//3383
f 2062//3384 2065//3384 2064//3384
f 2064//3385 2065//3385 2066//3385
f 2048//3386 2064//3386 2050//3386
f 2064//3386 2067//3386 2050//3386
f 2064//3387 2066//3387 2067//3387
f 2067//3388 2066//3388 2068//3388
f 2065//3389 2069//3389 2066//3389
f 2069//3390 2070//3390 2071//3390
f 2069//3391 2071//3391 2066//3391
f 2070//3392 2072//3392 2071//3392
f 2070//3393 2073//3393 2072//3393
f 2066//3394 2071//3394 2068//3394
f 2067//3395 2068//3395 2074//3395
f 2071//3396 2072//3396 2075//3396
f 2075//3397 2072//3397 2076//3397
f 2071//3398 2075//3398 2068//3398
f 2068//3399 2075//3399 2077//3399
f 2075//3400 2076//3400 2078//3400
f 2075//3401 2078//3401 2077//3401
f 2078//3402 2079//3402 2077//3402
f 2078//3403 2076//3403 2080//3403
f 2078//3404 2080//3404 2081//3404
f 2050//1526 2067//1526 2057//1526
f 2067//1526 2074//1526 2057//1526
f 2057//1534 2074//1534 2059//1534
f 2074//3405 2068//3405 2077//3405
f 2074//3406 2077//3406 2082//3406
f 2042//3407 2083//3407 2006//3407
f 2006//3408 2083//3408 2019//3408
f 2019//3409 2083//3409 2084//3409
f 2019//3410 2084//3410 2020//3410
f 2020//3411 2084//3411 2021//3411
f 2021//3412 2084//3412 2085//3412
f 2031//3413 2029//3413 2086//3413
f 2021//3414 2085//3414 2035//3414
f 2035//3415 2085//3415 2087//3415
f 2035//3416 2087//3416 2026//3416
f 2026//3417 2088//3417 2030//3417
f 2029//3418 2030//3418 2089//3418
f 2030//3419 2088//3419 2089//3419
f 2026//3420 2087//3420 2088//3420
f 2087//3421 2090//3421 2088//3421
f 2088//3422 2091//3422 2089//3422
f 2088//3423 2090//3423 2091//3423
f 2042//3424 2092//3424 2083//3424
f 2083//3425 2092//3425 2084//3425
f 2042//3426 2054//3426 2092//3426
f 2054//3427 2055//3427 2092//3427
f 2092//3428 2055//3428 2093//3428
f 2084//3429 2093//3429 2085//3429
f 2092//3430 2093//3430 2084//3430
f 2093//3431 2055//3431 2094//3431
f 2093//3432 2094//3432 2095//3432
f 2053//3433 2058//3433 2055//3433
f 2055//3434 2058//3434 2094//3434
f 2056//3435 2059//3435 2058//3435
f 2058//3436 2059//3436 2096//3436
f 2094//3437 2058//3437 2096//3437
f 2096//3438 2059//3438 2097//3438
f 2087//3439 2085//3439 2095//3439
f 2093//3440 2095//3440 2085//3440
f 2087//3441 2095//3441 2090//3441
f 2095//3442 2098//3442 2090//3442
f 2094//3443 2098//3443 2095//3443
f 2090//3444 2099//3444 2091//3444
f 2090//3445 2098//3445 2099//3445
f 2094//3446 2096//3446 2098//3446
f 2098//3447 2096//3447 2100//3447
f 2098//3448 2100//3448 2099//3448
f 2099//3449 2100//3449 2101//3449
f 2100//3450 2102//3450 2101//3450
f 2101//3451 2102//3451 2103//3451
f 2096//3452 2097//3452 2100//3452
f 2097//3453 2102//3453 2100//3453
f 2078//3454 2081//3454 2079//3454
f 2081//3455 2104//3455 2079//3455
f 2081//3456 2080//3456 2105//3456
f 2081//3457 2105//3457 2106//3457
f 2081//3458 2106//3458 2104//3458
f 2104//3459 2106//3459 2107//3459
f 2074//1534 2082//1534 2059//1534
f 2059//3460 2082//3460 2097//3460
f 2077//3461 2079//3461 2082//3461
f 2082//3462 2079//3462 2108//3462
f 2082//3460 2109//3460 2097//3460
f 2082//3463 2108//3463 2109//3463
f 2104//3464 2108//3464 2079//3464
f 2110//3465 2111//3465 2103//3465
f 2110//3466 2112//3466 2113//3466
f 2110//3467 2113//3467 2111//3467
f 2114//3468 2107//3468 2115//3468
f 2108//3469 2114//3469 2112//3469
f 2104//3470 2114//3470 2108//3470
f 2104//3471 2107//3471 2114//3471
f 2116//3472 2115//3472 2117//3472
f 2112//3473 2116//3473 2113//3473
f 2112//3474 2114//3474 2116//3474
f 2114//3475 2115//3475 2116//3475
f 2097//3476 2109//3476 2102//3476
f 2109//3476 2110//3476 2102//3476
f 2109//3477 2112//3477 2110//3477
f 2109//3478 2108//3478 2112//3478
f 2102//3465 2110//3465 2103//3465
f 2073//3479 2118//3479 2072//3479
f 2073//3480 2119//3480 2118//3480
f 2120//3481 2121//3481 2118//3481
f 2119//3482 2120//3482 2118//3482
f 2120//3483 2122//3483 2123//3483
f 2122//3484 2124//3484 2123//3484
f 2124//3485 2125//3485 2123//3485
f 2120//3486 2123//3486 2121//3486
f 2123//3487 2125//3487 2126//3487
f 2121//3488 2123//3488 2126//3488
f 2118//3489 2076//3489 2072//3489
f 2118//3490 2121//3490 2076//3490
f 2121//3491 2080//3491 2076//3491
f 2121//3492 2126//3492 2080//3492
f 2127//3493 2128//3493 2129//3493
f 2128//3494 2130//3494 2129//3494
f 2128//3495 2131//3495 2130//3495
f 2132//3496 2133//3496 2131//3496
f 2130//3497 2131//3497 2133//3497
f 2134//3498 2135//3498 2125//3498
f 2124//3499 2134//3499 2125//3499
f 2134//3500 2136//3500 2137//3500
f 2137//3501 2138//3501 2139//3501
f 2137//3502 2136//3502 2138//3502
f 2137//3503 2140//3503 2135//3503
f 2134//3504 2137//3504 2135//3504
f 2126//3505 2125//3505 2141//3505
f 2135//3506 2142//3506 2141//3506
f 2125//3507 2135//3507 2141//3507
f 2127//3508 2129//3508 2139//3508
f 2127//3509 2139//3509 2138//3509
f 2137//3510 2139//3510 2140//3510
f 2139//3511 2129//3511 2140//3511
f 2130//3512 2143//3512 2129//3512
f 2129//3513 2143//3513 2140//3513
f 2135//3514 2140//3514 2142//3514
f 2143//3515 2144//3515 2142//3515
f 2140//3516 2143//3516 2142//3516
f 2145//3517 2146//3517 2147//3517
f 2145//3518 2147//3518 2148//3518
f 2147//3519 2149//3519 2133//3519
f 2148//3520 2147//3520 2133//3520
f 2132//3521 2148//3521 2133//3521
f 2146//3522 2150//3522 2151//3522
f 2145//3523 2150//3523 2146//3523
f 2147//3524 2146//3524 2152//3524
f 2153//3525 2154//3525 2155//3525
f 2156//3526 2157//3526 2154//3526
f 2157//3527 2155//3527 2154//3527
f 2150//3528 2155//3528 2151//3528
f 2153//3529 2155//3529 2150//3529
f 2146//3530 2151//3530 2152//3530
f 2155//3531 2158//3531 2151//3531
f 2133//3532 2149//3532 2159//3532
f 2130//3533 2133//3533 2159//3533
f 2130//3534 2159//3534 2143//3534
f 2147//3535 2152//3535 2149//3535
f 2143//3536 2159//3536 2144//3536
f 2160//3537 2144//3537 2159//3537
f 2160//3538 2159//3538 2149//3538
f 2161//3539 2149//3539 2152//3539
f 2151//3540 2162//3540 2152//3540
f 2161//3541 2152//3541 2162//3541
f 2160//3542 2161//3542 2115//3542
f 2161//3543 2162//3543 2117//3543
f 2161//3544 2117//3544 2115//3544
f 2160//3545 2149//3545 2161//3545
f 2080//3546 2126//3546 2105//3546
f 2126//3547 2141//3547 2105//3547
f 2141//3548 2142//3548 2105//3548
f 2105//3549 2142//3549 2106//3549
f 2142//3550 2144//3550 2106//3550
f 2106//3551 2144//3551 2107//3551
f 2160//3552 2115//3552 2107//3552
f 2160//3553 2107//3553 2144//3553
f 1822//3554 2163//3554 2164//3554
f 2163//3555 2165//3555 2166//3555
f 1822//3556 2164//3556 1823//3556
f 2163//3557 2166//3557 2164//3557
f 2165//3558 2167//3558 2168//3558
f 2165//3559 2168//3559 2166//3559
f 2169//3560 2170//3560 2171//3560
f 2170//3561 2172//3561 2171//3561
f 2171//3562 2172//3562 2173//3562
f 2172//3563 2174//3563 2173//3563
f 2174//3564 2175//3564 2176//3564
f 2175//3565 2177//3565 2178//3565
f 2177//3566 2179//3566 2180//3566
f 2181//3567 2182//3567 2183//3567
f 2181//3568 2183//3568 2184//3568
f 2179//3569 2181//3569 2180//3569
f 2179//3570 2182//3570 2181//3570
f 2167//3571 2185//3571 2168//3571
f 2168//3572 2185//3572 2186//3572
f 2164//3573 2166//3573 2187//3573
f 2168//3574 2188//3574 2166//3574
f 1823//3575 2164//3575 2189//3575
f 1823//3576 2189//3576 1869//3576
f 2164//3577 2187//3577 2189//3577
f 2166//3578 2188//3578 2187//3578
f 2189//3579 2187//3579 2190//3579
f 2187//3580 2191//3580 2190//3580
f 2168//3581 2186//3581 2192//3581
f 2186//3582 2193//3582 2194//3582
f 2186//3583 2194//3583 2192//3583
f 2168//3584 2192//3584 2188//3584
f 2193//3585 2195//3585 2194//3585
f 2192//3586 2194//3586 2196//3586
f 2194//3587 2195//3587 2196//3587
f 2169//3588 2196//3588 2195//3588
f 2192//3589 2196//3589 2197//3589
f 2196//3590 2198//3590 2197//3590
f 2187//3591 2188//3591 2191//3591
f 2192//3592 2197//3592 2188//3592
f 2188//3593 2197//3593 2191//3593
f 2191//3594 2197//3594 2199//3594
f 2197//3595 2198//3595 2200//3595
f 2197//3596 2200//3596 2199//3596
f 1869//3597 2189//3597 1876//3597
f 2189//3598 2201//3598 1876//3598
f 1876//3599 2201//3599 1877//3599
f 2189//3600 2190//3600 2201//3600
f 2201//3601 2190//3601 2202//3601
f 2190//3602 2203//3602 2202//3602
f 2201//3603 2202//3603 1877//3603
f 1877//3604 2202//3604 1880//3604
f 2202//3605 2204//3605 1880//3605
f 1880//3606 2204//3606 1881//3606
f 2204//3607 2205//3607 1881//3607
f 2202//3608 2203//3608 2204//3608
f 2203//3609 2206//3609 2204//3609
f 2204//3610 2206//3610 2205//3610
f 2205//3611 2206//3611 2207//3611
f 2191//3612 2203//3612 2190//3612
f 2191//3613 2199//3613 2203//3613
f 2203//3614 2199//3614 2206//3614
f 2199//3615 2208//3615 2206//3615
f 2200//3616 2208//3616 2199//3616
f 2200//3617 2209//3617 2208//3617
f 2210//3618 2209//3618 2211//3618
f 2208//3619 2209//3619 2210//3619
f 2208//3620 2207//3620 2206//3620
f 2208//3621 2210//3621 2207//3621
f 2212//3622 2213//3622 2214//3622
f 2215//3623 2214//3623 2216//3623
f 2217//3624 2212//3624 2214//3624
f 2217//3625 2214//3625 2215//3625
f 1881//3626 2205//3626 1893//3626
f 1893//3626 2205//3626 2218//3626
f 1893//3627 2219//3627 1894//3627
f 1893//3628 2218//3628 2219//3628
f 2205//3629 2207//3629 2218//3629
f 2218//3629 2207//3629 2220//3629
f 2218//3630 2220//3630 2221//3630
f 2218//3631 2221//3631 2219//3631
f 1897//3632 2222//3632 1898//3632
f 2223//3633 2224//3633 2222//3633
f 2223//3634 2225//3634 2224//3634
f 1894//3635 2223//3635 1897//3635
f 1894//3636 2219//3636 2223//3636
f 1897//3637 2223//3637 2222//3637
f 2219//3638 2225//3638 2223//3638
f 2219//3639 2221//3639 2225//3639
f 2210//3640 2211//3640 2226//3640
f 2226//3641 2227//3641 2228//3641
f 2226//3642 2228//3642 2229//3642
f 2210//3267 2220//3267 2207//3267
f 2226//3643 2229//3643 2220//3643
f 2220//3644 2229//3644 2221//3644
f 2210//3267 2226//3267 2220//3267
f 2221//3645 2215//3645 2225//3645
f 2229//3646 2215//3646 2221//3646
f 2225//3647 2216//3647 2224//3647
f 2225//3648 2215//3648 2216//3648
f 2217//3649 2215//3649 2229//3649
f 2217//3650 2229//3650 2228//3650
f 2169//3651 2171//3651 2196//3651
f 2171//3652 2198//3652 2196//3652
f 2171//3653 2173//3653 2198//3653
f 2198//3654 2173//3654 2230//3654
f 2174//3655 2176//3655 2173//3655
f 2173//3656 2176//3656 2230//3656
f 2230//3657 2176//3657 2231//3657
f 2200//3658 2198//3658 2230//3658
f 2200//3659 2230//3659 2209//3659
f 2230//3660 2231//3660 2209//3660
f 2231//3661 2211//3661 2209//3661
f 2175//3565 2178//3565 2176//3565
f 2176//3230 2178//3230 2231//3230
f 2178//3230 2232//3230 2231//3230
f 2177//3662 2180//3662 2178//3662
f 2178//3663 2233//3663 2232//3663
f 2178//3664 2180//3664 2233//3664
f 2231//3665 2232//3665 2211//3665
f 2232//3665 2227//3665 2211//3665
f 2232//3666 2228//3666 2227//3666
f 2232//3667 2233//3667 2228//3667
f 2181//3668 2212//3668 2180//3668
f 2180//3669 2212//3669 2233//3669
f 2181//3670 2213//3670 2212//3670
f 2181//3671 2184//3671 2213//3671
f 2217//3672 2233//3672 2212//3672
f 2217//3673 2228//3673 2233//3673
f 2226//3640 2211//3640 2227//3640
f 1913//3674 1914//3674 2234//3674
f 2234//3675 2235//3675 2236//3675
f 2234//3676 1914//3676 2235//3676
f 2236//3677 2235//3677 2237//3677
f 2238//3678 2239//3678 2237//3678
f 2236//3679 2237//3679 2239//3679
f 2238//3680 2240//3680 2241//3680
f 2238//3681 2241//3681 2239//3681
f 2242//3682 2237//3682 2235//3682
f 2238//3683 2237//3683 2243//3683
f 1916//3684 2244//3684 1914//3684
f 2244//3685 2235//3685 1914//3685
f 2244//3686 2242//3686 2235//3686
f 2244//3687 2224//3687 2242//3687
f 2242//3688 2224//3688 2216//3688
f 2242//3689 2243//3689 2237//3689
f 2238//3690 2245//3690 2240//3690
f 2245//3691 2246//3691 2240//3691
f 2238//3692 2243//3692 2245//3692
f 2245//3693 2213//3693 2247//3693
f 2247//3694 2248//3694 2246//3694
f 2245//3695 2247//3695 2246//3695
f 2184//3696 2247//3696 2213//3696
f 2184//3697 2248//3697 2247//3697
f 2245//3698 2214//3698 2213//3698
f 2242//3699 2216//3699 2243//3699
f 2216//3700 2214//3700 2243//3700
f 2245//3701 2243//3701 2214//3701
f 1916//3702 1898//3702 2244//3702
f 2244//3703 1898//3703 2222//3703
f 2244//3704 2222//3704 2224//3704
f 2249//3705 2250//3705 2251//3705
f 2250//3706 2252//3706 2251//3706
f 2253//3707 2254//3707 2255//3707
f 2253//3708 2256//3708 2257//3708
f 2258//3709 2259//3709 2256//3709
f 2253//3710 2257//3710 2254//3710
f 2256//3711 2259//3711 2257//3711
f 2260//3712 2261//3712 2262//3712
f 2260//3713 2262//3713 2263//3713
f 2264//3714 2262//3714 2261//3714
f 2265//3715 2266//3715 2267//3715
f 2258//3716 2265//3716 2268//3716
f 2265//3717 2267//3717 2268//3717
f 2266//3718 2269//3718 2267//3718
f 2260//3719 2267//3719 2269//3719
f 2267//3720 2270//3720 2268//3720
f 2258//3721 2268//3721 2259//3721
f 2268//3722 2271//3722 2259//3722
f 2260//3723 2263//3723 2267//3723
f 2267//3724 2263//3724 2270//3724
f 2268//3725 2270//3725 2271//3725
f 2272//3726 2273//3726 2274//3726
f 2272//3727 2275//3727 2273//3727
f 2276//3728 2274//3728 2273//3728
f 2250//3729 2276//3729 2252//3729
f 2276//3730 2273//3730 2252//3730
f 2273//3731 2277//3731 2252//3731
f 2273//3732 2278//3732 2277//3732
f 2255//3733 2275//3733 2272//3733
f 2255//3734 2254//3734 2275//3734
f 2275//3735 2254//3735 2279//3735
f 2257//3736 2280//3736 2254//3736
f 2273//3737 2275//3737 2278//3737
f 2275//3738 2279//3738 2278//3738
f 2254//3739 2280//3739 2279//3739
f 2257//3740 2259//3740 2281//3740
f 2257//3741 2281//3741 2280//3741
f 2259//3742 2271//3742 2281//3742
f 2249//3743 2251//3743 2282//3743
f 2283//3744 2282//3744 2284//3744
f 2285//3745 2283//3745 2284//3745
f 2284//3746 2286//3746 2287//3746
f 2285//3747 2284//3747 2287//3747
f 2251//3748 2284//3748 2282//3748
f 2251//3749 2286//3749 2284//3749
f 2251//3750 2252//3750 2286//3750
f 2286//3751 2252//3751 2288//3751
f 2263//3752 2289//3752 2270//3752
f 2252//3753 2277//3753 2288//3753
f 2277//3754 2290//3754 2288//3754
f 2277//3755 2291//3755 2290//3755
f 2277//3756 2278//3756 2291//3756
f 2278//3757 2279//3757 2292//3757
f 2278//3758 2292//3758 2291//3758
f 2280//3759 2281//3759 2293//3759
f 2270//3760 2294//3760 2271//3760
f 2271//3761 2294//3761 2295//3761
f 2281//3762 2271//3762 2295//3762
f 2281//3763 2295//3763 2293//3763
f 2279//3764 2280//3764 2296//3764
f 2280//3765 2293//3765 2296//3765
f 2279//3766 2296//3766 2292//3766
f 2296//3767 2293//3767 2297//3767
f 2285//3768 2287//3768 2298//3768
f 2298//3769 2287//3769 2299//3769
f 2300//3770 2301//3770 2302//3770
f 2298//3771 2299//3771 2300//3771
f 2299//3772 2301//3772 2300//3772
f 2302//3773 2301//3773 2303//3773
f 2299//3774 2304//3774 2301//3774
f 2301//3775 2305//3775 2303//3775
f 2301//3776 2304//3776 2305//3776
f 2286//3777 2306//3777 2287//3777
f 2287//3778 2306//3778 2307//3778
f 2299//3779 2287//3779 2307//3779
f 2286//3780 2288//3780 2306//3780
f 2306//3781 2288//3781 2308//3781
f 2306//3782 2309//3782 2307//3782
f 2306//3783 2308//3783 2309//3783
f 2308//3784 2310//3784 2309//3784
f 2299//3785 2307//3785 2304//3785
f 2307//3786 2311//3786 2304//3786
f 2304//3787 2312//3787 2305//3787
f 2307//3788 2309//3788 2311//3788
f 2309//3789 2313//3789 2311//3789
f 2304//3790 2311//3790 2312//3790
f 2311//3791 2314//3791 2312//3791
f 2302//3792 2315//3792 2316//3792
f 2315//3793 2317//3793 2316//3793
f 2315//3793 2318//3793 2317//3793
f 2302//3794 2303//3794 2315//3794
f 2315//3795 2303//3795 2318//3795
f 2318//3795 2303//3795 2319//3795
f 2318//3796 2320//3796 2317//3796
f 2318//3797 2319//3797 2320//3797
f 2319//3798 2321//3798 2320//3798
f 2319//3799 2322//3799 2321//3799
f 2303//3800 2305//3800 2319//3800
f 2319//3800 2305//3800 2323//3800
f 2319//3801 2323//3801 2322//3801
f 2323//3802 2324//3802 2322//3802
f 2321//3803 2322//3803 2325//3803
f 2322//3804 2326//3804 2325//3804
f 2325//3805 2326//3805 2327//3805
f 2326//3806 2328//3806 2327//3806
f 2322//3807 2324//3807 2326//3807
f 2323//3808 2329//3808 2324//3808
f 2326//3809 2330//3809 2328//3809
f 2330//3810 2331//3810 2328//3810
f 2326//3811 2324//3811 2330//3811
f 2324//3812 2332//3812 2330//3812
f 2330//3813 2333//3813 2331//3813
f 2330//3814 2332//3814 2333//3814
f 2333//3815 2332//3815 2334//3815
f 2333//3816 2335//3816 2331//3816
f 2333//3817 2336//3817 2335//3817
f 2305//2579 2312//2579 2323//2579
f 2323//2579 2312//2579 2329//2579
f 2312//2584 2314//2584 2329//2584
f 2329//3818 2332//3818 2324//3818
f 2329//3819 2337//3819 2332//3819
f 2288//3820 2290//3820 2308//3820
f 2290//3821 2291//3821 2338//3821
f 2308//3822 2290//3822 2338//3822
f 2291//3823 2339//3823 2338//3823
f 2291//3824 2340//3824 2339//3824
f 2308//3825 2338//3825 2310//3825
f 2338//3826 2339//3826 2310//3826
f 2339//3827 2340//3827 2341//3827
f 2339//3828 2341//3828 2310//3828
f 2309//3829 2310//3829 2313//3829
f 2310//3830 2341//3830 2313//3830
f 2291//3831 2292//3831 2340//3831
f 2296//3832 2342//3832 2292//3832
f 2292//3833 2342//3833 2340//3833
f 2340//3834 2342//3834 2343//3834
f 2296//3835 2297//3835 2342//3835
f 2342//3836 2297//3836 2344//3836
f 2341//3837 2340//3837 2343//3837
f 2342//3838 2344//3838 2343//3838
f 2341//3839 2343//3839 2345//3839
f 2343//3840 2346//3840 2345//3840
f 2343//3841 2344//3841 2346//3841
f 2344//3842 2347//3842 2346//3842
f 2346//3843 2347//3843 2348//3843
f 2347//3844 2349//3844 2348//3844
f 2311//3845 2313//3845 2314//3845
f 2313//3846 2345//3846 2314//3846
f 2341//3847 2345//3847 2313//3847
f 2345//3848 2350//3848 2314//3848
f 2346//3849 2350//3849 2345//3849
f 2346//3850 2348//3850 2350//3850
f 2333//3851 2334//3851 2336//3851
f 2336//3852 2334//3852 2351//3852
f 2336//3853 2352//3853 2335//3853
f 2336//3854 2353//3854 2352//3854
f 2351//3855 2354//3855 2353//3855
f 2336//3856 2351//3856 2353//3856
f 2355//3857 2349//3857 2356//3857
f 2355//3858 2357//3858 2358//3858
f 2355//3859 2356//3859 2357//3859
f 2359//3860 2360//3860 2354//3860
f 2361//3861 2362//3861 2360//3861
f 2358//3862 2359//3862 2363//3862
f 2351//3863 2363//3863 2359//3863
f 2351//3864 2359//3864 2354//3864
f 2358//3865 2357//3865 2361//3865
f 2358//3866 2361//3866 2359//3866
f 2359//3867 2361//3867 2360//3867
f 2329//2584 2314//2584 2337//2584
f 2314//3868 2350//3868 2337//3868
f 2332//3869 2337//3869 2334//3869
f 2337//3870 2363//3870 2334//3870
f 2337//3868 2350//3868 2364//3868
f 2337//3871 2364//3871 2363//3871
f 2351//3872 2334//3872 2363//3872
f 2350//3873 2348//3873 2364//3873
f 2364//3873 2348//3873 2355//3873
f 2364//3874 2355//3874 2358//3874
f 2364//3875 2358//3875 2363//3875
f 2348//3857 2349//3857 2355//3857
f 2365//3876 2366//3876 2367//3876
f 2367//3877 2366//3877 2368//3877
f 2327//3878 2328//3878 2369//3878
f 2369//3879 2328//3879 2370//3879
f 2370//3880 2328//3880 2371//3880
f 2369//3881 2370//3881 2365//3881
f 2370//3882 2371//3882 2366//3882
f 2365//3883 2370//3883 2366//3883
f 2371//3884 2372//3884 2366//3884
f 2371//3885 2373//3885 2372//3885
f 2374//3886 2375//3886 2376//3886
f 2374//3887 2376//3887 2377//3887
f 2378//3888 2377//3888 2376//3888
f 2379//3889 2378//3889 2380//3889
f 2379//3890 2377//3890 2378//3890
f 2381//3891 2382//3891 2383//3891
f 2384//3892 2383//3892 2382//3892
f 2385//3893 2383//3893 2384//3893
f 2386//3894 2387//3894 2388//3894
f 2386//3895 2389//3895 2387//3895
f 2388//3896 2387//3896 2390//3896
f 2381//3897 2391//3897 2388//3897
f 2386//3898 2388//3898 2391//3898
f 2389//3899 2380//3899 2387//3899
f 2379//3900 2380//3900 2389//3900
f 2387//3901 2380//3901 2392//3901
f 2388//3902 2390//3902 2382//3902
f 2381//3903 2388//3903 2382//3903
f 2382//3904 2390//3904 2393//3904
f 2387//3905 2392//3905 2390//3905
f 2394//3906 2395//3906 2396//3906
f 2395//3907 2397//3907 2396//3907
f 2395//3908 2398//3908 2397//3908
f 2366//3909 2372//3909 2394//3909
f 2368//3910 2366//3910 2394//3910
f 2395//3911 2372//3911 2399//3911
f 2395//3912 2399//3912 2400//3912
f 2394//3913 2372//3913 2395//3913
f 2375//3914 2398//3914 2376//3914
f 2375//3915 2397//3915 2398//3915
f 2398//3916 2401//3916 2376//3916
f 2378//3917 2376//3917 2402//3917
f 2398//3918 2400//3918 2401//3918
f 2395//3919 2400//3919 2398//3919
f 2376//3920 2401//3920 2402//3920
f 2399//3921 2373//3921 2403//3921
f 2372//3922 2373//3922 2399//3922
f 2399//3923 2403//3923 2404//3923
f 2399//3924 2404//3924 2400//3924
f 2400//3925 2404//3925 2405//3925
f 2400//3926 2405//3926 2401//3926
f 2378//3927 2402//3927 2406//3927
f 2378//3928 2406//3928 2380//3928
f 2380//3929 2406//3929 2392//3929
f 2407//3930 2406//3930 2402//3930
f 2392//3931 2408//3931 2409//3931
f 2390//3932 2392//3932 2409//3932
f 2407//3933 2408//3933 2406//3933
f 2406//3934 2408//3934 2392//3934
f 2401//3935 2410//3935 2402//3935
f 2410//3936 2407//3936 2402//3936
f 2401//3937 2405//3937 2410//3937
f 2410//3938 2362//3938 2407//3938
f 2371//3939 2328//3939 2331//3939
f 2371//3940 2331//3940 2373//3940
f 2331//3941 2335//3941 2373//3941
f 2335//3942 2403//3942 2373//3942
f 2335//3943 2352//3943 2403//3943
f 2403//3944 2352//3944 2404//3944
f 2404//3945 2352//3945 2353//3945
f 2404//3946 2353//3946 2354//3946
f 2404//3947 2354//3947 2405//3947
f 2410//3948 2405//3948 2360//3948
f 2354//3949 2360//3949 2405//3949
f 2410//3950 2360//3950 2362//3950
f 2411//3951 2412//3951 2413//3951
f 2411//3952 2414//3952 2412//3952
f 2411//3953 2415//3953 2414//3953
f 2415//3954 2416//3954 2414//3954
f 2415//3955 2417//3955 2416//3955
f 2416//3956 2417//3956 2418//3956
f 2417//3957 2419//3957 2418//3957
f 2418//3958 2419//3958 2420//3958
f 2419//3959 2421//3959 2420//3959
f 2422//3960 2423//3960 2424//3960
f 2420//3961 2421//3961 2425//3961
f 2425//3961 2421//3961 2426//3961
f 2425//3962 2426//3962 2427//3962
f 2426//3963 2428//3963 2427//3963
f 2428//3964 2422//3964 2429//3964
f 2427//3965 2428//3965 2429//3965
f 2429//3966 2422//3966 2424//3966
f 2430//3967 2431//3967 2432//3967
f 2432//3968 2424//3968 2423//3968
f 2430//3969 2432//3969 2423//3969
f 2033//3970 2034//3970 2411//3970
f 2033//3971 2411//3971 2413//3971
f 2034//3972 2433//3972 2411//3972
f 2034//3973 2434//3973 2433//3973
f 2034//3974 2031//3974 2434//3974
f 2031//3975 2086//3975 2434//3975
f 2411//3976 2433//3976 2435//3976
f 2411//3977 2435//3977 2415//3977
f 2415//3978 2435//3978 2436//3978
f 2433//3979 2434//3979 2437//3979
f 2433//3980 2437//3980 2435//3980
f 2434//3981 2438//3981 2437//3981
f 2435//3982 2437//3982 2436//3982
f 2437//3983 2438//3983 2439//3983
f 2029//3984 2089//3984 2086//3984
f 2086//3985 2089//3985 2440//3985
f 2434//3986 2086//3986 2438//3986
f 2086//3987 2440//3987 2438//3987
f 2089//3988 2091//3988 2440//3988
f 2091//3989 2441//3989 2440//3989
f 2440//3990 2442//3990 2438//3990
f 2438//3991 2442//3991 2439//3991
f 2440//3992 2441//3992 2442//3992
f 2442//3993 2441//3993 2443//3993
f 2441//3994 2444//3994 2443//3994
f 2444//3995 2445//3995 2446//3995
f 2415//3996 2436//3996 2417//3996
f 2437//3997 2439//3997 2436//3997
f 2417//3998 2436//3998 2447//3998
f 2417//3999 2447//3999 2419//3999
f 2419//4000 2447//4000 2448//4000
f 2419//4001 2448//4001 2421//4001
f 2436//4002 2439//4002 2447//4002
f 2439//4003 2449//4003 2447//4003
f 2447//4004 2449//4004 2448//4004
f 2449//4005 2450//4005 2448//4005
f 2442//4006 2449//4006 2439//4006
f 2442//4007 2443//4007 2449//4007
f 2443//4008 2446//4008 2450//4008
f 2449//4009 2443//4009 2450//4009
f 2444//4010 2446//4010 2443//4010
f 2451//4011 2452//4011 2423//4011
f 2451//4012 2453//4012 2452//4012
f 2454//4013 2455//4013 2453//4013
f 2456//4014 2445//4014 2457//4014
f 2456//4015 2457//4015 2458//4015
f 2459//4016 2117//4016 2460//4016
f 2461//4017 2460//4017 2455//4017
f 2461//4018 2455//4018 2454//4018
f 2461//4019 2462//4019 2459//4019
f 2458//4020 2459//4020 2462//4020
f 2461//4021 2459//4021 2460//4021
f 2426//4022 2463//4022 2428//4022
f 2428//4023 2463//4023 2464//4023
f 2448//2872 2450//2872 2463//2872
f 2463//2872 2450//2872 2465//2872
f 2463//4024 2466//4024 2464//4024
f 2463//4025 2465//4025 2466//4025
f 2421//4026 2448//4026 2426//4026
f 2426//4026 2448//4026 2463//4026
f 2422//4027 2464//4027 2451//4027
f 2428//4028 2464//4028 2422//4028
f 2422//4029 2451//4029 2423//4029
f 2464//4030 2454//4030 2451//4030
f 2464//4031 2466//4031 2454//4031
f 2451//4032 2454//4032 2453//4032
f 2450//2926 2446//2926 2465//2926
f 2465//2926 2446//2926 2456//2926
f 2465//4033 2456//4033 2462//4033
f 2465//4034 2462//4034 2466//4034
f 2446//4014 2445//4014 2456//4014
f 2456//4035 2458//4035 2462//4035
f 2461//4036 2454//4036 2466//4036
f 2461//4037 2466//4037 2462//4037
f 2099//4038 2467//4038 2091//4038
f 2091//4039 2467//4039 2441//4039
f 2101//4040 2468//4040 2467//4040
f 2467//4041 2468//4041 2444//4041
f 2099//4042 2101//4042 2467//4042
f 2101//4043 2103//4043 2468//4043
f 2468//4044 2103//4044 2469//4044
f 2441//4045 2467//4045 2444//4045
f 2444//4046 2468//4046 2445//4046
f 2468//4047 2469//4047 2445//4047
f 2103//4048 2111//4048 2469//4048
f 2469//4048 2111//4048 2470//4048
f 2113//4049 2471//4049 2111//4049
f 2111//4050 2471//4050 2470//4050
f 2469//4051 2470//4051 2457//4051
f 2469//4051 2457//4051 2445//4051
f 2458//4052 2457//4052 2471//4052
f 2470//4053 2471//4053 2457//4053
f 2113//4054 2472//4054 2471//4054
f 2458//4055 2471//4055 2472//4055
f 2116//4056 2117//4056 2472//4056
f 2459//4057 2472//4057 2117//4057
f 2113//4058 2116//4058 2472//4058
f 2458//4059 2472//4059 2459//4059
f 2157//4060 2430//4060 2473//4060
f 2156//4061 2431//4061 2430//4061
f 2156//4062 2430//4062 2157//4062
f 2157//4063 2473//4063 2474//4063
f 2157//4064 2474//4064 2155//4064
f 2155//4065 2474//4065 2158//4065
f 2430//4066 2423//4066 2452//4066
f 2430//4067 2452//4067 2473//4067
f 2473//4068 2452//4068 2453//4068
f 2473//4069 2453//4069 2474//4069
f 2474//4070 2453//4070 2455//4070
f 2158//4071 2460//4071 2162//4071
f 2474//4072 2455//4072 2158//4072
f 2158//4073 2455//4073 2460//4073
f 2151//4074 2158//4074 2162//4074
f 2162//4075 2460//4075 2117//4075
f 2475//4076 2476//4076 2477//4076
f 2475//4077 2477//4077 2478//4077
f 2477//4078 2479//4078 2478//4078
f 2478//4079 2479//4079 2480//4079
f 2479//4080 2481//4080 2480//4080
f 2481//4081 2482//4081 2483//4081
f 2481//4082 2483//4082 2480//4082
f 2482//4083 2484//4083 2483//4083
f 2482//4084 2485//4084 2484//4084
f 2486//4085 2487//4085 2488//4085
f 2485//4086 2489//4086 2484//4086
f 2485//4086 2490//4086 2489//4086
f 2490//4087 2491//4087 2489//4087
f 2490//4088 2492//4088 2491//4088
f 2492//4089 2486//4089 2493//4089
f 2492//4090 2493//4090 2491//4090
f 2486//4091 2488//4091 2493//4091
f 2494//4092 2495//4092 2496//4092
f 2494//4093 2488//4093 2487//4093
f 2494//4094 2487//4094 2495//4094
f 2264//4095 2476//4095 2497//4095
f 2475//4096 2497//4096 2476//4096
f 2264//4097 2497//4097 2262//4097
f 2262//4098 2497//4098 2263//4098
f 2475//4099 2498//4099 2497//4099
f 2497//4100 2498//4100 2289//4100
f 2475//4101 2478//4101 2498//4101
f 2478//4102 2499//4102 2498//4102
f 2263//4103 2497//4103 2289//4103
f 2270//4104 2289//4104 2294//4104
f 2289//4105 2500//4105 2294//4105
f 2498//4106 2500//4106 2289//4106
f 2498//4107 2499//4107 2500//4107
f 2500//4108 2501//4108 2502//4108
f 2478//4109 2480//4109 2499//4109
f 2500//4110 2499//4110 2501//4110
f 2480//4111 2503//4111 2499//4111
f 2480//4112 2483//4112 2503//4112
f 2483//4113 2504//4113 2503//4113
f 2483//4114 2484//4114 2504//4114
f 2499//4115 2503//4115 2501//4115
f 2501//4116 2503//4116 2505//4116
f 2503//4117 2504//4117 2505//4117
f 2505//4118 2504//4118 2506//4118
f 2294//4119 2502//4119 2295//4119
f 2295//4120 2502//4120 2507//4120
f 2500//4121 2502//4121 2294//4121
f 2501//4122 2508//4122 2502//4122
f 2502//4123 2508//4123 2507//4123
f 2293//4124 2295//4124 2507//4124
f 2293//4125 2507//4125 2297//4125
f 2507//4126 2509//4126 2297//4126
f 2507//4127 2508//4127 2509//4127
f 2508//4128 2510//4128 2509//4128
f 2509//4129 2510//4129 2511//4129
f 2511//4130 2512//4130 2513//4130
f 2501//4131 2505//4131 2508//4131
f 2508//4132 2505//4132 2510//4132
f 2505//4133 2506//4133 2510//4133
f 2510//4134 2506//4134 2512//4134
f 2511//4135 2510//4135 2512//4135
f 2514//4136 2488//4136 2515//4136
f 2514//4137 2515//4137 2516//4137
f 2517//4138 2516//4138 2518//4138
f 2489//4139 2491//4139 2519//4139
f 2491//4140 2520//4140 2519//4140
f 2484//4141 2489//4141 2504//4141
f 2489//4141 2519//4141 2504//4141
f 2504//1813 2519//1813 2506//1813
f 2519//1813 2521//1813 2506//1813
f 2519//4142 2520//4142 2522//4142
f 2519//4143 2522//4143 2521//4143
f 2493//4144 2514//4144 2520//4144
f 2491//4145 2493//4145 2520//4145
f 2493//4146 2488//4146 2514//4146
f 2520//4147 2514//4147 2517//4147
f 2520//4148 2517//4148 2522//4148
f 2514//4149 2516//4149 2517//4149
f 2523//4150 2524//4150 2513//4150
f 2523//4151 2525//4151 2524//4151
f 2517//4152 2518//4152 2526//4152
f 2526//4153 2518//4153 2527//4153
f 2528//4154 2527//4154 2362//4154
f 2526//4155 2528//4155 2529//4155
f 2525//4156 2529//4156 2528//4156
f 2526//4157 2527//4157 2528//4157
f 2506//1860 2521//1860 2512//1860
f 2521//1860 2523//1860 2512//1860
f 2521//4158 2522//4158 2529//4158
f 2521//4159 2529//4159 2523//4159
f 2512//4150 2523//4150 2513//4150
f 2523//4160 2529//4160 2525//4160
f 2522//4161 2517//4161 2526//4161
f 2522//4162 2526//4162 2529//4162
f 2297//4163 2509//4163 2530//4163
f 2344//4164 2297//4164 2530//4164
f 2530//4165 2511//4165 2531//4165
f 2347//4166 2530//4166 2531//4166
f 2509//4167 2511//4167 2530//4167
f 2511//4168 2513//4168 2531//4168
f 2531//4169 2513//4169 2532//4169
f 2344//4170 2530//4170 2347//4170
f 2347//4171 2531//4171 2349//4171
f 2531//4172 2532//4172 2349//4172
f 2513//4173 2524//4173 2532//4173
f 2524//4173 2533//4173 2532//4173
f 2525//4174 2534//4174 2524//4174
f 2524//4175 2534//4175 2533//4175
f 2532//4176 2356//4176 2349//4176
f 2532//4176 2533//4176 2356//4176
f 2357//4177 2356//4177 2534//4177
f 2533//4178 2534//4178 2356//4178
f 2525//4179 2535//4179 2534//4179
f 2357//4180 2534//4180 2535//4180
f 2528//4181 2362//4181 2535//4181
f 2361//4182 2535//4182 2362//4182
f 2525//4183 2528//4183 2535//4183
f 2357//4184 2535//4184 2361//4184
f 2494//4185 2496//4185 2536//4185
f 2384//4186 2536//4186 2496//4186
f 2385//4187 2384//4187 2496//4187
f 2384//4188 2382//4188 2536//4188
f 2494//4189 2515//4189 2488//4189
f 2494//4190 2536//4190 2515//4190
f 2536//4191 2393//4191 2515//4191
f 2393//4192 2409//4192 2516//4192
f 2382//4193 2393//4193 2536//4193
f 2390//4194 2409//4194 2393//4194
f 2515//4195 2393//4195 2516//4195
f 2409//4196 2408//4196 2518//4196
f 2408//4197 2527//4197 2518//4197
f 2516//4198 2409//4198 2518//4198
f 2407//4199 2527//4199 2408//4199
f 2407//4200 2362//4200 2527//4200
f 2537//4201 48//4201 47//4201
f 2537//4202 81//4202 48//4202
f 2537//4203 77//4203 81//4203
f 2537//4204 78//4204 77//4204
f 2537//4205 79//4205 78//4205
f 2537//4206 80//4206 79//4206
f 2537//4207 197//4207 182//4207
f 2537//4208 196//4208 197//4208
f 2537//4209 182//4209 181//4209
f 2537//4210 193//4210 192//4210
f 2537//4211 190//4211 193//4211
f 2537//4212 195//4212 190//4212
f 2537//4213 47//4213 195//4213
f 2537//4214 191//4214 196//4214
f 2537//4215 194//4215 191//4215
f 2537//4216 192//4216 194//4216
f 2537//4217 184//4217 186//4217
f 2537//4218 186//4218 199//4218
f 2537//4219 181//4219 187//4219
f 2537//4220 187//4220 184//4220
f 2537//4221 2538//4221 2539//4221
f 2537//4222 2540//4222 83//4222
f 2537//4223 82//4223 80//4223
f 2537//4224 83//4224 82//4224
f 83//4225 2540//4225 84//4225
f 84//4226 2540//4226 85//4226
f 2540//4227 86//4227 85//4227
f 2540//4228 75//4228 86//4228
f 2540//4229 76//4229 75//4229
f 2540//4230 290//4230 289//4230
f 2540//4231 289//4231 304//4231
f 2540//4232 304//4232 303//4232
f 2540//4233 300//4233 297//4233
f 2540//4234 301//4234 300//4234
f 2540//4235 302//4235 76//4235
f 2540//4236 297//4236 302//4236
f 2540//4237 298//4237 301//4237
f 2540//4238 303//4238 299//4238
f 2540//4239 299//4239 298//4239
f 2540//4240 293//4240 291//4240
f 2540//4241 308//4241 293//4241
f 2540//4242 291//4242 294//4242
f 2540//4243 294//4243 290//4243
f 2537//4244 2541//4244 2540//4244
f 2540//4245 2541//4245 2542//4245
f 2543//4221 2544//4221 2545//4221
f 2543//4246 132//4246 133//4246
f 2543//4247 133//4247 165//4247
f 2543//4248 165//4248 164//4248
f 2543//4249 164//4249 161//4249
f 2543//4250 161//4250 162//4250
f 2543//4251 417//4251 418//4251
f 2543//4252 418//4252 132//4252
f 2543//4253 420//4253 419//4253
f 2543//4254 419//4254 417//4254
f 2543//4255 428//4255 427//4255
f 2543//4256 427//4256 435//4256
f 2543//4257 432//4257 428//4257
f 2543//4258 435//4258 422//4258
f 2543//4259 422//4259 421//4259
f 2543//4260 421//4260 420//4260
f 2543//4261 434//4261 433//4261
f 2543//4262 430//4262 432//4262
f 2543//4263 433//4263 430//4263
f 2543//4264 437//4264 434//4264
f 2543//4265 2546//4265 2544//4265
f 2546//4245 2547//4245 2548//4245
f 2543//4266 162//4266 2546//4266
f 162//4267 163//4267 2546//4267
f 163//4268 166//4268 2546//4268
f 166//4269 167//4269 2546//4269
f 167//4270 168//4270 2546//4270
f 168//4271 169//4271 2546//4271
f 2546//4248 169//4248 170//4248
f 2546//4272 170//4272 160//4272
f 2546//4273 160//4273 159//4273
f 2546//4274 159//4274 526//4274
f 2546//4275 526//4275 525//4275
f 2546//4276 525//4276 524//4276
f 2546//4277 524//4277 527//4277
f 2546//4278 534//4278 535//4278
f 2546//4279 542//4279 534//4279
f 2546//4280 541//4280 542//4280
f 2546//4281 527//4281 528//4281
f 2546//4282 529//4282 541//4282
f 2546//4283 528//4283 529//4283
f 2546//4284 538//4284 540//4284
f 2546//4285 539//4285 538//4285
f 2546//4286 535//4286 539//4286
f 2546//4287 540//4287 547//4287
f 2537//4221 2539//4221 2544//4221
f 2545//4221 2544//4221 2539//4221
f 2537//4244 2544//4244 2541//4244
f 2542//4245 2541//4245 2548//4245
f 2546//4265 2541//4265 2544//4265
f 2546//4245 2548//4245 2541//4245
f 2549//4288 270//4288 247//4288
f 2549//4289 247//4289 246//4289
f 2549//4290 246//4290 250//4290
f 2549//4291 250//4291 251//4291
f 2549//4221 2550//4221 2551//4221
f 2537//4292 199//4292 2549//4292
f 2549//4293 199//4293 269//4293
f 2549//4294 269//4294 270//4294
f 2537//4221 2549//4221 2538//4221
f 2538//4221 2549//4221 2551//4221
f 2549//4295 251//4295 263//4295
f 2549//4296 263//4296 264//4296
f 2549//4297 264//4297 265//4297
f 2549//4298 265//4298 260//4298
f 2552//4299 267//4299 307//4299
f 2552//4300 266//4300 267//4300
f 2552//4301 260//4301 266//4301
f 2549//4302 260//4302 2552//4302
f 2552//4303 2553//4303 2550//4303
f 2552//4245 2554//4245 2553//4245
f 2549//4303 2552//4303 2550//4303
f 2552//4245 2555//4245 2554//4245
f 2540//4304 2552//4304 308//4304
f 2552//4305 307//4305 306//4305
f 2552//4306 306//4306 308//4306
f 2540//4245 2542//4245 2555//4245
f 2540//4245 2555//4245 2552//4245
f 2550//4221 2556//4221 2557//4221
f 2551//4221 2550//4221 2557//4221
f 2557//4221 2556//4221 2558//4221
f 309//4307 2556//4307 369//4307
f 368//4308 369//4308 2556//4308
f 309//4309 311//4309 2556//4309
f 314//4310 316//4310 2556//4310
f 311//4311 314//4311 2556//4311
f 2550//4312 2553//4312 2556//4312
f 2553//4245 2554//4245 2559//4245
f 2553//4313 368//4313 2556//4313
f 2553//4314 386//4314 318//4314
f 2553//4315 387//4315 386//4315
f 2553//4316 328//4316 387//4316
f 2553//4317 366//4317 365//4317
f 2553//4318 365//4318 368//4318
f 2553//4319 318//4319 366//4319
f 2553//4320 335//4320 328//4320
f 2553//4321 337//4321 335//4321
f 2553//4322 388//4322 337//4322
f 2553//4323 389//4323 388//4323
f 2553//4324 390//4324 389//4324
f 2553//4325 342//4325 390//4325
f 2553//4326 398//4326 397//4326
f 2553//4327 400//4327 398//4327
f 2553//4328 397//4328 342//4328
f 2553//4329 404//4329 400//4329
f 2553//4330 405//4330 404//4330
f 2553//4331 406//4331 405//4331
f 2553//4332 2560//4332 406//4332
f 2553//4245 2559//4245 2560//4245
f 406//4333 2560//4333 407//4333
f 407//4310 2560//4310 408//4310
f 2561//4334 486//4334 509//4334
f 2561//4335 487//4335 486//4335
f 2561//4336 490//4336 487//4336
f 2543//4337 2561//4337 437//4337
f 2543//4221 2545//4221 2562//4221
f 2561//4338 508//4338 437//4338
f 2561//4339 509//4339 508//4339
f 2543//4221 2562//4221 2561//4221
f 2561//4221 2563//4221 2564//4221
f 2561//4221 2562//4221 2563//4221
f 2565//4340 491//4340 490//4340
f 2565//4341 503//4341 491//4341
f 2565//4342 505//4342 500//4342
f 2565//4343 504//4343 503//4343
f 2565//4344 500//4344 504//4344
f 2565//4345 548//4345 507//4345
f 2565//4346 507//4346 506//4346
f 2565//4347 506//4347 505//4347
f 2561//4348 2565//4348 490//4348
f 2546//4349 547//4349 2565//4349
f 2565//4339 546//4339 548//4339
f 2565//4350 547//4350 546//4350
f 2546//4245 2565//4245 2547//4245
f 2547//4245 2565//4245 2566//4245
f 2561//4351 2567//4351 2565//4351
f 2565//4245 2567//4245 2566//4245
f 2561//4351 2564//4351 2567//4351
f 2564//4221 2563//4221 2568//4221
f 2564//4221 2568//4221 2569//4221
f 2564//4352 584//4352 562//4352
f 2564//4353 2569//4353 550//4353
f 2564//4354 599//4354 596//4354
f 2564//4355 596//4355 556//4355
f 2564//4356 601//4356 599//4356
f 2564//4357 582//4357 583//4357
f 2564//4358 556//4358 582//4358
f 2564//4359 583//4359 584//4359
f 2564//4360 549//4360 614//4360
f 2564//4361 614//4361 601//4361
f 2564//4362 550//4362 549//4362
f 553//4363 2569//4363 555//4363
f 550//4364 2569//4364 553//4364
f 2566//4245 2567//4245 2570//4245
f 2564//4365 2571//4365 2567//4365
f 2567//4245 2571//4245 2570//4245
f 2564//4366 562//4366 571//4366
f 2564//4367 571//4367 574//4367
f 2564//4368 574//4368 585//4368
f 2564//4369 585//4369 586//4369
f 2564//4370 586//4370 581//4370
f 2564//4371 581//4371 632//4371
f 2564//4372 632//4372 634//4372
f 2564//4373 634//4373 636//4373
f 2564//4374 636//4374 2571//4374
f 2570//4245 2571//4245 2572//4245
f 636//4375 637//4375 2571//4375
f 637//4376 643//4376 2571//4376
f 643//4377 644//4377 2571//4377
f 644//4378 647//4378 2571//4378
f 647//4363 648//4363 2571//4363
f 2556//4379 316//4379 650//4379
f 2556//4380 650//4380 652//4380
f 2556//4221 2573//4221 2558//4221
f 2556//4381 652//4381 2573//4381
f 652//4382 653//4382 2573//4382
f 653//4383 673//4383 2573//4383
f 673//4384 674//4384 2573//4384
f 674//4385 678//4385 2573//4385
f 678//4386 680//4386 2573//4386
f 680//4387 682//4387 2573//4387
f 682//4388 715//4388 2573//4388
f 715//4389 716//4389 2573//4389
f 716//4390 717//4390 2573//4390
f 717//4391 706//4391 2573//4391
f 2558//4221 2573//4221 2574//4221
f 725//4392 2560//4392 726//4392
f 408//4379 2560//4379 725//4379
f 726//4393 2560//4393 728//4393
f 729//4394 2560//4394 730//4394
f 729//4395 728//4395 2560//4395
f 712//4396 719//4396 2573//4396
f 734//4397 2573//4397 714//4397
f 733//4398 730//4398 2573//4398
f 734//4399 733//4399 2573//4399
f 718//4400 714//4400 2573//4400
f 718//4401 2573//4401 719//4401
f 730//4402 2560//4402 2573//4402
f 706//4403 710//4403 2573//4403
f 710//4404 712//4404 2573//4404
f 2560//4245 2559//4245 2575//4245
f 2560//4405 2576//4405 2573//4405
f 2560//4245 2575//4245 2576//4245
f 2576//4245 2575//4245 2577//4245
f 2573//4221 2578//4221 2574//4221
f 2574//4221 2578//4221 2579//4221
f 2578//4406 773//4406 845//4406
f 2578//4407 779//4407 774//4407
f 2578//4408 774//4408 773//4408
f 2579//4221 2578//4221 2580//4221
f 2578//4409 845//4409 846//4409
f 2578//4410 846//4410 737//4410
f 2578//4411 737//4411 2580//4411
f 2579//4221 2580//4221 2581//4221
f 2573//4412 2576//4412 2578//4412
f 2576//4412 2582//4412 2578//4412
f 2576//4245 2577//4245 2582//4245
f 2578//4413 2582//4413 779//4413
f 2582//4414 798//4414 780//4414
f 2582//4415 780//4415 779//4415
f 2582//4416 799//4416 798//4416
f 2582//4417 800//4417 799//4417
f 2582//4418 802//4418 800//4418
f 2582//4419 803//4419 802//4419
f 2582//4420 805//4420 803//4420
f 2582//4421 858//4421 805//4421
f 2577//4245 2583//4245 2582//4245
f 2582//4422 859//4422 858//4422
f 2582//4423 862//4423 859//4423
f 2582//4424 2584//4424 862//4424
f 2582//4245 2583//4245 2584//4245
f 737//4425 736//4425 2580//4425
f 736//4426 738//4426 2580//4426
f 743//4427 2580//4427 744//4427
f 738//4428 744//4428 2580//4428
f 749//4429 754//4429 2580//4429
f 754//4430 755//4430 2580//4430
f 743//4431 749//4431 2580//4431
f 755//4432 756//4432 2580//4432
f 756//4433 757//4433 2580//4433
f 757//4434 759//4434 2580//4434
f 759//4435 761//4435 2580//4435
f 761//4436 762//4436 2580//4436
f 762//4437 765//4437 2580//4437
f 765//4438 767//4438 2580//4438
f 767//4439 922//4439 2580//4439
f 2580//4440 922//4440 949//4440
f 2580//4441 949//4441 950//4441
f 2580//4442 950//4442 951//4442
f 2580//4443 951//4443 952//4443
f 2580//4221 2585//4221 2581//4221
f 862//4444 2584//4444 863//4444
f 863//4445 2584//4445 867//4445
f 867//4446 2584//4446 869//4446
f 869//4447 2584//4447 870//4447
f 870//4448 2584//4448 874//4448
f 874//4449 2584//4449 883//4449
f 883//4450 2584//4450 884//4450
f 889//4451 887//4451 2584//4451
f 884//4452 2584//4452 885//4452
f 885//4453 2584//4453 887//4453
f 890//4454 2584//4454 891//4454
f 889//4455 2584//4455 890//4455
f 895//4456 2584//4456 896//4456
f 891//4457 2584//4457 895//4457
f 952//4458 953//4458 2584//4458
f 953//4459 955//4459 2584//4459
f 955//4460 956//4460 2584//4460
f 958//4461 2584//4461 954//4461
f 958//4462 948//4462 2584//4462
f 956//4463 957//4463 2584//4463
f 957//4464 954//4464 2584//4464
f 896//4465 2584//4465 948//4465
f 2580//4466 952//4466 2584//4466
f 2580//4467 2584//4467 2585//4467
f 2584//4245 2583//4245 2586//4245
f 2581//4221 2585//4221 2587//4221
f 2585//4221 2588//4221 2587//4221
f 2584//4467 2589//4467 2585//4467
f 2584//4245 2586//4245 2589//4245
f 2585//4468 2589//4468 2588//4468
f 2589//4245 2586//4245 2590//4245
f 2587//4221 2588//4221 2591//4221
f 2588//4469 968//4469 969//4469
f 2588//4470 961//4470 968//4470
f 2588//4471 959//4471 961//4471
f 2588//4472 962//4472 959//4472
f 2588//4473 965//4473 962//4473
f 2588//4474 969//4474 997//4474
f 2588//4475 1043//4475 1044//4475
f 2588//4476 997//4476 1043//4476
f 2588//4477 1045//4477 1048//4477
f 2588//4478 1044//4478 1045//4478
f 2588//4479 1052//4479 1057//4479
f 2588//4480 1050//4480 1052//4480
f 2588//4481 1048//4481 1050//4481
f 2588//4482 1058//4482 1060//4482
f 2588//4483 1057//4483 1058//4483
f 2588//4484 1060//4484 1063//4484
f 2588//4485 1063//4485 1066//4485
f 2588//4486 1066//4486 1067//4486
f 2588//4487 1067//4487 1069//4487
f 2588//4488 1069//4488 1071//4488
f 2589//4468 2592//4468 2588//4468
f 2589//4245 2590//4245 2592//4245
f 2588//4489 2592//4489 973//4489
f 2588//4490 971//4490 965//4490
f 2588//4491 973//4491 971//4491
f 973//4492 2592//4492 975//4492
f 975//4493 2592//4493 977//4493
f 2592//4470 979//4470 977//4470
f 2592//4494 980//4494 979//4494
f 2592//4495 1038//4495 980//4495
f 2592//4496 1144//4496 1038//4496
f 2592//4497 1145//4497 1144//4497
f 2592//4498 1148//4498 1145//4498
f 2592//4499 1149//4499 1148//4499
f 2592//4500 1151//4500 1149//4500
f 2592//4501 1161//4501 1154//4501
f 2592//4502 1154//4502 1151//4502
f 2592//4503 1171//4503 1164//4503
f 2592//4504 1164//4504 1163//4504
f 2592//4505 1163//4505 1161//4505
f 2592//4506 1174//4506 1172//4506
f 2592//4507 1172//4507 1171//4507
f 2592//4508 1175//4508 1174//4508
f 2592//4509 1178//4509 1175//4509
f 2591//4221 2588//4221 2593//4221
f 2588//4510 1071//4510 2593//4510
f 1071//4511 1111//4511 2593//4511
f 1111//4512 1114//4512 2593//4512
f 2591//4221 2593//4221 2594//4221
f 1114//4513 1115//4513 2593//4513
f 1115//4514 1122//4514 2593//4514
f 1122//4515 1123//4515 2593//4515
f 1123//4516 1126//4516 2593//4516
f 2593//4221 2595//4221 2594//4221
f 2592//4517 2596//4517 1178//4517
f 1180//4518 2596//4518 1181//4518
f 1180//4519 1178//4519 2596//4519
f 2590//4245 2597//4245 2592//4245
f 2592//4245 2597//4245 2596//4245
f 1126//4520 1139//4520 2593//4520
f 1139//4521 1140//4521 2593//4521
f 1140//4522 1141//4522 2593//4522
f 1141//4523 1136//4523 2593//4523
f 1181//4524 2596//4524 1143//4524
f 1142//4525 1143//4525 2596//4525
f 1136//4526 1142//4526 2596//4526
f 1136//4527 2596//4527 2593//4527
f 2593//4528 2596//4528 2595//4528
f 2596//4245 2597//4245 2598//4245
f 2596//4528 2599//4528 2595//4528
f 2596//4245 2598//4245 2599//4245
f 2594//4221 2595//4221 2600//4221
f 2600//4221 2595//4221 2601//4221
f 2600//4221 2601//4221 2602//4221
f 1183//4529 2601//4529 1229//4529
f 1228//4530 1229//4530 2601//4530
f 1183//4531 1185//4531 2601//4531
f 1187//4532 1189//4532 2601//4532
f 1185//4533 1187//4533 2601//4533
f 2595//4534 2599//4534 2601//4534
f 2598//4245 2603//4245 2599//4245
f 2599//4535 1228//4535 2601//4535
f 2599//4536 1192//4536 1191//4536
f 2599//4537 1194//4537 1192//4537
f 2599//4538 1196//4538 1194//4538
f 2599//4539 1191//4539 1223//4539
f 2599//4540 1223//4540 1222//4540
f 2599//4541 1222//4541 1228//4541
f 2599//4542 1197//4542 1196//4542
f 2599//4543 1199//4543 1197//4543
f 2599//4544 1201//4544 1199//4544
f 2599//4545 1204//4545 1201//4545
f 2599//4546 1205//4546 1204//4546
f 2599//4547 1206//4547 1205//4547
f 2599//4548 1266//4548 1206//4548
f 2599//4549 1267//4549 1266//4549
f 2599//4550 1269//4550 1267//4550
f 2599//4551 1271//4551 1269//4551
f 2599//4552 1273//4552 1271//4552
f 2599//4553 1276//4553 1273//4553
f 2599//4554 2604//4554 1276//4554
f 2599//4245 2603//4245 2604//4245
f 1276//4555 2604//4555 1278//4555
f 1278//4532 2604//4532 1280//4532
f 2569//4556 1284//4556 555//4556
f 2569//4557 1286//4557 1284//4557
f 2569//4558 1287//4558 1286//4558
f 2569//4559 1300//4559 1287//4559
f 2569//4560 1310//4560 1300//4560
f 2569//4221 2568//4221 2605//4221
f 2569//4221 2605//4221 2606//4221
f 2606//4221 2605//4221 2607//4221
f 1358//4561 1359//4561 2571//4561
f 648//4556 1358//4556 2571//4556
f 2569//4562 2608//4562 1310//4562
f 1310//4563 2608//4563 1311//4563
f 1311//4564 2608//4564 1314//4564
f 1314//4565 2608//4565 1316//4565
f 1316//4566 2608//4566 1349//4566
f 1349//4567 2608//4567 1350//4567
f 1350//4568 2608//4568 1340//4568
f 1366//4569 2608//4569 1363//4569
f 1368//4570 2608//4570 1366//4570
f 1368//4571 1348//4571 2608//4571
f 1351//4572 2608//4572 1352//4572
f 1353//4573 1352//4573 2608//4573
f 1353//4574 2608//4574 1348//4574
f 1359//4575 1362//4575 2608//4575
f 1364//4576 1363//4576 2608//4576
f 1364//4577 2608//4577 1362//4577
f 1359//4578 2608//4578 2571//4578
f 1340//4579 2608//4579 1344//4579
f 1344//4580 2608//4580 1346//4580
f 1346//4581 2608//4581 1351//4581
f 2571//4245 2608//4245 2572//4245
f 2569//4582 2606//4582 2608//4582
f 2572//4245 2608//4245 2609//4245
f 2606//4221 2607//4221 2610//4221
f 2610//4583 1447//4583 1403//4583
f 2610//4584 1402//4584 1406//4584
f 2610//4585 1406//4585 1408//4585
f 2610//4586 1403//4586 1402//4586
f 2607//4221 2611//4221 2610//4221
f 2610//4587 1448//4587 1447//4587
f 2610//4588 1370//4588 1448//4588
f 2610//4589 2612//4589 1370//4589
f 2610//4221 2611//4221 2612//4221
f 2606//4590 2613//4590 2608//4590
f 2608//4245 2613//4245 2609//4245
f 2609//4245 2613//4245 2614//4245
f 2606//4590 2610//4590 2613//4590
f 2610//4591 1430//4591 2613//4591
f 2610//4592 1408//4592 1425//4592
f 2610//4593 1425//4593 1426//4593
f 2610//4594 1426//4594 1429//4594
f 2610//4595 1429//4595 1430//4595
f 2613//4596 1430//4596 1434//4596
f 2613//4597 1434//4597 1436//4597
f 2613//4598 1436//4598 1487//4598
f 2614//4245 2613//4245 2615//4245
f 2613//4587 1487//4587 1488//4587
f 2613//4599 1488//4599 1489//4599
f 2613//4600 1489//4600 2615//4600
f 2614//4245 2615//4245 2616//4245
f 1370//4601 2612//4601 1371//4601
f 1371//4602 2612//4602 1373//4602
f 1377//4603 1378//4603 2612//4603
f 1373//4604 2612//4604 1378//4604
f 1381//4605 2612//4605 1384//4605
f 1384//4606 2612//4606 1385//4606
f 1377//4607 2612//4607 1381//4607
f 1385//4608 2612//4608 1386//4608
f 1386//4609 2612//4609 1392//4609
f 1392//4610 2612//4610 1393//4610
f 1393//4611 2612//4611 1395//4611
f 1395//4612 2612//4612 1397//4612
f 1397//4613 2612//4613 1399//4613
f 1399//4614 2612//4614 1401//4614
f 1401//4615 2612//4615 1550//4615
f 2612//4616 1583//4616 1550//4616
f 2612//4617 1584//4617 1583//4617
f 2612//4618 1585//4618 1584//4618
f 2612//4619 1586//4619 1585//4619
f 2612//4620 1587//4620 1586//4620
f 2612//4221 2611//4221 2617//4221
f 2612//4621 1590//4621 1587//4621
f 2612//4622 1591//4622 1590//4622
f 1489//4623 1492//4623 2615//4623
f 1492//4624 1498//4624 2615//4624
f 1498//4625 1499//4625 2615//4625
f 1499//4626 1502//4626 2615//4626
f 1502//4627 1506//4627 2615//4627
f 1507//4628 2615//4628 1506//4628
f 1507//4629 1509//4629 2615//4629
f 1521//4630 2615//4630 1519//4630
f 1509//4631 1511//4631 2615//4631
f 1511//4632 1519//4632 2615//4632
f 1523//4633 1522//4633 2615//4633
f 1521//4634 1523//4634 2615//4634
f 1526//4635 1528//4635 2615//4635
f 1522//4636 1526//4636 2615//4636
f 1592//4637 1589//4637 2615//4637
f 1582//4638 1592//4638 2615//4638
f 1591//4639 2615//4639 1588//4639
f 1588//4640 2615//4640 1589//4640
f 1528//4641 1582//4641 2615//4641
f 2612//4642 2615//4642 1591//4642
f 2612//4643 2618//4643 2615//4643
f 2615//4245 2618//4245 2616//4245
f 2612//4221 2617//4221 2619//4221
f 2617//4221 2620//4221 2619//4221
f 2612//4643 2619//4643 2618//4643
f 2616//4245 2618//4245 2621//4245
f 2619//4644 2622//4644 2618//4644
f 2621//4245 2618//4245 2622//4245
f 2619//4221 2620//4221 2623//4221
f 2623//4645 1603//4645 1601//4645
f 2623//4646 1601//4646 1600//4646
f 2623//4647 1600//4647 1593//4647
f 2623//4648 1593//4648 1597//4648
f 2623//4649 1625//4649 1603//4649
f 2623//4650 1680//4650 1679//4650
f 2623//4651 1679//4651 1625//4651
f 2623//4652 1685//4652 1684//4652
f 2623//4653 1684//4653 1680//4653
f 2623//4654 1689//4654 1688//4654
f 2623//4655 1688//4655 1686//4655
f 2623//4656 1686//4656 1685//4656
f 2623//4657 1693//4657 1690//4657
f 2623//4658 1690//4658 1689//4658
f 2623//4659 1698//4659 1693//4659
f 2623//4660 1701//4660 1698//4660
f 2623//4661 1702//4661 1701//4661
f 2623//4662 1705//4662 1702//4662
f 2623//4663 1707//4663 1705//4663
f 2619//4644 2623//4644 2622//4644
f 2621//4245 2622//4245 2624//4245
f 2623//4664 1597//4664 2622//4664
f 1597//4665 1598//4665 2622//4665
f 1598//4666 1604//4666 2622//4666
f 1604//4667 1606//4667 2622//4667
f 1606//4668 1608//4668 2622//4668
f 1608//4669 1610//4669 2622//4669
f 2622//4670 1610//4670 1612//4670
f 2622//4671 1612//4671 1614//4671
f 2622//4672 1614//4672 1672//4672
f 2622//4673 1672//4673 1779//4673
f 2622//4674 1779//4674 1780//4674
f 2622//4675 1780//4675 1784//4675
f 2622//4676 1784//4676 1785//4676
f 2622//4677 1785//4677 1786//4677
f 2622//4678 1787//4678 1790//4678
f 2622//4679 1786//4679 1787//4679
f 2622//4680 1793//4680 1800//4680
f 2622//4681 1792//4681 1793//4681
f 2622//4682 1790//4682 1792//4682
f 2622//4683 1804//4683 1803//4683
f 2622//4684 1800//4684 1804//4684
f 2622//4685 1803//4685 1807//4685
f 2622//4686 1807//4686 1812//4686
f 2620//4221 2625//4221 2623//4221
f 2623//4687 2626//4687 1707//4687
f 1707//4688 2626//4688 1713//4688
f 1713//4689 2626//4689 1716//4689
f 2623//4221 2625//4221 2626//4221
f 1716//4690 2626//4690 1718//4690
f 1718//4691 2626//4691 1757//4691
f 1757//4692 2626//4692 1759//4692
f 2626//4221 2625//4221 2627//4221
f 2626//4221 2627//4221 2628//4221
f 2622//4693 1812//4693 2629//4693
f 1813//4694 1816//4694 2629//4694
f 1813//4695 2629//4695 1812//4695
f 2624//4245 2622//4245 2629//4245
f 2624//4245 2629//4245 2630//4245
f 1759//4696 2629//4696 1761//4696
f 1761//4697 2629//4697 1772//4697
f 1770//4698 2629//4698 1776//4698
f 1772//4699 2629//4699 1775//4699
f 1775//4700 2629//4700 1770//4700
f 1816//4701 1778//4701 2629//4701
f 1777//4702 2629//4702 1778//4702
f 1776//4703 2629//4703 1777//4703
f 1759//4704 2626//4704 2629//4704
f 2626//4705 2631//4705 2629//4705
f 2629//4245 2631//4245 2630//4245
f 2626//4705 2628//4705 2631//4705
f 2627//4221 2632//4221 2628//4221
f 2628//4221 2632//4221 2633//4221
f 2628//4706 1828//4706 1830//4706
f 2628//4707 2633//4707 1818//4707
f 2628//4708 1855//4708 1824//4708
f 2628//4709 1857//4709 1855//4709
f 2628//4710 1860//4710 1857//4710
f 2628//4711 1826//4711 1827//4711
f 2628//4712 1824//4712 1826//4712
f 2628//4713 1827//4713 1828//4713
f 2628//4714 1817//4714 1866//4714
f 2628//4715 1866//4715 1860//4715
f 2628//4716 1818//4716 1817//4716
f 1820//4717 2633//4717 1822//4717
f 1818//4718 2633//4718 1820//4718
f 2630//4245 2631//4245 2634//4245
f 2628//4719 2635//4719 2631//4719
f 2634//4245 2631//4245 2635//4245
f 2628//4720 1830//4720 1832//4720
f 2628//4721 1832//4721 1834//4721
f 2628//4722 1834//4722 1836//4722
f 2628//4723 1836//4723 1838//4723
f 2628//4724 1838//4724 1839//4724
f 2628//4725 1839//4725 1899//4725
f 2628//4726 1899//4726 1902//4726
f 2628//4727 1902//4727 1903//4727
f 2628//4728 1903//4728 2635//4728
f 2634//4245 2635//4245 2636//4245
f 1903//4729 1907//4729 2635//4729
f 1907//4730 1908//4730 2635//4730
f 1908//4731 1910//4731 2635//4731
f 1910//4732 1912//4732 2635//4732
f 1912//4717 1913//4717 2635//4717
f 2601//4733 1189//4733 1917//4733
f 2601//4734 1917//4734 1919//4734
f 2602//4221 2601//4221 2637//4221
f 2601//4735 1919//4735 2637//4735
f 1919//4736 1921//4736 2637//4736
f 1921//4737 1925//4737 2637//4737
f 1925//4738 1926//4738 2637//4738
f 1926//4739 1937//4739 2637//4739
f 1942//4740 1943//4740 2637//4740
f 1937//4741 1942//4741 2637//4741
f 1943//4742 1970//4742 2637//4742
f 1970//4743 1971//4743 2637//4743
f 1971//4744 1972//4744 2637//4744
f 1972//4745 1974//4745 2637//4745
f 2602//4221 2637//4221 2638//4221
f 1988//4746 2604//4746 1990//4746
f 1988//4733 1280//4733 2604//4733
f 1990//4747 2604//4747 1994//4747
f 1996//4748 2604//4748 1998//4748
f 1996//4749 1994//4749 2604//4749
f 1978//4750 1981//4750 2637//4750
f 2002//4751 2637//4751 1982//4751
f 2001//4752 1998//4752 2637//4752
f 2002//4753 2001//4753 2637//4753
f 1980//4754 1982//4754 2637//4754
f 1980//4755 2637//4755 1981//4755
f 1998//4756 2604//4756 2637//4756
f 1974//4757 1976//4757 2637//4757
f 1976//4758 1978//4758 2637//4758
f 2603//4245 2639//4245 2604//4245
f 2604//4759 2640//4759 2637//4759
f 2604//4245 2639//4245 2640//4245
f 2639//4245 2641//4245 2640//4245
f 2638//4221 2642//4221 2643//4221
f 2638//4221 2637//4221 2642//4221
f 2643//4221 2642//4221 2644//4221
f 2036//4760 2039//4760 2642//4760
f 2003//4761 2642//4761 2039//4761
f 2643//4221 2644//4221 2645//4221
f 2003//4762 2644//4762 2642//4762
f 2041//4763 2036//4763 2642//4763
f 2043//4764 2642//4764 2045//4764
f 2041//4765 2642//4765 2043//4765
f 2637//4766 2640//4766 2642//4766
f 2640//4766 2646//4766 2642//4766
f 2640//4245 2641//4245 2646//4245
f 2641//4245 2647//4245 2646//4245
f 2119//4767 2646//4767 2120//4767
f 2120//4768 2646//4768 2122//4768
f 2122//4769 2646//4769 2648//4769
f 2646//4245 2647//4245 2648//4245
f 2045//4770 2642//4770 2646//4770
f 2047//4771 2646//4771 2060//4771
f 2045//4772 2646//4772 2047//4772
f 2060//4773 2646//4773 2063//4773
f 2063//4774 2646//4774 2065//4774
f 2065//4775 2646//4775 2069//4775
f 2069//4776 2646//4776 2070//4776
f 2070//4777 2646//4777 2073//4777
f 2073//4778 2646//4778 2119//4778
f 2633//4779 2163//4779 1822//4779
f 2633//4780 2165//4780 2163//4780
f 2633//4781 2167//4781 2165//4781
f 2633//4782 2185//4782 2167//4782
f 2633//4783 2186//4783 2185//4783
f 2632//4221 2649//4221 2633//4221
f 2649//4221 2650//4221 2651//4221
f 2633//4221 2649//4221 2651//4221
f 2234//4784 2236//4784 2635//4784
f 1913//4779 2234//4779 2635//4779
f 2633//4785 2652//4785 2186//4785
f 2169//4786 2195//4786 2652//4786
f 2186//4787 2652//4787 2193//4787
f 2193//4788 2652//4788 2195//4788
f 2169//4789 2652//4789 2170//4789
f 2170//4790 2652//4790 2172//4790
f 2172//4791 2652//4791 2174//4791
f 2184//4792 2652//4792 2248//4792
f 2246//4793 2652//4793 2240//4793
f 2248//4794 2652//4794 2246//4794
f 2179//4795 2652//4795 2182//4795
f 2183//4796 2182//4796 2652//4796
f 2183//4797 2652//4797 2184//4797
f 2236//4798 2239//4798 2652//4798
f 2241//4799 2240//4799 2652//4799
f 2241//4800 2652//4800 2239//4800
f 2236//4801 2652//4801 2635//4801
f 2174//4802 2652//4802 2175//4802
f 2175//4803 2652//4803 2177//4803
f 2177//4804 2652//4804 2179//4804
f 2636//4245 2635//4245 2652//4245
f 2633//4805 2651//4805 2652//4805
f 2636//4245 2652//4245 2653//4245
f 2650//4221 2654//4221 2655//4221
f 2655//4221 2654//4221 2656//4221
f 2283//4806 2655//4806 2282//4806
f 2249//4807 2282//4807 2655//4807
f 2249//4808 2655//4808 2656//4808
f 2651//4221 2650//4221 2655//4221
f 2285//4809 2655//4809 2283//4809
f 2298//4810 2300//4810 2655//4810
f 2300//4811 2302//4811 2655//4811
f 2285//4812 2298//4812 2655//4812
f 2657//4245 2658//4245 2659//4245
f 2369//4813 2365//4813 2658//4813
f 2365//4814 2367//4814 2658//4814
f 2367//4815 2659//4815 2658//4815
f 2657//4245 2659//4245 2660//4245
f 2653//4245 2658//4245 2657//4245
f 2651//4816 2655//4816 2658//4816
f 2651//4816 2658//4816 2652//4816
f 2653//4245 2652//4245 2658//4245
f 2321//4817 2658//4817 2655//4817
f 2302//4818 2316//4818 2655//4818
f 2316//4819 2317//4819 2655//4819
f 2317//4820 2320//4820 2655//4820
f 2320//4821 2321//4821 2655//4821
f 2321//4822 2325//4822 2658//4822
f 2325//4823 2327//4823 2658//4823
f 2327//4824 2369//4824 2658//4824
f 2661//4221 2645//4221 2662//4221
f 2661//4221 2662//4221 2656//4221
f 2662//4825 2648//4825 2663//4825
f 2664//4245 2663//4245 2648//4245
f 2662//4826 2663//4826 2656//4826
f 2664//4245 2660//4245 2663//4245
f 2003//4827 2005//4827 2644//4827
f 2017//4828 2644//4828 2016//4828
f 2015//4829 2016//4829 2644//4829
f 2005//4830 2015//4830 2644//4830
f 2012//4831 2644//4831 2011//4831
f 2012//4832 2022//4832 2644//4832
f 2022//4833 2024//4833 2644//4833
f 2007//4834 2009//4834 2644//4834
f 2009//4835 2011//4835 2644//4835
f 2007//4836 2644//4836 2017//4836
f 2024//4837 2027//4837 2644//4837
f 2028//4838 2644//4838 2027//4838
f 2028//4839 2032//4839 2644//4839
f 2033//4840 2644//4840 2032//4840
f 2644//4841 2413//4841 2412//4841
f 2644//4842 2412//4842 2414//4842
f 2644//4843 2414//4843 2416//4843
f 2644//4844 2416//4844 2418//4844
f 2033//4845 2413//4845 2644//4845
f 2662//4221 2645//4221 2644//4221
f 2122//4846 2648//4846 2124//4846
f 2134//4847 2648//4847 2136//4847
f 2136//4848 2648//4848 2138//4848
f 2124//4849 2648//4849 2134//4849
f 2145//4850 2148//4850 2648//4850
f 2132//4851 2131//4851 2648//4851
f 2132//4852 2648//4852 2148//4852
f 2127//4853 2138//4853 2648//4853
f 2127//4854 2648//4854 2128//4854
f 2128//4855 2648//4855 2131//4855
f 2153//4856 2150//4856 2648//4856
f 2145//4857 2648//4857 2150//4857
f 2156//4858 2154//4858 2648//4858
f 2153//4859 2648//4859 2154//4859
f 2418//4860 2420//4860 2648//4860
f 2420//4861 2425//4861 2648//4861
f 2425//4862 2427//4862 2648//4862
f 2432//4863 2648//4863 2424//4863
f 2432//4864 2431//4864 2648//4864
f 2427//4865 2429//4865 2648//4865
f 2429//4866 2424//4866 2648//4866
f 2156//4867 2648//4867 2431//4867
f 2644//4868 2418//4868 2648//4868
f 2662//4825 2644//4825 2648//4825
f 2664//4245 2648//4245 2647//4245
f 2661//4221 2656//4221 2654//4221
f 2272//4869 2274//4869 2656//4869
f 2276//4870 2656//4870 2274//4870
f 2249//4871 2656//4871 2250//4871
f 2250//4872 2656//4872 2276//4872
f 2258//4873 2256//4873 2656//4873
f 2258//4874 2656//4874 2265//4874
f 2265//4875 2656//4875 2266//4875
f 2260//4876 2656//4876 2261//4876
f 2264//4877 2261//4877 2656//4877
f 2266//4878 2656//4878 2269//4878
f 2260//4879 2269//4879 2656//4879
f 2253//4880 2255//4880 2656//4880
f 2253//4881 2656//4881 2256//4881
f 2255//4882 2272//4882 2656//4882
f 2656//4883 2477//4883 2476//4883
f 2656//4884 2479//4884 2477//4884
f 2656//4885 2481//4885 2479//4885
f 2656//4886 2482//4886 2481//4886
f 2656//4887 2485//4887 2482//4887
f 2264//4888 2656//4888 2476//4888
f 2663//4826 2659//4826 2656//4826
f 2663//4245 2660//4245 2659//4245
f 2656//4889 2490//4889 2485//4889
f 2656//4890 2492//4890 2490//4890
f 2394//4891 2396//4891 2659//4891
f 2396//4892 2397//4892 2659//4892
f 2367//4893 2368//4893 2659//4893
f 2368//4894 2394//4894 2659//4894
f 2386//4895 2659//4895 2389//4895
f 2379//4896 2659//4896 2377//4896
f 2379//4897 2389//4897 2659//4897
f 2385//4898 2659//4898 2383//4898
f 2381//4899 2383//4899 2659//4899
f 2381//4900 2659//4900 2391//4900
f 2386//4901 2391//4901 2659//4901
f 2375//4902 2659//4902 2397//4902
f 2374//4903 2659//4903 2375//4903
f 2374//4904 2377//4904 2659//4904
f 2495//4905 2487//4905 2659//4905
f 2495//4906 2659//4906 2496//4906
f 2492//4907 2659//4907 2486//4907
f 2486//4908 2659//4908 2487//4908
f 2385//4909 2496//4909 2659//4909
f 2656//4910 2659//4910 2492//4910
f 2665//4302 2666//4302 2667//4302
f 2667//4302 2666//4302 2668//4302
f 2667//4911 2668//4911 2669//4911
f 2669//4912 2670//4912 2671//4912
f 2669//4911 2668//4911 2670//4911
f 2670//4912 2672//4912 2671//4912
f 2668//4245 2673//4245 2670//4245
f 2666//4245 2674//4245 2668//4245
f 2675//4348 2676//4348 2677//4348
f 2675//4348 2677//4348 2678//4348
f 2678//4245 2677//4245 2679//4245
f 2677//4245 2680//4245 2679//4245
f 2676//4913 2681//4913 2682//4913
f 2681//4914 2683//4914 2684//4914
f 2676//4913 2682//4913 2677//4913
f 2677//4245 2682//4245 2680//4245
f 2680//4245 2682//4245 2685//4245
f 2681//4914 2684//4914 2682//4914
f 2682//4245 2684//4245 2685//4245
f 2685//4245 2684//4245 2686//4245
f 2665//4915 2687//4915 2688//4915
f 2675//4916 2678//4916 2687//4916
f 2687//4916 2678//4916 2688//4916
f 2678//4245 2689//4245 2688//4245
f 2665//4915 2688//4915 2666//4915
f 2666//4245 2688//4245 2690//4245
f 2688//4245 2691//4245 2690//4245
f 2688//4245 2689//4245 2691//4245
f 2678//4245 2679//4245 2689//4245
f 2666//4245 2690//4245 2692//4245
f 2671//4917 2672//4917 2693//4917
f 2693//4918 2673//4918 2694//4918
f 2693//4917 2672//4917 2673//4917
f 2670//4245 2673//4245 2672//4245
f 2668//4245 2674//4245 2673//4245
f 2666//4245 2692//4245 2695//4245
f 2666//4245 2695//4245 2674//4245
f 2694//4918 2673//4918 2674//4918
f 2694//4413 2674//4413 2696//4413
f 2696//4413 2674//4413 2695//4413
f 2695//4245 2692//4245 2697//4245
f 2695//4245 2697//4245 2698//4245
f 2696//4919 2695//4919 2699//4919
f 2699//4920 2700//4920 2701//4920
f 2695//4245 2698//4245 2702//4245
f 2695//4245 2702//4245 2700//4245
f 2699//4919 2695//4919 2700//4919
f 2701//4920 2700//4920 2703//4920
f 2702//4245 2704//4245 2700//4245
f 2700//4245 2704//4245 2703//4245
f 2704//4245 2705//4245 2703//4245
f 2701//4527 2703//4527 2706//4527
f 2706//4527 2703//4527 2707//4527
f 2703//4245 2705//4245 2707//4245
f 2706//4921 2707//4921 2708//4921
f 2708//4922 2709//4922 2710//4922
f 2708//4921 2707//4921 2709//4921
f 2705//4245 2711//4245 2707//4245
f 2707//4245 2711//4245 2709//4245
f 2709//4922 2712//4922 2710//4922
f 2711//4245 2713//4245 2709//4245
f 2709//4245 2713//4245 2712//4245
f 2683//4923 2714//4923 2715//4923
f 2683//4924 2715//4924 2716//4924
f 2714//4925 2717//4925 2718//4925
f 2714//4926 2718//4926 2715//4926
f 2683//4927 2716//4927 2684//4927
f 2716//4928 2719//4928 2684//4928
f 2684//4245 2719//4245 2686//4245
f 2717//4929 2720//4929 2721//4929
f 2717//4591 2721//4591 2718//4591
f 2720//4930 2722//4930 2721//4930
f 2720//4931 2723//4931 2722//4931
f 2723//4932 2724//4932 2722//4932
f 2723//4932 2725//4932 2724//4932
f 2725//4933 2726//4933 2727//4933
f 2725//4933 2727//4933 2724//4933
f 2726//4934 2728//4934 2729//4934
f 2726//4935 2729//4935 2727//4935
f 2728//4936 2730//4936 2731//4936
f 2728//4937 2731//4937 2729//4937
f 2732//4938 2733//4938 2734//4938
f 2735//4939 2736//4939 2737//4939
f 2732//4939 2736//4939 2735//4939
f 2732//4940 2734//4940 2736//4940
f 2710//4941 2712//4941 2738//4941
f 2738//4942 2739//4942 2740//4942
f 2738//4943 2741//4943 2742//4943
f 2738//4944 2740//4944 2741//4944
f 2738//4945 2712//4945 2739//4945
f 2739//4946 2712//4946 2743//4946
f 2713//4245 2743//4245 2712//4245
f 2742//4770 2741//4770 2733//4770
f 2733//4947 2741//4947 2734//4947
f 2730//4948 2744//4948 2745//4948
f 2730//4949 2745//4949 2731//4949
f 2744//4950 2746//4950 2747//4950
f 2744//4951 2747//4951 2745//4951
f 2746//4952 2735//4952 2737//4952
f 2746//4952 2737//4952 2747//4952
f 2680//4953 2685//4953 2748//4953
f 2689//4954 2679//4954 2749//4954
f 2689//4955 2750//4955 2691//4955
f 2691//4956 2751//4956 2690//4956
f 2690//4957 2752//4957 2692//4957
f 2680//4958 2753//4958 2679//4958
f 2680//4959 2748//4959 2753//4959
f 2753//4960 2748//4960 2754//4960
f 2691//4961 2750//4961 2751//4961
f 2689//4962 2749//4962 2750//4962
f 2690//4963 2751//4963 2752//4963
f 2752//4964 2755//4964 2692//4964
f 2679//4965 2753//4965 2749//4965
f 2753//4966 2754//4966 2756//4966
f 2753//4967 2756//4967 2757//4967
f 2753//4968 2757//4968 2758//4968
f 2753//4969 2759//4969 2749//4969
f 2753//4970 2758//4970 2759//4970
f 2751//4971 2760//4971 2752//4971
f 2750//4972 2761//4972 2751//4972
f 2750//4973 2749//4973 2762//4973
f 2692//4974 2755//4974 2697//4974
f 2697//4975 2760//4975 2698//4975
f 2698//4976 2761//4976 2702//4976
f 2702//4977 2762//4977 2704//4977
f 2704//4978 2759//4978 2705//4978
f 2705//4979 2763//4979 2711//4979
f 2711//4980 2764//4980 2713//4980
f 2697//4981 2755//4981 2760//4981
f 2698//4982 2760//4982 2761//4982
f 2702//4983 2761//4983 2762//4983
f 2704//4984 2762//4984 2759//4984
f 2758//4985 2765//4985 2759//4985
f 2765//4986 2766//4986 2759//4986
f 2705//4987 2759//4987 2763//4987
f 2766//4988 2763//4988 2759//4988
f 2766//4989 2767//4989 2763//4989
f 2767//4990 2768//4990 2763//4990
f 2768//4991 2764//4991 2763//4991
f 2752//4992 2760//4992 2755//4992
f 2751//4993 2761//4993 2760//4993
f 2750//4994 2762//4994 2761//4994
f 2749//4995 2759//4995 2762//4995
f 2711//4996 2763//4996 2764//4996
f 2716//4997 2769//4997 2719//4997
f 2716//4998 2770//4998 2769//4998
f 2716//4999 2715//4999 2770//4999
f 2715//5000 2718//5000 2770//5000
f 2770//5001 2718//5001 2771//5001
f 2718//5002 2721//5002 2771//5002
f 2771//5003 2721//5003 2772//5003
f 2769//5004 2770//5004 2773//5004
f 2685//5005 2686//5005 2774//5005
f 2686//5006 2719//5006 2775//5006
f 2769//5007 2775//5007 2719//5007
f 2770//5008 2771//5008 2776//5008
f 2771//5009 2772//5009 2777//5009
f 2769//5010 2773//5010 2778//5010
f 2770//5011 2776//5011 2773//5011
f 2771//5012 2777//5012 2776//5012
f 2721//5013 2722//5013 2772//5013
f 2772//5014 2722//5014 2779//5014
f 2722//5015 2724//5015 2779//5015
f 2779//5016 2724//5016 2780//5016
f 2724//5017 2727//5017 2780//5017
f 2780//5018 2727//5018 2729//5018
f 2780//5019 2729//5019 2731//5019
f 2780//5020 2781//5020 2782//5020
f 2782//5021 2783//5021 2784//5021
f 2772//5022 2779//5022 2785//5022
f 2779//5023 2780//5023 2786//5023
f 2780//5024 2782//5024 2787//5024
f 2772//5025 2785//5025 2777//5025
f 2779//5026 2786//5026 2785//5026
f 2780//5027 2787//5027 2786//5027
f 2782//5028 2784//5028 2788//5028
f 2784//5029 2789//5029 2790//5029
f 2782//5030 2788//5030 2787//5030
f 2784//5031 2790//5031 2788//5031
f 2685//5032 2774//5032 2748//5032
f 2686//5033 2775//5033 2774//5033
f 2769//5034 2791//5034 2775//5034
f 2748//5035 2774//5035 2792//5035
f 2748//5036 2792//5036 2754//5036
f 2774//5037 2793//5037 2792//5037
f 2774//5038 2775//5038 2793//5038
f 2769//5039 2778//5039 2794//5039
f 2769//5040 2794//5040 2791//5040
f 2775//5041 2795//5041 2793//5041
f 2775//5042 2791//5042 2795//5042
f 2794//5043 2795//5043 2791//5043
f 2736//5044 2796//5044 2737//5044
f 2739//5045 2797//5045 2740//5045
f 2739//5046 2743//5046 2797//5046
f 2740//5047 2797//5047 2798//5047
f 2740//5048 2798//5048 2741//5048
f 2741//5049 2799//5049 2734//5049
f 2741//5050 2798//5050 2799//5050
f 2736//5051 2734//5051 2799//5051
f 2736//5052 2799//5052 2796//5052
f 2797//5053 2800//5053 2798//5053
f 2713//5054 2801//5054 2743//5054
f 2797//5055 2743//5055 2802//5055
f 2798//5056 2803//5056 2799//5056
f 2799//5057 2804//5057 2796//5057
f 2797//5058 2805//5058 2800//5058
f 2798//5059 2800//5059 2803//5059
f 2799//5060 2803//5060 2804//5060
f 2780//5061 2731//5061 2806//5061
f 2731//5062 2745//5062 2806//5062
f 2745//5063 2747//5063 2806//5063
f 2782//5021 2781//5021 2783//5021
f 2780//5064 2806//5064 2781//5064
f 2784//5065 2783//5065 2789//5065
f 2747//5066 2737//5066 2807//5066
f 2747//5067 2807//5067 2806//5067
f 2796//5068 2807//5068 2737//5068
f 2783//5069 2781//5069 2808//5069
f 2796//5070 2804//5070 2807//5070
f 2806//5071 2807//5071 2809//5071
f 2781//5072 2806//5072 2808//5072
f 2807//5073 2804//5073 2809//5073
f 2806//5074 2809//5074 2810//5074
f 2806//5075 2810//5075 2808//5075
f 2789//5076 2783//5076 2811//5076
f 2789//5077 2811//5077 2790//5077
f 2783//5078 2808//5078 2811//5078
f 2768//5079 2812//5079 2764//5079
f 2713//5080 2764//5080 2801//5080
f 2797//5081 2802//5081 2813//5081
f 2743//5082 2801//5082 2802//5082
f 2812//5083 2801//5083 2764//5083
f 2812//5084 2814//5084 2801//5084
f 2801//5085 2814//5085 2802//5085
f 2814//5086 2815//5086 2802//5086
f 2797//5087 2816//5087 2805//5087
f 2797//5088 2813//5088 2816//5088
f 2815//5089 2813//5089 2802//5089
f 2815//5090 2817//5090 2813//5090
f 2816//5091 2813//5091 2817//5091
f 2757//5092 2818//5092 2758//5092
f 2758//5093 2819//5093 2765//5093
f 2765//5094 2820//5094 2766//5094
f 2766//5095 2821//5095 2767//5095
f 2773//5096 2776//5096 2822//5096
f 2778//5097 2773//5097 2822//5097
f 2822//5098 2776//5098 2823//5098
f 2778//5099 2822//5099 2824//5099
f 2778//5100 2824//5100 2794//5100
f 2792//5101 2793//5101 2825//5101
f 2793//5102 2795//5102 2826//5102
f 2794//5103 2827//5103 2795//5103
f 2756//5104 2828//5104 2757//5104
f 2756//5105 2754//5105 2829//5105
f 2792//5106 2830//5106 2754//5106
f 2776//5107 2777//5107 2823//5107
f 2777//5108 2785//5108 2823//5108
f 2823//5109 2785//5109 2831//5109
f 2822//5110 2823//5110 2832//5110
f 2823//5111 2831//5111 2833//5111
f 2823//5112 2834//5112 2832//5112
f 2831//5113 2835//5113 2836//5113
f 2823//5114 2833//5114 2834//5114
f 2831//5115 2836//5115 2833//5115
f 2831//5116 2785//5116 2786//5116
f 2831//5117 2786//5117 2835//5117
f 2835//5118 2786//5118 2787//5118
f 2835//5119 2787//5119 2788//5119
f 2835//5120 2837//5120 2838//5120
f 2835//5121 2788//5121 2837//5121
f 2838//5122 2839//5122 2840//5122
f 2840//5123 2841//5123 2842//5123
f 2835//5124 2838//5124 2843//5124
f 2838//5125 2840//5125 2844//5125
f 2835//5126 2843//5126 2836//5126
f 2842//5127 2845//5127 2846//5127
f 2840//5128 2842//5128 2847//5128
f 2838//5129 2844//5129 2843//5129
f 2840//5130 2847//5130 2844//5130
f 2842//5131 2846//5131 2848//5131
f 2846//5132 2849//5132 2850//5132
f 2842//5133 2848//5133 2847//5133
f 2846//5134 2850//5134 2848//5134
f 2793//5135 2826//5135 2825//5135
f 2795//5136 2827//5136 2826//5136
f 2756//5137 2829//5137 2828//5137
f 2754//5138 2830//5138 2829//5138
f 2757//5139 2828//5139 2818//5139
f 2758//5140 2818//5140 2819//5140
f 2792//5141 2825//5141 2830//5141
f 2826//5142 2851//5142 2852//5142
f 2825//5143 2853//5143 2830//5143
f 2825//5144 2826//5144 2854//5144
f 2826//5145 2852//5145 2854//5145
f 2818//5146 2828//5146 2820//5146
f 2829//5147 2830//5147 2855//5147
f 2829//5148 2821//5148 2828//5148
f 2794//5149 2824//5149 2827//5149
f 2822//5150 2832//5150 2824//5150
f 2826//5151 2827//5151 2856//5151
f 2824//5152 2857//5152 2827//5152
f 2857//5153 2856//5153 2827//5153
f 2824//5154 2858//5154 2857//5154
f 2834//5155 2859//5155 2832//5155
f 2824//5156 2832//5156 2858//5156
f 2832//5157 2859//5157 2858//5157
f 2826//5158 2856//5158 2860//5158
f 2826//5159 2860//5159 2851//5159
f 2767//5160 2855//5160 2768//5160
f 2768//5161 2853//5161 2812//5161
f 2812//5162 2854//5162 2814//5162
f 2800//5163 2861//5163 2803//5163
f 2805//5164 2861//5164 2800//5164
f 2805//5165 2816//5165 2861//5165
f 2803//5166 2861//5166 2862//5166
f 2814//5167 2863//5167 2815//5167
f 2815//5168 2864//5168 2817//5168
f 2816//5169 2817//5169 2864//5169
f 2810//5170 2809//5170 2865//5170
f 2788//5171 2790//5171 2837//5171
f 2790//5172 2811//5172 2837//5172
f 2838//5173 2837//5173 2839//5173
f 2840//5174 2839//5174 2841//5174
f 2810//5175 2837//5175 2808//5175
f 2811//5176 2808//5176 2837//5176
f 2810//5177 2865//5177 2837//5177
f 2837//5178 2866//5178 2839//5178
f 2837//5179 2865//5179 2867//5179
f 2837//5180 2867//5180 2868//5180
f 2803//5181 2862//5181 2804//5181
f 2804//5182 2862//5182 2869//5182
f 2809//5183 2804//5183 2869//5183
f 2809//5184 2869//5184 2865//5184
f 2816//5185 2870//5185 2861//5185
f 2861//5186 2871//5186 2862//5186
f 2862//5187 2872//5187 2869//5187
f 2862//5188 2871//5188 2872//5188
f 2869//5189 2873//5189 2865//5189
f 2869//5190 2872//5190 2873//5190
f 2865//5191 2873//5191 2867//5191
f 2842//5192 2841//5192 2845//5192
f 2846//5193 2845//5193 2849//5193
f 2849//5194 2845//5194 2874//5194
f 2845//5195 2841//5195 2874//5195
f 2849//5196 2874//5196 2850//5196
f 2841//5197 2875//5197 2874//5197
f 2839//5198 2875//5198 2841//5198
f 2839//5199 2866//5199 2875//5199
f 2837//5200 2868//5200 2866//5200
f 2765//5201 2819//5201 2820//5201
f 2766//5202 2820//5202 2821//5202
f 2767//5203 2821//5203 2855//5203
f 2768//5204 2855//5204 2853//5204
f 2812//5205 2853//5205 2854//5205
f 2830//5206 2853//5206 2855//5206
f 2825//5207 2854//5207 2853//5207
f 2852//5208 2876//5208 2854//5208
f 2876//5209 2877//5209 2854//5209
f 2877//5210 2878//5210 2863//5210
f 2877//5211 2863//5211 2854//5211
f 2818//5212 2820//5212 2819//5212
f 2828//5213 2821//5213 2820//5213
f 2829//5214 2855//5214 2821//5214
f 2814//5215 2854//5215 2863//5215
f 2815//5216 2863//5216 2864//5216
f 2878//5217 2879//5217 2863//5217
f 2879//5218 2880//5218 2864//5218
f 2816//5219 2864//5219 2870//5219
f 2861//5220 2870//5220 2871//5220
f 2863//5221 2879//5221 2864//5221
f 2880//5222 2870//5222 2864//5222
f 2880//5223 2881//5223 2870//5223
f 2881//5224 2882//5224 2870//5224
f 2872//5225 2871//5225 2883//5225
f 2870//5226 2882//5226 2871//5226
f 2882//5227 2883//5227 2871//5227
f 2884//5228 2833//5228 2885//5228
f 2833//5229 2836//5229 2885//5229
f 2834//5230 2833//5230 2884//5230
f 2834//5231 2884//5231 2859//5231
f 2857//5232 2858//5232 2886//5232
f 2858//5233 2859//5233 2887//5233
f 2856//5234 2888//5234 2860//5234
f 2851//5235 2860//5235 2889//5235
f 2851//5236 2890//5236 2852//5236
f 2852//5237 2891//5237 2876//5237
f 2857//5238 2892//5238 2856//5238
f 2851//5239 2889//5239 2890//5239
f 2852//5240 2890//5240 2891//5240
f 2856//5241 2892//5241 2888//5241
f 2860//5242 2888//5242 2889//5242
f 2857//5243 2886//5243 2892//5243
f 2893//5244 2890//5244 2889//5244
f 2890//5245 2894//5245 2891//5245
f 2885//5246 2836//5246 2895//5246
f 2836//5247 2843//5247 2895//5247
f 2895//5248 2843//5248 2896//5248
f 2896//5249 2843//5249 2897//5249
f 2895//5250 2896//5250 2898//5250
f 2896//5251 2897//5251 2898//5251
f 2884//5252 2885//5252 2899//5252
f 2884//5253 2900//5253 2859//5253
f 2885//5254 2895//5254 2901//5254
f 2884//5255 2899//5255 2900//5255
f 2885//5256 2901//5256 2899//5256
f 2895//5257 2898//5257 2902//5257
f 2895//5258 2902//5258 2903//5258
f 2895//5259 2903//5259 2901//5259
f 2897//5260 2843//5260 2844//5260
f 2897//5261 2844//5261 2904//5261
f 2905//5262 2904//5262 2844//5262
f 2905//5263 2844//5263 2847//5263
f 2905//5264 2847//5264 2906//5264
f 2897//5265 2904//5265 2907//5265
f 2906//5266 2847//5266 2848//5266
f 2908//5267 2848//5267 2850//5267
f 2906//5268 2848//5268 2908//5268
f 2908//5269 2850//5269 2909//5269
f 2897//5270 2910//5270 2898//5270
f 2905//5271 2907//5271 2904//5271
f 2905//5272 2906//5272 2911//5272
f 2906//5273 2908//5273 2912//5273
f 2908//5274 2909//5274 2913//5274
f 2905//5275 2911//5275 2907//5275
f 2906//5276 2912//5276 2911//5276
f 2897//5277 2907//5277 2910//5277
f 2908//5278 2913//5278 2912//5278
f 2913//5279 2909//5279 2914//5279
f 2858//5280 2887//5280 2886//5280
f 2859//5281 2900//5281 2887//5281
f 2886//5282 2887//5282 2892//5282
f 2887//5283 2900//5283 2888//5283
f 2900//5284 2899//5284 2888//5284
f 2899//5285 2901//5285 2888//5285
f 2887//5286 2888//5286 2892//5286
f 2915//5287 2889//5287 2888//5287
f 2916//5288 2915//5288 2888//5288
f 2916//5289 2888//5289 2917//5289
f 2893//5290 2889//5290 2915//5290
f 2893//5291 2894//5291 2890//5291
f 2901//5292 2918//5292 2888//5292
f 2918//5293 2917//5293 2888//5293
f 2901//5294 2919//5294 2918//5294
f 2901//5295 2903//5295 2919//5295
f 2876//5296 2920//5296 2877//5296
f 2877//5297 2921//5297 2878//5297
f 2878//5298 2922//5298 2879//5298
f 2879//5299 2923//5299 2880//5299
f 2880//5300 2924//5300 2881//5300
f 2873//5301 2925//5301 2926//5301
f 2872//5302 2925//5302 2873//5302
f 2872//5303 2883//5303 2925//5303
f 2881//5304 2927//5304 2882//5304
f 2882//5305 2928//5305 2883//5305
f 2876//5306 2891//5306 2920//5306
f 2877//5307 2920//5307 2921//5307
f 2878//5308 2921//5308 2922//5308
f 2929//5309 2920//5309 2891//5309
f 2930//5310 2921//5310 2920//5310
f 2879//5311 2922//5311 2923//5311
f 2880//5312 2923//5312 2924//5312
f 2881//5313 2924//5313 2927//5313
f 2868//5314 2867//5314 2931//5314
f 2868//5315 2932//5315 2866//5315
f 2909//5316 2850//5316 2874//5316
f 2933//5317 2874//5317 2875//5317
f 2909//5318 2874//5318 2934//5318
f 2934//5319 2874//5319 2933//5319
f 2935//5320 2866//5320 2932//5320
f 2935//5321 2875//5321 2866//5321
f 2868//5322 2931//5322 2932//5322
f 2935//5323 2933//5323 2875//5323
f 2932//5324 2931//5324 2936//5324
f 2873//5325 2937//5325 2867//5325
f 2873//5326 2926//5326 2937//5326
f 2867//5327 2937//5327 2938//5327
f 2867//5328 2938//5328 2931//5328
f 2937//5329 2939//5329 2938//5329
f 2938//5330 2940//5330 2931//5330
f 2925//5331 2941//5331 2926//5331
f 2925//5332 2883//5332 2928//5332
f 2926//5333 2942//5333 2937//5333
f 2925//5334 2928//5334 2941//5334
f 2926//5335 2941//5335 2942//5335
f 2937//5336 2943//5336 2939//5336
f 2937//5337 2942//5337 2943//5337
f 2938//5338 2939//5338 2940//5338
f 2909//5339 2934//5339 2914//5339
f 2934//5340 2933//5340 2944//5340
f 2935//5341 2932//5341 2945//5341
f 2935//5342 2946//5342 2933//5342
f 2935//5343 2945//5343 2946//5343
f 2932//5344 2936//5344 2945//5344
f 2931//5345 2940//5345 2936//5345
f 2934//5346 2944//5346 2914//5346
f 2933//5347 2946//5347 2944//5347
f 2894//5348 2929//5348 2891//5348
f 2929//5349 2930//5349 2920//5349
f 2947//5350 2922//5350 2921//5350
f 2927//5351 2923//5351 2922//5351
f 2930//5352 2947//5352 2921//5352
f 2947//5353 2948//5353 2922//5353
f 2948//5354 2949//5354 2922//5354
f 2949//5355 2950//5355 2922//5355
f 2882//5356 2927//5356 2928//5356
f 2924//5357 2923//5357 2927//5357
f 2927//5358 2922//5358 2928//5358
f 2928//5359 2922//5359 2941//5359
f 2941//5360 2922//5360 2942//5360
f 2942//5361 2922//5361 2950//5361
f 2942//5362 2951//5362 2943//5362
f 2942//5363 2950//5363 2951//5363
f 2952//5364 2910//5364 2953//5364
f 2907//5365 2911//5365 2954//5365
f 2907//5366 2954//5366 2953//5366
f 2911//5367 2912//5367 2955//5367
f 2916//5368 2956//5368 2915//5368
f 2893//5369 2915//5369 2957//5369
f 2893//5370 2958//5370 2894//5370
f 2902//5371 2898//5371 2959//5371
f 2902//5372 2959//5372 2903//5372
f 2960//5373 2959//5373 2898//5373
f 2960//5374 2898//5374 2910//5374
f 2960//5375 2910//5375 2961//5375
f 2961//5376 2910//5376 2952//5376
f 2959//5377 2962//5377 2903//5377
f 2960//5378 2961//5378 2963//5378
f 2960//5379 2964//5379 2959//5379
f 2903//5380 2965//5380 2919//5380
f 2918//5381 2919//5381 2965//5381
f 2918//5382 2965//5382 2966//5382
f 2903//5383 2962//5383 2965//5383
f 2910//5384 2907//5384 2953//5384
f 2916//5385 2917//5385 2967//5385
f 2918//5386 2966//5386 2917//5386
f 2915//5387 2956//5387 2957//5387
f 2917//5388 2966//5388 2967//5388
f 2916//5389 2967//5389 2956//5389
f 2893//5390 2957//5390 2958//5390
f 2958//5391 2968//5391 2894//5391
f 2956//5392 2965//5392 2962//5392
f 2966//5393 2956//5393 2967//5393
f 2966//5394 2965//5394 2956//5394
f 2957//5395 2956//5395 2969//5395
f 2957//5396 2970//5396 2958//5396
f 2958//5397 2971//5397 2968//5397
f 2911//5398 2955//5398 2954//5398
f 2912//5399 2972//5399 2955//5399
f 2912//5400 2913//5400 2972//5400
f 2913//5401 2914//5401 2973//5401
f 2913//5402 2974//5402 2972//5402
f 2913//5403 2973//5403 2974//5403
f 2961//5404 2952//5404 2975//5404
f 2952//5405 2953//5405 2976//5405
f 2960//5378 2963//5378 2964//5378
f 2961//5406 2975//5406 2963//5406
f 2959//5379 2964//5379 2962//5379
f 2952//5407 2976//5407 2977//5407
f 2952//5408 2977//5408 2975//5408
f 2977//5409 2978//5409 2975//5409
f 2953//5410 2954//5410 2979//5410
f 2954//5411 2955//5411 2980//5411
f 2955//5412 2972//5412 2981//5412
f 2972//5413 2974//5413 2982//5413
f 2974//5414 2973//5414 2983//5414
f 2953//5415 2979//5415 2976//5415
f 2954//5416 2980//5416 2979//5416
f 2955//5417 2981//5417 2980//5417
f 2972//5418 2982//5418 2981//5418
f 2974//5419 2983//5419 2982//5419
f 2956//5420 2962//5420 2964//5420
f 2956//5421 2963//5421 2975//5421
f 2956//5422 2964//5422 2963//5422
f 2975//5423 2978//5423 2984//5423
f 2957//5424 2969//5424 2970//5424
f 2956//5425 2975//5425 2984//5425
f 2956//5426 2984//5426 2985//5426
f 2956//5427 2985//5427 2969//5427
f 2958//5428 2970//5428 2971//5428
f 2971//5429 2986//5429 2968//5429
f 2946//5430 2945//5430 2987//5430
f 2936//5431 2988//5431 2989//5431
f 2894//5432 2968//5432 2929//5432
f 2929//5433 2990//5433 2930//5433
f 2930//5434 2991//5434 2947//5434
f 2936//5435 2989//5435 2945//5435
f 2929//5436 2968//5436 2992//5436
f 2929//5437 2992//5437 2990//5437
f 2947//5438 2993//5438 2948//5438
f 2948//5439 2993//5439 2949//5439
f 2930//5440 2990//5440 2991//5440
f 2947//5441 2991//5441 2993//5441
f 2949//5442 2993//5442 2994//5442
f 2939//5443 2995//5443 2940//5443
f 2943//5444 2995//5444 2939//5444
f 2996//5445 2940//5445 2995//5445
f 2936//5446 2940//5446 2996//5446
f 2936//5447 2996//5447 2997//5447
f 2936//5448 2997//5448 2988//5448
f 2943//5449 2998//5449 2995//5449
f 2996//5450 2999//5450 2997//5450
f 2996//5451 2995//5451 3000//5451
f 2949//5452 2994//5452 2950//5452
f 2950//5453 3001//5453 2951//5453
f 2943//5454 2951//5454 2998//5454
f 2950//5455 2994//5455 3001//5455
f 2951//5456 3001//5456 2998//5456
f 2968//5457 2986//5457 2992//5457
f 2992//5458 3002//5458 2990//5458
f 2991//5459 2994//5459 2993//5459
f 2990//5460 3003//5460 2991//5460
f 2991//5461 3001//5461 2994//5461
f 2991//5462 2998//5462 3001//5462
f 2914//5463 2944//5463 3004//5463
f 2946//5464 3005//5464 2944//5464
f 2914//5465 3004//5465 2973//5465
f 2944//5466 3005//5466 3004//5466
f 2946//5467 2987//5467 3005//5467
f 2945//5468 3006//5468 2987//5468
f 2945//5469 2989//5469 3006//5469
f 2973//5470 3004//5470 3007//5470
f 3004//5471 3005//5471 3007//5471
f 2987//5472 3006//5472 3008//5472
f 3006//5473 2989//5473 3009//5473
f 2987//5474 3010//5474 3005//5474
f 2989//5475 3011//5475 3009//5475
f 3006//5476 3009//5476 3008//5476
f 2997//5477 3012//5477 2988//5477
f 2988//5478 3011//5478 2989//5478
f 2996//5450 3000//5450 2999//5450
f 2997//5479 2999//5479 3012//5479
f 2995//5451 2998//5451 3000//5451
f 2988//5480 3013//5480 3011//5480
f 2988//5481 3012//5481 3013//5481
f 3013//5482 3012//5482 3014//5482
f 2973//5483 3007//5483 2983//5483
f 3005//5484 3010//5484 3007//5484
f 2987//5485 3008//5485 3010//5485
f 2992//5486 2986//5486 3002//5486
f 2990//5487 3002//5487 3003//5487
f 2991//5488 3003//5488 3015//5488
f 2991//5489 3015//5489 3016//5489
f 2991//5490 3016//5490 3017//5490
f 2991//5491 3017//5491 3012//5491
f 2991//5492 3000//5492 2998//5492
f 2991//5493 3012//5493 2999//5493
f 2991//5494 2999//5494 3000//5494
f 3017//5495 3014//5495 3012//5495
f 2977//5496 2976//5496 3018//5496
f 2977//5497 3018//5497 2978//5497
f 3019//5498 2976//5498 3020//5498
f 3018//5499 3021//5499 3022//5499
f 3019//5500 3018//5500 2976//5500
f 3019//5501 3021//5501 3018//5501
f 3020//5502 2976//5502 3023//5502
f 2976//5503 2979//5503 3023//5503
f 2979//5504 2980//5504 3024//5504
f 2980//5505 2981//5505 3025//5505
f 2979//5506 3024//5506 3023//5506
f 2980//5507 3025//5507 3024//5507
f 2981//5508 2982//5508 3026//5508
f 2982//5509 2983//5509 3027//5509
f 3020//5510 3023//5510 3028//5510
f 2981//5511 3026//5511 3025//5511
f 3023//5512 3024//5512 3028//5512
f 2982//5513 3027//5513 3026//5513
f 3027//5514 2983//5514 3029//5514
f 3025//5515 3030//5515 3024//5515
f 3025//5516 3026//5516 3031//5516
f 3026//5517 3027//5517 3032//5517
f 3027//5518 3029//5518 3033//5518
f 2969//5519 3034//5519 2970//5519
f 2971//5520 2970//5520 3035//5520
f 2971//5521 3036//5521 2986//5521
f 3018//5522 3037//5522 2978//5522
f 2984//5523 2978//5523 3038//5523
f 3018//5524 3022//5524 3039//5524
f 3022//5525 3021//5525 3040//5525
f 3019//5526 3041//5526 3021//5526
f 2978//5527 3037//5527 3038//5527
f 3018//5528 3039//5528 3037//5528
f 2984//5529 3042//5529 2985//5529
f 2969//5530 2985//5530 3043//5530
f 2985//5531 3042//5531 3043//5531
f 2969//5532 3043//5532 3034//5532
f 2971//5533 3035//5533 3036//5533
f 2970//5534 3034//5534 3035//5534
f 2984//5535 3038//5535 3042//5535
f 3034//5536 3044//5536 3045//5536
f 3034//5537 3045//5537 3035//5537
f 3045//5538 3046//5538 3035//5538
f 3019//5539 3020//5539 3047//5539
f 3022//5540 3040//5540 3039//5540
f 3021//5541 3041//5541 3040//5541
f 3020//5542 3028//5542 3048//5542
f 3020//5543 3048//5543 3049//5543
f 3019//5544 3047//5544 3041//5544
f 3020//5545 3049//5545 3050//5545
f 3020//5546 3050//5546 3047//5546
f 3038//5547 3037//5547 3041//5547
f 3039//5548 3040//5548 3037//5548
f 3047//5549 3050//5549 3038//5549
f 3037//5550 3040//5550 3041//5550
f 3047//5551 3038//5551 3041//5551
f 3024//5552 3030//5552 3028//5552
f 3025//5553 3031//5553 3030//5553
f 3043//5554 3051//5554 3034//5554
f 3052//5555 3043//5555 3042//5555
f 3050//5556 3042//5556 3038//5556
f 3034//5557 3053//5557 3044//5557
f 3034//5558 3051//5558 3053//5558
f 3050//5559 3054//5559 3042//5559
f 3052//5560 3042//5560 3054//5560
f 3052//5561 3051//5561 3043//5561
f 3044//5562 3053//5562 3055//5562
f 3044//5563 3055//5563 3056//5563
f 3049//5564 3057//5564 3050//5564
f 3026//5565 3032//5565 3031//5565
f 3027//5566 3058//5566 3032//5566
f 3027//5567 3033//5567 3058//5567
f 3050//5568 3057//5568 3054//5568
f 3013//5569 3014//5569 3059//5569
f 3009//5570 3011//5570 3060//5570
f 3007//5571 3061//5571 2983//5571
f 3007//5572 3010//5572 3062//5572
f 3010//5573 3008//5573 3063//5573
f 3009//5574 3064//5574 3008//5574
f 3008//5575 3064//5575 3063//5575
f 3009//5576 3060//5576 3064//5576
f 3013//5577 3059//5577 3065//5577
f 3059//5578 3066//5578 3067//5578
f 3013//5579 3068//5579 3011//5579
f 3065//5580 3059//5580 3067//5580
f 3013//5581 3065//5581 3068//5581
f 3068//5582 3060//5582 3011//5582
f 2983//5583 3061//5583 3029//5583
f 3007//5584 3062//5584 3061//5584
f 3010//5585 3063//5585 3062//5585
f 3064//5586 3060//5586 3069//5586
f 3029//5587 3061//5587 3033//5587
f 3061//5588 3062//5588 3070//5588
f 3063//5589 3064//5589 3071//5589
f 3062//5590 3063//5590 3072//5590
f 3068//5591 3073//5591 3060//5591
f 2986//5592 3074//5592 3002//5592
f 3002//5593 3075//5593 3003//5593
f 3003//5594 3076//5594 3015//5594
f 3015//5595 3077//5595 3016//5595
f 3017//5596 3016//5596 3078//5596
f 2986//5597 3036//5597 3074//5597
f 3002//5598 3074//5598 3075//5598
f 3003//5599 3075//5599 3076//5599
f 3015//5600 3076//5600 3077//5600
f 3046//5601 3079//5601 3075//5601
f 3016//5602 3077//5602 3078//5602
f 3059//5603 3014//5603 3080//5603
f 3017//5604 3080//5604 3014//5604
f 3059//5605 3081//5605 3066//5605
f 3066//5606 3082//5606 3067//5606
f 3065//5607 3067//5607 3083//5607
f 3017//5608 3078//5608 3080//5608
f 3059//5609 3080//5609 3081//5609
f 3035//5610 3046//5610 3036//5610
f 3074//5611 3036//5611 3046//5611
f 3074//5612 3046//5612 3075//5612
f 3060//5613 3073//5613 3069//5613
f 3064//5614 3069//5614 3071//5614
f 3075//5615 3079//5615 3084//5615
f 3044//5616 3056//5616 3079//5616
f 3085//5617 3076//5617 3075//5617
f 3086//5618 3077//5618 3076//5618
f 3085//5619 3075//5619 3084//5619
f 3087//5620 3078//5620 3077//5620
f 3079//5621 3056//5621 3084//5621
f 3087//5622 3077//5622 3088//5622
f 3085//5623 3086//5623 3076//5623
f 3086//5624 3088//5624 3077//5624
f 3065//5625 3089//5625 3068//5625
f 3066//5626 3081//5626 3082//5626
f 3067//5627 3082//5627 3083//5627
f 3068//5628 3090//5628 3073//5628
f 3068//5629 3091//5629 3090//5629
f 3065//5630 3083//5630 3089//5630
f 3068//5631 3087//5631 3091//5631
f 3068//5632 3089//5632 3087//5632
f 3078//5633 3083//5633 3080//5633
f 3081//5634 3080//5634 3082//5634
f 3089//5635 3078//5635 3087//5635
f 3080//5636 3083//5636 3082//5636
f 3089//5637 3083//5637 3078//5637
f 3061//5638 3070//5638 3033//5638
f 3062//5639 3072//5639 3070//5639
f 3063//5640 3071//5640 3072//5640
f 3091//5641 3087//5641 3088//5641
f 3051//5642 3092//5642 3053//5642
f 3053//5643 3093//5643 3055//5643
f 3094//5644 3095//5644 3096//5644
f 3048//5645 3028//5645 3097//5645
f 3048//5646 3097//5646 3096//5646
f 3094//5647 3096//5647 3098//5647
f 3098//5648 3096//5648 3097//5648
f 3094//5649 3099//5649 3095//5649
f 3028//5650 3100//5650 3097//5650
f 3094//5651 3098//5651 3101//5651
f 3048//5652 3096//5652 3049//5652
f 3096//5653 3102//5653 3049//5653
f 3049//5654 3103//5654 3057//5654
f 3057//5655 3103//5655 3104//5655
f 3095//5656 3105//5656 3096//5656
f 3049//5657 3102//5657 3106//5657
f 3049//5658 3106//5658 3103//5658
f 3096//5659 3105//5659 3102//5659
f 3095//5660 3099//5660 3107//5660
f 3095//5661 3107//5661 3105//5661
f 3094//5662 3108//5662 3099//5662
f 3094//5663 3101//5663 3108//5663
f 3030//5664 3031//5664 3109//5664
f 3028//5665 3030//5665 3100//5665
f 3030//5666 3109//5666 3100//5666
f 3031//5667 3032//5667 3110//5667
f 3032//5668 3058//5668 3111//5668
f 3058//5669 3033//5669 3112//5669
f 3057//5670 3104//5670 3054//5670
f 3052//5671 3054//5671 3113//5671
f 3052//5672 3114//5672 3051//5672
f 3051//5673 3114//5673 3092//5673
f 3052//5674 3113//5674 3115//5674
f 3054//5675 3104//5675 3113//5675
f 3052//5676 3115//5676 3116//5676
f 3052//5677 3116//5677 3114//5677
f 3053//5678 3092//5678 3117//5678
f 3053//5679 3117//5679 3118//5679
f 3053//5680 3118//5680 3093//5680
f 3098//5681 3097//5681 3119//5681
f 3098//5682 3120//5682 3121//5682
f 3098//5683 3119//5683 3120//5683
f 3098//5684 3121//5684 3101//5684
f 3100//5685 3122//5685 3097//5685
f 3097//5686 3122//5686 3119//5686
f 3100//5687 3123//5687 3122//5687
f 3031//5688 3110//5688 3109//5688
f 3032//5689 3111//5689 3110//5689
f 3100//5690 3109//5690 3124//5690
f 3100//5691 3124//5691 3123//5691
f 3058//5692 3112//5692 3111//5692
f 3112//5693 3033//5693 3125//5693
f 3109//5694 3126//5694 3127//5694
f 3109//5695 3110//5695 3126//5695
f 3110//5696 3111//5696 3128//5696
f 3110//5697 3128//5697 3126//5697
f 3109//5698 3127//5698 3124//5698
f 3111//5699 3112//5699 3129//5699
f 3111//5700 3130//5700 3128//5700
f 3111//5701 3129//5701 3130//5701
f 3112//5702 3131//5702 3129//5702
f 3112//5703 3125//5703 3132//5703
f 3112//5704 3133//5704 3131//5704
f 3112//5705 3134//5705 3133//5705
f 3112//5706 3135//5706 3134//5706
f 3112//5707 3132//5707 3135//5707
f 3132//5708 3125//5708 3136//5708
f 3055//5709 3137//5709 3056//5709
f 3056//5710 3138//5710 3084//5710
f 3033//5711 3070//5711 3139//5711
f 3072//5712 3140//5712 3070//5712
f 3071//5713 3069//5713 3141//5713
f 3069//5714 3073//5714 3142//5714
f 3072//5715 3071//5715 3143//5715
f 3069//5716 3142//5716 3141//5716
f 3055//5717 3093//5717 3137//5717
f 3056//5718 3144//5718 3138//5718
f 3056//5719 3137//5719 3144//5719
f 3086//5720 3145//5720 3088//5720
f 3085//5721 3084//5721 3146//5721
f 3084//5722 3138//5722 3146//5722
f 3085//5723 3147//5723 3086//5723
f 3085//5724 3148//5724 3149//5724
f 3085//5725 3146//5725 3148//5725
f 3085//5726 3149//5726 3147//5726
f 3086//5727 3147//5727 3145//5727
f 3090//5728 3150//5728 3073//5728
f 3073//5729 3150//5729 3151//5729
f 3152//5730 3150//5730 3153//5730
f 3152//5731 3154//5731 3150//5731
f 3154//5732 3151//5732 3150//5732
f 3152//5733 3153//5733 3155//5733
f 3073//5734 3151//5734 3142//5734
f 3152//5735 3156//5735 3154//5735
f 3090//5736 3091//5736 3157//5736
f 3090//5737 3157//5737 3150//5737
f 3091//5738 3088//5738 3158//5738
f 3088//5739 3145//5739 3158//5739
f 3153//5740 3150//5740 3159//5740
f 3091//5741 3158//5741 3157//5741
f 3150//5742 3157//5742 3160//5742
f 3150//5743 3160//5743 3159//5743
f 3153//5744 3161//5744 3155//5744
f 3153//5745 3159//5745 3161//5745
f 3152//5746 3155//5746 3162//5746
f 3152//5747 3162//5747 3156//5747
f 3033//5748 3139//5748 3125//5748
f 3070//5749 3140//5749 3139//5749
f 3071//5750 3141//5750 3143//5750
f 3072//5751 3143//5751 3140//5751
f 3141//5752 3142//5752 3163//5752
f 3163//5753 3142//5753 3164//5753
f 3139//5754 3140//5754 3165//5754
f 3125//5755 3139//5755 3166//5755
f 3125//5756 3166//5756 3136//5756
f 3139//5757 3167//5757 3166//5757
f 3139//5758 3168//5758 3167//5758
f 3139//5759 3169//5759 3168//5759
f 3139//5760 3170//5760 3169//5760
f 3139//5761 3165//5761 3170//5761
f 3140//5762 3171//5762 3165//5762
f 3140//5763 3172//5763 3171//5763
f 3141//5764 3173//5764 3143//5764
f 3140//5765 3143//5765 3172//5765
f 3172//5766 3143//5766 3173//5766
f 3141//5767 3174//5767 3173//5767
f 3141//5768 3163//5768 3174//5768
f 3154//5769 3175//5769 3151//5769
f 3154//5770 3176//5770 3177//5770
f 3154//5771 3177//5771 3175//5771
f 3154//5772 3156//5772 3176//5772
f 3142//5773 3151//5773 3178//5773
f 3151//5774 3175//5774 3178//5774
f 3142//5775 3178//5775 3164//5775
f 3179//5776 3180//5776 3181//5776
f 3179//5777 3181//5777 3182//5777
f 3182//5778 3181//5778 3183//5778
f 3184//5779 3181//5779 3185//5779
f 3185//5780 3181//5780 3180//5780
f 3186//5781 3184//5781 3185//5781
f 3187//5782 3188//5782 3189//5782
f 3186//5783 3190//5783 3191//5783
f 3186//5784 3185//5784 3190//5784
f 3192//5785 3190//5785 3193//5785
f 3192//5786 3193//5786 3194//5786
f 3191//5787 3190//5787 3192//5787
f 3192//5788 3194//5788 3195//5788
f 3194//5789 3187//5789 3195//5789
f 3194//5790 3188//5790 3187//5790
f 3184//5791 3196//5791 3181//5791
f 3186//5792 3197//5792 3184//5792
f 3186//5793 3191//5793 3198//5793
f 3191//5794 3192//5794 3199//5794
f 3192//5795 3195//5795 3200//5795
f 3195//5796 3187//5796 3201//5796
f 3187//5797 3189//5797 3202//5797
f 3181//5798 3203//5798 3183//5798
f 3183//5799 3203//5799 3204//5799
f 3204//5800 3205//5800 3206//5800
f 3206//5801 3205//5801 3207//5801
f 3207//5802 3208//5802 3209//5802
f 3209//5803 3208//5803 3210//5803
f 3210//5804 3211//5804 3212//5804
f 3212//5805 3211//5805 3213//5805
f 3214//5806 3215//5806 3216//5806
f 3216//5807 3215//5807 3217//5807
f 3217//5808 3218//5808 3219//5808
f 3219//5809 3218//5809 3220//5809
f 3213//5810 3221//5810 3222//5810
f 3222//5811 3223//5811 3224//5811
f 3224//5812 3223//5812 3225//5812
f 3225//5813 3226//5813 3227//5813
f 3227//5814 3226//5814 3228//5814
f 3228//5815 3229//5815 3230//5815
f 3222//5816 3221//5816 3223//5816
f 3225//5817 3223//5817 3226//5817
f 3228//5818 3226//5818 3229//5818
f 3230//5819 3229//5819 3214//5819
f 3214//5820 3229//5820 3215//5820
f 3217//5821 3215//5821 3218//5821
f 3207//5822 3205//5822 3208//5822
f 3204//5823 3203//5823 3205//5823
f 3184//5792 3197//5792 3196//5792
f 3181//5824 3196//5824 3203//5824
f 3210//5825 3208//5825 3211//5825
f 3213//5826 3211//5826 3221//5826
f 3205//5827 3211//5827 3208//5827
f 3211//5828 3196//5828 3221//5828
f 3221//5829 3196//5829 3197//5829
f 3205//5830 3203//5830 3211//5830
f 3211//5831 3203//5831 3196//5831
f 3186//5832 3198//5832 3197//5832
f 3221//5833 3197//5833 3223//5833
f 3223//5834 3198//5834 3226//5834
f 3229//5835 3226//5835 3199//5835
f 3229//5836 3200//5836 3215//5836
f 3215//5837 3201//5837 3218//5837
f 3191//5794 3199//5794 3198//5794
f 3192//5838 3200//5838 3199//5838
f 3195//5839 3201//5839 3200//5839
f 3187//5840 3202//5840 3201//5840
f 3223//5841 3197//5841 3198//5841
f 3226//5842 3198//5842 3199//5842
f 3229//5843 3199//5843 3200//5843
f 3215//5844 3200//5844 3201//5844
f 3201//5845 3202//5845 3218//5845
f 3231//5846 3232//5846 3189//5846
f 3188//5847 3231//5847 3189//5847
f 3231//5848 3233//5848 3234//5848
f 3231//5849 3234//5849 3232//5849
f 3235//5850 3233//5850 3236//5850
f 3237//5851 3235//5851 3236//5851
f 3237//5852 3238//5852 3239//5852
f 3235//5853 3234//5853 3233//5853
f 3237//5854 3239//5854 3235//5854
f 3240//5855 3241//5855 3242//5855
f 3241//5856 3243//5856 3242//5856
f 3243//5857 3244//5857 3242//5857
f 3245//5858 3240//5858 3242//5858
f 3237//5859 3240//5859 3238//5859
f 3238//5860 3240//5860 3245//5860
f 3235//5861 3239//5861 3246//5861
f 3239//5862 3238//5862 3247//5862
f 3189//5863 3232//5863 3202//5863
f 3232//5864 3234//5864 3248//5864
f 3235//5865 3249//5865 3234//5865
f 3245//5866 3242//5866 3250//5866
f 3238//5867 3245//5867 3251//5867
f 3220//5868 3218//5868 3252//5868
f 3252//5869 3253//5869 3254//5869
f 3254//5870 3253//5870 3255//5870
f 3255//5871 3256//5871 3257//5871
f 3252//5872 3218//5872 3253//5872
f 3255//5873 3253//5873 3256//5873
f 3257//5874 3258//5874 3259//5874
f 3259//5875 3258//5875 3260//5875
f 3260//5876 3261//5876 3262//5876
f 3263//5877 3264//5877 3261//5877
f 3265//5878 3266//5878 3267//5878
f 3265//5879 3263//5879 3266//5879
f 3264//5880 3262//5880 3261//5880
f 3263//5881 3261//5881 3266//5881
f 3257//5882 3256//5882 3258//5882
f 3260//5883 3258//5883 3261//5883
f 3242//5884 3244//5884 3268//5884
f 3244//5885 3269//5885 3268//5885
f 3269//5886 3270//5886 3271//5886
f 3270//5887 3272//5887 3271//5887
f 3272//5888 3273//5888 3274//5888
f 3273//5889 3275//5889 3274//5889
f 3276//5890 3267//5890 3277//5890
f 3276//5891 3277//5891 3275//5891
f 3238//5892 3251//5892 3247//5892
f 3218//5893 3248//5893 3253//5893
f 3253//5894 3249//5894 3256//5894
f 3261//5895 3251//5895 3266//5895
f 3256//5896 3246//5896 3258//5896
f 3258//5897 3247//5897 3261//5897
f 3272//5898 3274//5898 3271//5898
f 3269//5899 3271//5899 3268//5899
f 3245//5867 3250//5867 3251//5867
f 3242//5900 3268//5900 3250//5900
f 3275//5901 3277//5901 3274//5901
f 3267//5902 3266//5902 3277//5902
f 3277//5903 3266//5903 3250//5903
f 3271//5904 3274//5904 3277//5904
f 3266//5905 3251//5905 3250//5905
f 3271//5906 3277//5906 3268//5906
f 3277//5907 3250//5907 3268//5907
f 3232//5908 3248//5908 3202//5908
f 3234//5864 3249//5864 3248//5864
f 3235//5909 3246//5909 3249//5909
f 3239//5861 3247//5861 3246//5861
f 3218//5910 3202//5910 3248//5910
f 3253//5911 3248//5911 3249//5911
f 3256//5912 3249//5912 3246//5912
f 3258//5913 3246//5913 3247//5913
f 3261//5914 3247//5914 3251//5914
f 3045//5915 3278//5915 3046//5915
f 3045//5916 3279//5916 3278//5916
f 3278//4245 3279//4245 3280//4245
f 3045//5916 3044//5916 3281//5916
f 3044//4221 3282//4221 3281//4221
f 3281//5917 3282//5917 3279//5917
f 3045//5916 3281//5916 3279//5916
f 3278//5915 3280//5915 3046//5915
f 3046//5918 3280//5918 3079//5918
f 3044//4221 3079//4221 3282//4221
f 3280//5918 3282//5918 3079//5918
f 3279//4245 3283//4245 3280//4245
f 3280//5918 3283//5918 3282//5918
f 3279//5917 3282//5917 3283//5917
f 3107//5919 3284//5919 3105//5919
f 3106//5920 3285//5920 3103//5920
f 3285//5921 3286//5921 3103//5921
f 3103//5922 3286//5922 3104//5922
f 3285//5923 3287//5923 3286//5923
f 3286//5924 3287//5924 3288//5924
f 3105//5925 3284//5925 3285//5925
f 3287//5926 3289//5926 3290//5926
f 3285//5927 3289//5927 3287//5927
f 3102//5928 3285//5928 3106//5928
f 3105//5929 3285//5929 3102//5929
f 3286//5930 3291//5930 3115//5930
f 3286//5931 3113//5931 3104//5931
f 3286//5932 3115//5932 3113//5932
f 3287//5924 3292//5924 3288//5924
f 3288//5933 3292//5933 3293//5933
f 3288//5934 3293//5934 3294//5934
f 3287//5926 3290//5926 3292//5926
f 3292//5935 3290//5935 3293//5935
f 3293//5936 3295//5936 3296//5936
f 3293//5937 3296//5937 3294//5937
f 3294//5938 3296//5938 3297//5938
f 3296//5939 3298//5939 3297//5939
f 3291//5940 3299//5940 3092//5940
f 3115//5941 3291//5941 3116//5941
f 3116//5942 3291//5942 3114//5942
f 3114//5943 3291//5943 3092//5943
f 3291//5944 3300//5944 3299//5944
f 3300//5945 3301//5945 3302//5945
f 3092//5946 3299//5946 3117//5946
f 3117//5947 3299//5947 3118//5947
f 3300//5948 3302//5948 3299//5948
f 3299//5949 3303//5949 3118//5949
f 3118//5950 3303//5950 3093//5950
f 3299//5951 3302//5951 3303//5951
f 3302//5952 3304//5952 3303//5952
f 3302//5953 3301//5953 3305//5953
f 3302//5954 3305//5954 3304//5954
f 3305//5955 3306//5955 3304//5955
f 3286//5956 3288//5956 3291//5956
f 3288//5957 3294//5957 3291//5957
f 3291//5958 3294//5958 3300//5958
f 3300//5959 3294//5959 3297//5959
f 3300//5960 3297//5960 3301//5960
f 3297//5961 3307//5961 3301//5961
f 3297//5962 3298//5962 3307//5962
f 3301//5963 3307//5963 3308//5963
f 3301//5964 3308//5964 3305//5964
f 3308//5965 3309//5965 3305//5965
f 3305//5966 3309//5966 3306//5966
f 3309//5967 3310//5967 3306//5967
f 3307//5968 3311//5968 3308//5968
f 3308//5969 3312//5969 3309//5969
f 3308//5970 3311//5970 3312//5970
f 3309//5971 3312//5971 3313//5971
f 3309//5972 3313//5972 3310//5972
f 3120//5973 3119//5973 3314//5973
f 3314//5974 3315//5974 3316//5974
f 3119//5975 3315//5975 3314//5975
f 3119//5976 3122//5976 3315//5976
f 3123//5977 3315//5977 3122//5977
f 3316//5978 3317//5978 3318//5978
f 3315//5979 3319//5979 3317//5979
f 3317//5980 3320//5980 3321//5980
f 3315//5981 3317//5981 3316//5981
f 3289//5982 3284//5982 3322//5982
f 3323//5983 3322//5983 3284//5983
f 3289//5984 3322//5984 3324//5984
f 3325//5985 3108//5985 3101//5985
f 3107//5986 3099//5986 3325//5986
f 3325//5987 3099//5987 3108//5987
f 3107//5988 3325//5988 3284//5988
f 3325//5989 3323//5989 3284//5989
f 3326//5990 3325//5990 3101//5990
f 3326//5991 3327//5991 3325//5991
f 3326//5992 3314//5992 3327//5992
f 3325//5993 3327//5993 3323//5993
f 3326//5994 3121//5994 3120//5994
f 3326//5995 3101//5995 3121//5995
f 3326//5996 3120//5996 3314//5996
f 3285//5997 3284//5997 3289//5997
f 3327//5998 3328//5998 3323//5998
f 3327//5999 3329//5999 3328//5999
f 3329//6000 3316//6000 3330//6000
f 3329//6001 3331//6001 3328//6001
f 3329//6002 3330//6002 3331//6002
f 3322//6003 3332//6003 3333//6003
f 3323//6004 3328//6004 3332//6004
f 3323//6005 3332//6005 3322//6005
f 3328//6006 3331//6006 3334//6006
f 3328//6007 3334//6007 3332//6007
f 3332//6008 3334//6008 3335//6008
f 3327//6009 3314//6009 3329//6009
f 3329//6010 3314//6010 3316//6010
f 3315//6011 3124//6011 3319//6011
f 3127//6012 3319//6012 3124//6012
f 3123//6013 3124//6013 3315//6013
f 3317//6014 3319//6014 3320//6014
f 3127//6015 3126//6015 3319//6015
f 3319//6016 3336//6016 3320//6016
f 3319//6017 3126//6017 3336//6017
f 3126//6018 3128//6018 3336//6018
f 3320//6019 3336//6019 3337//6019
f 3130//6020 3129//6020 3336//6020
f 3337//6021 3336//6021 3338//6021
f 3336//6022 3129//6022 3339//6022
f 3336//6023 3339//6023 3338//6023
f 3131//6024 3133//6024 3340//6024
f 3133//6025 3134//6025 3341//6025
f 3129//6026 3131//6026 3339//6026
f 3133//6027 3341//6027 3340//6027
f 3131//6028 3340//6028 3339//6028
f 3134//6029 3342//6029 3341//6029
f 3134//6030 3135//6030 3342//6030
f 3342//6031 3135//6031 3132//6031
f 3342//4221 3132//4221 3343//4221
f 3342//4221 3343//4221 3341//4221
f 3340//4221 3341//4221 3344//4221
f 3339//4221 3340//4221 3345//4221
f 3128//6032 3130//6032 3336//6032
f 3321//6033 3346//6033 3347//6033
f 3317//6034 3321//6034 3318//6034
f 3318//6035 3321//6035 3347//6035
f 3318//6036 3347//6036 3348//6036
f 3347//6037 3349//6037 3350//6037
f 3348//6038 3347//6038 3350//6038
f 3348//6039 3350//6039 3351//6039
f 3351//6040 3350//6040 3352//6040
f 3351//6041 3352//6041 3353//6041
f 3353//6042 3354//6042 3355//6042
f 3330//6043 3356//6043 3331//6043
f 3330//6044 3348//6044 3356//6044
f 3356//6045 3357//6045 3331//6045
f 3331//6046 3357//6046 3334//6046
f 3357//6047 3358//6047 3334//6047
f 3334//6048 3358//6048 3359//6048
f 3316//6049 3318//6049 3330//6049
f 3330//6050 3318//6050 3348//6050
f 3356//6051 3348//6051 3351//6051
f 3356//6052 3360//6052 3357//6052
f 3360//6053 3361//6053 3357//6053
f 3357//6054 3361//6054 3358//6054
f 3358//6055 3361//6055 3362//6055
f 3358//6056 3362//6056 3363//6056
f 3361//6057 3364//6057 3362//6057
f 3362//6058 3364//6058 3365//6058
f 3356//6059 3351//6059 3360//6059
f 3351//6060 3353//6060 3360//6060
f 3353//6061 3366//6061 3360//6061
f 3360//6062 3366//6062 3361//6062
f 3366//6063 3364//6063 3361//6063
f 3353//6064 3355//6064 3366//6064
f 3320//6065 3367//6065 3321//6065
f 3321//6066 3367//6066 3346//6066
f 3320//6067 3337//6067 3367//6067
f 3337//6068 3368//6068 3367//6068
f 3367//6069 3369//6069 3346//6069
f 3367//6070 3368//6070 3369//6070
f 3347//6071 3346//6071 3349//6071
f 3346//6072 3370//6072 3349//6072
f 3369//6073 3370//6073 3346//6073
f 3349//6074 3370//6074 3371//6074
f 3349//6075 3371//6075 3372//6075
f 3371//6076 3373//6076 3372//6076
f 3337//6077 3374//6077 3368//6077
f 3337//6078 3338//6078 3374//6078
f 3368//6079 3374//6079 3375//6079
f 3368//6080 3375//6080 3376//6080
f 3368//6081 3376//6081 3369//6081
f 3369//6082 3377//6082 3370//6082
f 3369//6083 3376//6083 3377//6083
f 3377//6084 3378//6084 3370//6084
f 3339//4221 3379//4221 3338//4221
f 3374//4221 3338//4221 3380//4221
f 3374//4221 3381//4221 3375//4221
f 3375//4221 3382//4221 3376//4221
f 3376//4221 3383//4221 3377//4221
f 3377//4221 3384//4221 3378//4221
f 3378//4221 3385//4221 3386//4221
f 3386//4221 3387//4221 3388//4221
f 3378//6085 3371//6085 3370//6085
f 3386//6086 3373//6086 3371//6086
f 3388//6087 3389//6087 3373//6087
f 3378//6088 3386//6088 3371//6088
f 3386//6089 3388//6089 3373//6089
f 3388//6090 3390//6090 3389//6090
f 3388//4221 3391//4221 3390//4221
f 3390//4221 3392//4221 3393//4221
f 3390//6091 3393//6091 3394//6091
f 3390//6092 3394//6092 3389//6092
f 3393//6093 3395//6093 3396//6093
f 3393//6094 3396//6094 3394//6094
f 3350//6095 3372//6095 3352//6095
f 3350//6096 3349//6096 3372//6096
f 3372//6097 3397//6097 3352//6097
f 3373//6098 3397//6098 3372//6098
f 3397//6099 3354//6099 3352//6099
f 3353//6100 3352//6100 3354//6100
f 3397//6101 3398//6101 3354//6101
f 3398//6102 3399//6102 3354//6102
f 3396//6103 3395//6103 3400//6103
f 3373//6104 3389//6104 3397//6104
f 3397//6105 3389//6105 3398//6105
f 3389//6106 3394//6106 3398//6106
f 3394//6107 3396//6107 3401//6107
f 3396//6108 3400//6108 3402//6108
f 3394//6109 3401//6109 3398//6109
f 3398//6110 3401//6110 3399//6110
f 3396//6111 3402//6111 3401//6111
f 3402//6112 3400//6112 3403//6112
f 3289//5984 3324//5984 3290//5984
f 3290//6113 3324//6113 3295//6113
f 3324//6114 3404//6114 3295//6114
f 3293//6115 3290//6115 3295//6115
f 3296//6116 3295//6116 3405//6116
f 3404//6117 3405//6117 3295//6117
f 3296//6118 3405//6118 3298//6118
f 3405//6119 3406//6119 3298//6119
f 3404//6120 3407//6120 3405//6120
f 3405//6121 3407//6121 3406//6121
f 3407//6122 3408//6122 3406//6122
f 3322//6003 3333//6003 3324//6003
f 3324//6123 3333//6123 3404//6123
f 3404//6124 3333//6124 3409//6124
f 3332//6008 3335//6008 3333//6008
f 3333//6125 3335//6125 3409//6125
f 3409//6126 3335//6126 3410//6126
f 3404//6127 3409//6127 3407//6127
f 3409//6128 3411//6128 3407//6128
f 3409//6129 3410//6129 3411//6129
f 3410//6130 3412//6130 3411//6130
f 3411//6131 3412//6131 3413//6131
f 3407//6132 3411//6132 3408//6132
f 3411//6133 3413//6133 3408//6133
f 3298//6134 3406//6134 3414//6134
f 3406//6135 3408//6135 3415//6135
f 3408//6136 3413//6136 3416//6136
f 3408//6137 3416//6137 3415//6137
f 3413//6138 3417//6138 3418//6138
f 3416//6139 3413//6139 3418//6139
f 3416//6140 3418//6140 3419//6140
f 3418//6141 3420//6141 3421//6141
f 3307//6142 3298//6142 3422//6142
f 3298//6143 3414//6143 3422//6143
f 3307//6144 3422//6144 3311//6144
f 3406//6145 3415//6145 3414//6145
f 3414//6146 3415//6146 3423//6146
f 3422//6147 3414//6147 3424//6147
f 3414//6148 3423//6148 3424//6148
f 3312//6149 3311//6149 3425//6149
f 3422//6150 3426//6150 3311//6150
f 3311//6151 3426//6151 3425//6151
f 3312//6152 3427//6152 3313//6152
f 3312//6153 3425//6153 3427//6153
f 3422//6154 3424//6154 3426//6154
f 3426//6155 3424//6155 3428//6155
f 3425//6156 3426//6156 3429//6156
f 3425//6157 3430//6157 3427//6157
f 3426//6158 3428//6158 3429//6158
f 3425//6159 3429//6159 3430//6159
f 3416//6160 3431//6160 3415//6160
f 3415//6161 3431//6161 3423//6161
f 3416//6162 3419//6162 3431//6162
f 3418//6163 3421//6163 3419//6163
f 3423//6164 3431//6164 3432//6164
f 3431//6165 3419//6165 3433//6165
f 3431//6166 3433//6166 3432//6166
f 3419//6167 3421//6167 3434//6167
f 3419//6168 3434//6168 3433//6168
f 3421//6169 3435//6169 3434//6169
f 3423//6170 3436//6170 3424//6170
f 3423//6171 3432//6171 3436//6171
f 3424//6172 3436//6172 3428//6172
f 3436//6173 3437//6173 3428//6173
f 3429//6174 3438//6174 3430//6174
f 3428//6175 3439//6175 3429//6175
f 3432//6176 3440//6176 3436//6176
f 3432//6177 3433//6177 3441//6177
f 3435//6178 3442//6178 3434//6178
f 3433//6179 3434//6179 3443//6179
f 3434//6180 3442//6180 3443//6180
f 3436//6181 3440//6181 3437//6181
f 3429//6182 3439//6182 3438//6182
f 3428//6183 3437//6183 3439//6183
f 3432//6184 3441//6184 3440//6184
f 3433//6185 3443//6185 3441//6185
f 3437//4245 3440//4245 3444//4245
f 3437//4245 3445//4245 3439//4245
f 3441//4245 3446//4245 3440//4245
f 3443//4245 3447//4245 3441//4245
f 3334//6048 3359//6048 3335//6048
f 3335//6186 3448//6186 3410//6186
f 3335//6187 3359//6187 3448//6187
f 3410//6188 3449//6188 3412//6188
f 3410//6189 3448//6189 3449//6189
f 3412//6190 3449//6190 3450//6190
f 3413//6191 3412//6191 3417//6191
f 3412//6192 3450//6192 3417//6192
f 3449//6193 3451//6193 3450//6193
f 3358//6056 3363//6056 3359//6056
f 3359//6194 3452//6194 3448//6194
f 3359//6195 3363//6195 3452//6195
f 3362//6196 3453//6196 3363//6196
f 3363//6197 3453//6197 3454//6197
f 3363//6198 3454//6198 3452//6198
f 3448//6199 3455//6199 3449//6199
f 3448//6200 3452//6200 3455//6200
f 3449//6201 3455//6201 3451//6201
f 3455//6202 3456//6202 3451//6202
f 3452//6203 3457//6203 3455//6203
f 3452//6204 3454//6204 3457//6204
f 3455//6205 3457//6205 3456//6205
f 3457//6206 3458//6206 3456//6206
f 3417//6207 3450//6207 3420//6207
f 3418//6208 3417//6208 3420//6208
f 3420//6209 3459//6209 3460//6209
f 3420//6210 3450//6210 3459//6210
f 3450//6211 3461//6211 3459//6211
f 3459//6212 3461//6212 3462//6212
f 3450//6213 3451//6213 3461//6213
f 3451//6214 3463//6214 3461//6214
f 3451//6215 3456//6215 3463//6215
f 3456//6216 3458//6216 3464//6216
f 3421//6217 3420//6217 3460//6217
f 3459//6218 3465//6218 3460//6218
f 3459//6219 3462//6219 3465//6219
f 3421//6220 3460//6220 3435//6220
f 3435//6221 3460//6221 3466//6221
f 3460//6222 3465//6222 3466//6222
f 3466//6223 3465//6223 3467//6223
f 3465//6224 3462//6224 3468//6224
f 3467//6225 3465//6225 3468//6225
f 3462//6226 3469//6226 3468//6226
f 3462//6227 3470//6227 3469//6227
f 3469//6228 3470//6228 3471//6228
f 3435//6229 3466//6229 3472//6229
f 3435//6230 3472//6230 3442//6230
f 3466//6231 3473//6231 3472//6231
f 3466//6232 3467//6232 3473//6232
f 3467//6233 3468//6233 3474//6233
f 3467//6234 3475//6234 3473//6234
f 3467//6235 3474//6235 3475//6235
f 3474//6236 3468//6236 3476//6236
f 3443//4245 3442//4245 3477//4245
f 3472//4245 3478//4245 3442//4245
f 3472//4245 3473//4245 3479//4245
f 3473//4245 3475//4245 3480//4245
f 3475//4245 3474//4245 3481//4245
f 3474//4245 3476//4245 3482//4245
f 3476//4245 3483//4245 3484//4245
f 3483//4245 3485//4245 3486//4245
f 3476//6237 3468//6237 3469//6237
f 3483//6238 3469//6238 3471//6238
f 3485//6239 3471//6239 3487//6239
f 3476//6240 3469//6240 3483//6240
f 3483//6241 3471//6241 3485//6241
f 3485//6242 3487//6242 3488//6242
f 3485//4245 3488//4245 3489//4245
f 3488//4245 3490//4245 3491//4245
f 3488//6243 3492//6243 3490//6243
f 3488//6244 3487//6244 3492//6244
f 3490//6245 3492//6245 3493//6245
f 3490//6246 3493//6246 3494//6246
f 3461//6247 3463//6247 3470//6247
f 3461//6248 3470//6248 3462//6248
f 3463//6249 3495//6249 3470//6249
f 3456//6250 3464//6250 3463//6250
f 3463//6251 3464//6251 3495//6251
f 3464//6252 3496//6252 3495//6252
f 3464//6253 3497//6253 3496//6253
f 3471//6254 3470//6254 3495//6254
f 3496//6255 3497//6255 3498//6255
f 3471//6256 3495//6256 3487//6256
f 3495//6257 3496//6257 3487//6257
f 3487//6258 3496//6258 3492//6258
f 3493//6259 3499//6259 3494//6259
f 3492//6260 3498//6260 3493//6260
f 3493//6261 3500//6261 3499//6261
f 3492//6262 3496//6262 3498//6262
f 3493//6263 3498//6263 3500//6263
f 3500//6264 3501//6264 3499//6264
f 3362//6196 3365//6196 3453//6196
f 3366//6265 3502//6265 3364//6265
f 3502//6266 3179//6266 3364//6266
f 3366//6267 3355//6267 3502//6267
f 3355//6268 3503//6268 3502//6268
f 3502//6269 3180//6269 3179//6269
f 3502//6270 3185//6270 3180//6270
f 3365//6271 3364//6271 3504//6271
f 3364//6272 3179//6272 3182//6272
f 3364//6273 3182//6273 3504//6273
f 3365//6274 3504//6274 3505//6274
f 3365//4931 3505//4931 3506//4931
f 3504//6275 3204//6275 3505//6275
f 3505//6276 3206//6276 3506//6276
f 3182//6277 3183//6277 3504//6277
f 3504//6278 3183//6278 3204//6278
f 3505//6279 3204//6279 3206//6279
f 3354//6280 3399//6280 3355//6280
f 3355//6281 3399//6281 3507//6281
f 3399//6282 3508//6282 3507//6282
f 3507//6283 3508//6283 3509//6283
f 3401//6284 3508//6284 3399//6284
f 3401//6285 3402//6285 3508//6285
f 3402//6286 3510//6286 3508//6286
f 3402//6287 3403//6287 3510//6287
f 3510//6288 3403//6288 3511//6288
f 3509//6289 3508//6289 3510//6289
f 3509//6290 3510//6290 3512//6290
f 3510//6291 3511//6291 3512//6291
f 3512//6292 3511//6292 3513//6292
f 3355//6293 3507//6293 3503//6293
f 3507//6294 3193//6294 3503//6294
f 3502//6295 3503//6295 3185//6295
f 3503//6296 3190//6296 3185//6296
f 3507//6297 3509//6297 3193//6297
f 3503//6298 3193//6298 3190//6298
f 3509//6299 3512//6299 3194//6299
f 3509//6300 3194//6300 3193//6300
f 3512//6301 3188//6301 3194//6301
f 3512//6302 3513//6302 3188//6302
f 3365//4931 3506//4931 3453//4931
f 3453//6303 3514//6303 3454//6303
f 3453//6304 3506//6304 3514//6304
f 3206//6305 3207//6305 3506//6305
f 3506//6306 3207//6306 3209//6306
f 3506//6307 3209//6307 3514//6307
f 3209//6308 3210//6308 3514//6308
f 3514//6309 3210//6309 3212//6309
f 3457//6310 3454//6310 3515//6310
f 3454//6311 3514//6311 3515//6311
f 3457//6312 3515//6312 3458//6312
f 3515//6313 3222//6313 3458//6313
f 3514//6314 3212//6314 3515//6314
f 3212//6315 3213//6315 3515//6315
f 3515//6316 3213//6316 3222//6316
f 3458//6317 3222//6317 3224//6317
f 3458//6318 3224//6318 3225//6318
f 3464//6319 3458//6319 3497//6319
f 3458//6320 3225//6320 3516//6320
f 3458//6321 3516//6321 3497//6321
f 3497//6322 3516//6322 3517//6322
f 3225//6323 3227//6323 3516//6323
f 3516//6324 3227//6324 3228//6324
f 3516//6325 3228//6325 3517//6325
f 3228//6326 3230//6326 3517//6326
f 3517//6327 3230//6327 3214//6327
f 3498//6328 3497//6328 3517//6328
f 3500//6329 3517//6329 3518//6329
f 3498//6330 3517//6330 3500//6330
f 3517//6331 3214//6331 3518//6331
f 3500//6332 3518//6332 3501//6332
f 3518//6333 3220//6333 3501//6333
f 3518//6334 3219//6334 3220//6334
f 3518//6335 3214//6335 3216//6335
f 3518//6336 3216//6336 3217//6336
f 3518//6337 3217//6337 3219//6337
f 3147//6338 3519//6338 3145//6338
f 3149//6339 3519//6339 3147//6339
f 3149//6340 3520//6340 3519//6340
f 3159//6341 3521//6341 3161//6341
f 3522//6342 3158//6342 3519//6342
f 3157//6343 3158//6343 3522//6343
f 3145//6344 3519//6344 3158//6344
f 3522//6345 3519//6345 3523//6345
f 3519//6346 3524//6346 3523//6346
f 3160//6347 3157//6347 3522//6347
f 3159//6348 3160//6348 3522//6348
f 3159//6349 3522//6349 3521//6349
f 3522//6350 3523//6350 3525//6350
f 3523//6351 3524//6351 3525//6351
f 3093//6352 3303//6352 3137//6352
f 3303//6353 3526//6353 3137//6353
f 3303//6354 3304//6354 3527//6354
f 3303//6355 3527//6355 3526//6355
f 3137//6356 3526//6356 3144//6356
f 3144//6357 3526//6357 3138//6357
f 3526//6358 3527//6358 3528//6358
f 3304//6359 3306//6359 3529//6359
f 3304//6360 3529//6360 3527//6360
f 3527//6361 3529//6361 3530//6361
f 3526//6362 3531//6362 3138//6362
f 3146//6363 3138//6363 3531//6363
f 3148//6364 3146//6364 3531//6364
f 3148//6365 3531//6365 3149//6365
f 3526//6366 3528//6366 3531//6366
f 3149//6367 3531//6367 3520//6367
f 3527//6368 3530//6368 3528//6368
f 3306//6369 3310//6369 3532//6369
f 3306//6370 3532//6370 3529//6370
f 3529//6371 3532//6371 3533//6371
f 3529//6372 3533//6372 3530//6372
f 3531//6373 3528//6373 3534//6373
f 3531//6374 3534//6374 3520//6374
f 3528//6375 3530//6375 3535//6375
f 3528//6376 3535//6376 3534//6376
f 3530//6377 3533//6377 3536//6377
f 3530//6378 3536//6378 3535//6378
f 3535//6379 3536//6379 3537//6379
f 3310//6380 3313//6380 3532//6380
f 3532//6381 3313//6381 3538//6381
f 3532//6382 3538//6382 3533//6382
f 3538//6383 3539//6383 3533//6383
f 3533//6384 3539//6384 3536//6384
f 3519//6346 3520//6346 3524//6346
f 3534//6385 3540//6385 3520//6385
f 3520//6386 3540//6386 3524//6386
f 3524//6351 3541//6351 3525//6351
f 3524//6387 3540//6387 3541//6387
f 3534//6388 3542//6388 3540//6388
f 3534//6389 3535//6389 3542//6389
f 3535//6390 3537//6390 3542//6390
f 3540//6391 3542//6391 3543//6391
f 3132//4221 3136//4221 3343//4221
f 3136//4221 3166//4221 3544//4221
f 3136//4221 3544//4221 3343//4221
f 3166//6392 3167//6392 3544//6392
f 3544//6393 3167//6393 3343//6393
f 3167//6394 3168//6394 3343//6394
f 3341//4221 3343//4221 3344//4221
f 3340//4221 3344//4221 3345//4221
f 3168//6395 3344//6395 3343//6395
f 3168//6396 3169//6396 3344//6396
f 3169//6397 3345//6397 3344//6397
f 3169//6398 3170//6398 3345//6398
f 3170//6399 3165//6399 3345//6399
f 3345//6400 3165//6400 3545//6400
f 3345//6401 3545//6401 3379//6401
f 3171//6402 3545//6402 3165//6402
f 3545//6403 3546//6403 3379//6403
f 3171//6404 3172//6404 3545//6404
f 3174//6405 3163//6405 3547//6405
f 3163//6406 3548//6406 3547//6406
f 3163//6407 3164//6407 3548//6407
f 3172//6408 3173//6408 3545//6408
f 3545//6409 3173//6409 3547//6409
f 3545//6410 3547//6410 3549//6410
f 3545//6411 3549//6411 3546//6411
f 3174//6412 3547//6412 3173//6412
f 3547//6413 3550//6413 3549//6413
f 3177//6414 3551//6414 3175//6414
f 3164//6415 3178//6415 3548//6415
f 3175//6416 3551//6416 3178//6416
f 3178//6417 3551//6417 3548//6417
f 3548//6418 3551//6418 3552//6418
f 3547//6419 3548//6419 3550//6419
f 3549//6420 3550//6420 3553//6420
f 3548//6421 3552//6421 3550//6421
f 3550//6422 3552//6422 3554//6422
f 3176//6423 3156//6423 3555//6423
f 3156//6424 3162//6424 3555//6424
f 3155//6425 3555//6425 3162//6425
f 3161//6426 3521//6426 3155//6426
f 3155//6427 3521//6427 3555//6427
f 3555//6428 3521//6428 3556//6428
f 3176//6429 3557//6429 3177//6429
f 3176//6430 3555//6430 3557//6430
f 3557//6431 3551//6431 3177//6431
f 3557//6432 3555//6432 3558//6432
f 3557//6433 3558//6433 3551//6433
f 3555//6434 3556//6434 3558//6434
f 3522//6435 3525//6435 3521//6435
f 3521//6436 3525//6436 3559//6436
f 3525//6437 3541//6437 3559//6437
f 3521//6438 3559//6438 3556//6438
f 3558//6439 3560//6439 3551//6439
f 3551//6440 3560//6440 3552//6440
f 3558//6441 3556//6441 3561//6441
f 3558//6442 3561//6442 3560//6442
f 3552//6443 3560//6443 3562//6443
f 3560//6444 3561//6444 3563//6444
f 3560//6445 3563//6445 3562//6445
f 3556//6446 3564//6446 3561//6446
f 3556//6447 3559//6447 3564//6447
f 3559//6448 3565//6448 3564//6448
f 3561//6449 3566//6449 3563//6449
f 3561//6450 3564//6450 3566//6450
f 3564//6451 3567//6451 3566//6451
f 3339//4221 3345//4221 3379//4221
f 3338//4221 3379//4221 3380//4221
f 3374//4221 3380//4221 3381//4221
f 3375//4221 3381//4221 3382//4221
f 3376//4221 3382//4221 3383//4221
f 3377//4221 3383//4221 3384//4221
f 3378//4221 3384//4221 3385//4221
f 3386//4221 3385//4221 3387//4221
f 3546//6452 3380//6452 3379//6452
f 3380//6453 3568//6453 3381//6453
f 3546//6454 3568//6454 3380//6454
f 3381//6455 3569//6455 3382//6455
f 3382//6456 3569//6456 3383//6456
f 3383//6457 3570//6457 3384//6457
f 3381//6458 3568//6458 3569//6458
f 3383//6459 3569//6459 3570//6459
f 3388//4221 3387//4221 3391//4221
f 3390//4221 3391//4221 3392//4221
f 3393//4221 3392//4221 3395//4221
f 3392//6460 3391//6460 3571//6460
f 3384//6461 3572//6461 3385//6461
f 3387//6462 3573//6462 3391//6462
f 3387//6463 3385//6463 3574//6463
f 3395//6464 3392//6464 3575//6464
f 3392//6465 3571//6465 3575//6465
f 3391//6466 3573//6466 3571//6466
f 3384//6467 3570//6467 3572//6467
f 3385//6468 3572//6468 3574//6468
f 3387//6469 3574//6469 3573//6469
f 3546//6470 3576//6470 3568//6470
f 3546//6471 3549//6471 3576//6471
f 3568//6472 3577//6472 3569//6472
f 3568//6473 3576//6473 3577//6473
f 3549//6474 3553//6474 3576//6474
f 3576//6475 3578//6475 3577//6475
f 3570//6476 3569//6476 3577//6476
f 3570//6477 3579//6477 3572//6477
f 3570//6478 3577//6478 3579//6478
f 3572//6479 3580//6479 3574//6479
f 3572//6480 3579//6480 3580//6480
f 3577//6481 3578//6481 3579//6481
f 3395//6482 3575//6482 3400//6482
f 3575//6483 3581//6483 3400//6483
f 3575//6484 3571//6484 3582//6484
f 3574//6485 3583//6485 3573//6485
f 3571//6486 3573//6486 3584//6486
f 3573//6487 3583//6487 3584//6487
f 3400//6488 3581//6488 3403//6488
f 3575//6489 3582//6489 3581//6489
f 3571//6490 3584//6490 3582//6490
f 3584//6491 3585//6491 3582//6491
f 3574//6492 3580//6492 3583//6492
f 3579//6493 3586//6493 3580//6493
f 3580//6494 3586//6494 3587//6494
f 3580//6495 3587//6495 3583//6495
f 3584//6496 3583//6496 3588//6496
f 3584//6497 3588//6497 3585//6497
f 3583//6498 3587//6498 3588//6498
f 3587//6499 3589//6499 3588//6499
f 3576//6500 3553//6500 3578//6500
f 3550//6501 3554//6501 3553//6501
f 3553//6502 3554//6502 3590//6502
f 3579//6503 3578//6503 3586//6503
f 3553//6504 3590//6504 3578//6504
f 3578//6505 3590//6505 3586//6505
f 3587//6506 3586//6506 3591//6506
f 3590//6507 3591//6507 3586//6507
f 3587//6508 3591//6508 3589//6508
f 3588//6509 3589//6509 3592//6509
f 3552//6510 3562//6510 3554//6510
f 3554//6511 3562//6511 3590//6511
f 3590//6512 3593//6512 3591//6512
f 3562//6513 3563//6513 3593//6513
f 3590//6514 3562//6514 3593//6514
f 3593//6515 3563//6515 3594//6515
f 3563//6516 3566//6516 3594//6516
f 3566//6517 3595//6517 3596//6517
f 3594//6518 3566//6518 3596//6518
f 3593//6519 3597//6519 3591//6519
f 3591//6520 3597//6520 3589//6520
f 3589//6521 3598//6521 3592//6521
f 3589//6522 3597//6522 3598//6522
f 3597//6523 3599//6523 3598//6523
f 3598//6524 3599//6524 3600//6524
f 3593//6525 3594//6525 3597//6525
f 3597//6526 3594//6526 3599//6526
f 3594//6527 3596//6527 3599//6527
f 3596//6528 3601//6528 3599//6528
f 3596//6529 3602//6529 3601//6529
f 3599//6530 3601//6530 3600//6530
f 3601//6531 3603//6531 3600//6531
f 3601//6532 3604//6532 3603//6532
f 3313//6533 3427//6533 3538//6533
f 3538//6534 3427//6534 3605//6534
f 3538//6535 3605//6535 3539//6535
f 3539//6536 3605//6536 3606//6536
f 3539//6537 3606//6537 3607//6537
f 3607//6538 3606//6538 3608//6538
f 3427//6539 3430//6539 3605//6539
f 3605//6540 3609//6540 3606//6540
f 3605//6541 3430//6541 3609//6541
f 3606//6542 3609//6542 3610//6542
f 3606//6543 3610//6543 3608//6543
f 3536//6544 3539//6544 3607//6544
f 3536//6545 3607//6545 3537//6545
f 3607//6546 3611//6546 3537//6546
f 3607//6547 3608//6547 3611//6547
f 3611//6548 3608//6548 3612//6548
f 3611//6549 3613//6549 3614//6549
f 3611//6550 3612//6550 3613//6550
f 3430//6551 3438//6551 3609//6551
f 3609//6552 3445//6552 3610//6552
f 3610//6553 3444//6553 3615//6553
f 3608//6554 3610//6554 3615//6554
f 3608//6555 3615//6555 3612//6555
f 3612//6556 3615//6556 3616//6556
f 3609//6557 3438//6557 3445//6557
f 3610//6558 3445//6558 3444//6558
f 3615//6559 3444//6559 3446//6559
f 3439//4245 3445//4245 3438//4245
f 3437//4245 3444//4245 3445//4245
f 3440//4245 3446//4245 3444//4245
f 3441//4245 3447//4245 3446//4245
f 3443//4245 3477//4245 3447//4245
f 3616//6560 3446//6560 3447//6560
f 3447//6561 3477//6561 3617//6561
f 3615//6562 3446//6562 3616//6562
f 3616//6563 3447//6563 3617//6563
f 3477//6564 3618//6564 3617//6564
f 3477//6565 3478//6565 3618//6565
f 3618//6566 3478//6566 3619//6566
f 3613//6567 3612//6567 3620//6567
f 3613//6568 3620//6568 3621//6568
f 3620//6569 3622//6569 3621//6569
f 3622//6570 3623//6570 3624//6570
f 3612//6571 3616//6571 3620//6571
f 3616//6572 3617//6572 3620//6572
f 3617//6573 3622//6573 3620//6573
f 3617//6574 3618//6574 3622//6574
f 3618//6575 3623//6575 3622//6575
f 3618//6576 3619//6576 3623//6576
f 3540//6577 3543//6577 3541//6577
f 3542//6578 3537//6578 3625//6578
f 3625//6579 3537//6579 3614//6579
f 3542//6580 3625//6580 3543//6580
f 3543//6581 3625//6581 3626//6581
f 3626//6582 3625//6582 3627//6582
f 3625//6583 3614//6583 3627//6583
f 3627//6584 3614//6584 3628//6584
f 3543//6585 3565//6585 3541//6585
f 3559//6437 3541//6437 3565//6437
f 3543//6586 3626//6586 3565//6586
f 3627//6587 3628//6587 3629//6587
f 3628//6588 3630//6588 3629//6588
f 3565//6589 3626//6589 3567//6589
f 3626//6590 3631//6590 3567//6590
f 3564//6448 3565//6448 3567//6448
f 3567//6451 3595//6451 3566//6451
f 3567//6591 3631//6591 3595//6591
f 3631//6592 3632//6592 3595//6592
f 3626//6593 3627//6593 3631//6593
f 3631//6594 3627//6594 3629//6594
f 3631//6595 3629//6595 3632//6595
f 3632//6596 3629//6596 3633//6596
f 3630//6597 3633//6597 3629//6597
f 3611//6598 3614//6598 3537//6598
f 3613//6599 3628//6599 3614//6599
f 3613//6600 3621//6600 3628//6600
f 3621//6601 3630//6601 3628//6601
f 3621//6602 3624//6602 3630//6602
f 3622//6603 3624//6603 3621//6603
f 3623//6604 3634//6604 3624//6604
f 3624//6605 3635//6605 3630//6605
f 3442//4245 3478//4245 3477//4245
f 3472//4245 3479//4245 3478//4245
f 3473//4245 3480//4245 3479//4245
f 3475//4245 3481//4245 3480//4245
f 3476//4245 3484//4245 3482//4245
f 3474//4245 3482//4245 3481//4245
f 3485//4245 3489//4245 3486//4245
f 3483//4245 3486//4245 3484//4245
f 3619//6606 3478//6606 3479//6606
f 3479//6607 3480//6607 3636//6607
f 3480//6608 3481//6608 3636//6608
f 3619//6609 3479//6609 3636//6609
f 3481//6610 3482//6610 3637//6610
f 3482//6611 3484//6611 3638//6611
f 3481//6612 3637//6612 3636//6612
f 3482//6613 3638//6613 3637//6613
f 3488//4245 3491//4245 3489//4245
f 3490//4245 3494//4245 3639//4245
f 3490//4245 3639//4245 3491//4245
f 3639//6614 3640//6614 3491//6614
f 3484//6615 3486//6615 3641//6615
f 3489//6616 3491//6616 3642//6616
f 3489//6617 3643//6617 3486//6617
f 3639//6618 3644//6618 3640//6618
f 3494//6619 3644//6619 3639//6619
f 3491//6620 3640//6620 3642//6620
f 3484//6621 3641//6621 3638//6621
f 3486//6622 3643//6622 3641//6622
f 3489//6623 3642//6623 3643//6623
f 3623//6624 3645//6624 3634//6624
f 3645//6625 3646//6625 3634//6625
f 3646//6626 3647//6626 3648//6626
f 3619//6627 3636//6627 3645//6627
f 3619//6628 3645//6628 3623//6628
f 3636//6629 3637//6629 3645//6629
f 3637//6630 3646//6630 3645//6630
f 3638//6631 3646//6631 3637//6631
f 3638//6632 3641//6632 3647//6632
f 3638//6633 3647//6633 3646//6633
f 3641//6634 3643//6634 3649//6634
f 3641//6635 3649//6635 3647//6635
f 3650//6636 3651//6636 3652//6636
f 3494//6637 3499//6637 3644//6637
f 3644//6638 3499//6638 3653//6638
f 3644//6639 3651//6639 3640//6639
f 3643//6640 3642//6640 3654//6640
f 3640//6641 3650//6641 3642//6641
f 3642//6642 3650//6642 3654//6642
f 3499//6643 3501//6643 3653//6643
f 3644//6644 3653//6644 3651//6644
f 3640//6645 3651//6645 3650//6645
f 3647//6646 3649//6646 3655//6646
f 3656//6647 3655//6647 3649//6647
f 3656//6648 3649//6648 3654//6648
f 3657//6649 3654//6649 3650//6649
f 3657//6650 3650//6650 3652//6650
f 3656//6651 3657//6651 3658//6651
f 3656//6652 3654//6652 3657//6652
f 3643//6653 3654//6653 3649//6653
f 3630//6654 3635//6654 3633//6654
f 3635//6655 3659//6655 3633//6655
f 3659//6656 3660//6656 3661//6656
f 3595//6657 3632//6657 3662//6657
f 3596//6517 3595//6517 3602//6517
f 3595//6658 3662//6658 3602//6658
f 3632//6659 3633//6659 3661//6659
f 3632//6660 3661//6660 3662//6660
f 3659//6661 3661//6661 3633//6661
f 3661//6662 3660//6662 3663//6662
f 3663//6663 3660//6663 3658//6663
f 3664//6664 3658//6664 3665//6664
f 3666//6665 3663//6665 3664//6665
f 3666//6666 3664//6666 3667//6666
f 3663//6667 3658//6667 3664//6667
f 3601//6529 3602//6529 3604//6529
f 3602//6668 3662//6668 3666//6668
f 3602//6669 3666//6669 3604//6669
f 3604//6670 3667//6670 3668//6670
f 3604//6671 3666//6671 3667//6671
f 3662//6672 3661//6672 3663//6672
f 3662//6673 3663//6673 3666//6673
f 3624//6674 3634//6674 3635//6674
f 3634//6675 3648//6675 3635//6675
f 3646//6676 3648//6676 3634//6676
f 3648//6677 3655//6677 3659//6677
f 3647//6678 3655//6678 3648//6678
f 3635//6679 3648//6679 3659//6679
f 3656//6680 3660//6680 3655//6680
f 3659//6681 3655//6681 3660//6681
f 3656//6682 3658//6682 3660//6682
f 3657//6683 3665//6683 3658//6683
f 3403//6684 3581//6684 3669//6684
f 3403//6685 3669//6685 3511//6685
f 3581//6686 3582//6686 3670//6686
f 3581//6687 3670//6687 3669//6687
f 3582//6688 3585//6688 3670//6688
f 3669//6689 3671//6689 3511//6689
f 3511//6690 3671//6690 3513//6690
f 3669//6691 3670//6691 3672//6691
f 3669//6692 3672//6692 3671//6692
f 3670//6693 3585//6693 3673//6693
f 3588//6694 3592//6694 3585//6694
f 3585//6695 3592//6695 3673//6695
f 3670//6696 3673//6696 3672//6696
f 3671//6697 3672//6697 3233//6697
f 3672//6698 3673//6698 3236//6698
f 3673//6699 3592//6699 3674//6699
f 3673//6700 3674//6700 3236//6700
f 3674//6701 3237//6701 3236//6701
f 3674//6702 3675//6702 3237//6702
f 3513//6703 3231//6703 3188//6703
f 3671//6704 3231//6704 3513//6704
f 3671//6705 3233//6705 3231//6705
f 3672//6706 3236//6706 3233//6706
f 3598//6707 3675//6707 3592//6707
f 3598//6708 3600//6708 3675//6708
f 3675//6709 3600//6709 3241//6709
f 3674//6710 3592//6710 3675//6710
f 3237//6711 3675//6711 3240//6711
f 3675//6712 3241//6712 3240//6712
f 3600//6713 3243//6713 3241//6713
f 3600//6714 3676//6714 3243//6714
f 3600//6715 3603//6715 3676//6715
f 3677//4940 3603//4940 3668//4940
f 3243//6716 3676//6716 3244//6716
f 3676//6717 3269//6717 3244//6717
f 3269//6718 3677//6718 3270//6718
f 3270//6719 3677//6719 3272//6719
f 3676//6720 3603//6720 3677//6720
f 3676//6721 3677//6721 3269//6721
f 3263//6722 3665//6722 3264//6722
f 3265//6723 3665//6723 3263//6723
f 3501//6724 3678//6724 3653//6724
f 3501//6725 3220//6725 3252//6725
f 3501//6726 3252//6726 3678//6726
f 3679//6727 3257//6727 3259//6727
f 3653//6728 3678//6728 3679//6728
f 3653//6729 3679//6729 3651//6729
f 3651//6730 3679//6730 3652//6730
f 3678//6731 3255//6731 3679//6731
f 3679//6732 3255//6732 3257//6732
f 3678//6733 3252//6733 3254//6733
f 3678//6734 3254//6734 3255//6734
f 3679//6735 3680//6735 3652//6735
f 3657//6736 3652//6736 3665//6736
f 3652//6737 3680//6737 3665//6737
f 3264//6738 3665//6738 3680//6738
f 3679//6739 3259//6739 3260//6739
f 3260//6740 3262//6740 3680//6740
f 3679//6741 3260//6741 3680//6741
f 3264//6742 3680//6742 3262//6742
f 3667//6743 3681//6743 3668//6743
f 3272//6744 3682//6744 3273//6744
f 3273//6745 3682//6745 3275//6745
f 3681//6746 3276//6746 3275//6746
f 3682//6747 3681//6747 3275//6747
f 3677//4940 3668//4940 3682//4940
f 3677//6748 3682//6748 3272//6748
f 3682//6749 3668//6749 3681//6749
f 3664//6750 3665//6750 3683//6750
f 3265//6751 3683//6751 3665//6751
f 3664//6752 3683//6752 3667//6752
f 3667//6753 3683//6753 3681//6753
f 3681//6754 3683//6754 3267//6754
f 3681//6755 3267//6755 3276//6755
f 3265//6756 3267//6756 3683//6756
f 3604//6532 3668//6532 3603//6532
f 3684//4221 3685//4221 3686//4221
f 3684//6757 2539//6757 2538//6757
f 2542//6758 3687//6758 3688//6758
f 3688//4245 3687//4245 3689//4245
f 3690//4221 3691//4221 3692//4221
f 3690//6759 2545//6759 3691//6759
f 2547//6760 3693//6760 2548//6760
f 3693//4245 3694//4245 3695//4245
f 3684//6757 3691//6757 2539//6757
f 3684//4221 3686//4221 3691//4221
f 2545//6759 2539//6759 3691//6759
f 3691//4221 3686//4221 3692//4221
f 2542//6761 2548//6761 3687//6761
f 3687//4245 3695//4245 3689//4245
f 3693//6762 3687//6762 2548//6762
f 3693//4245 3695//4245 3687//4245
f 3696//6763 2551//6763 3697//6763
f 3696//4221 3697//4221 3698//4221
f 3684//6764 2538//6764 3696//6764
f 3684//4221 3696//4221 3685//4221
f 2538//6764 2551//6764 3696//6764
f 3696//4221 3698//4221 3685//4221
f 2555//6763 3699//6763 2554//6763
f 3699//4245 3700//4245 3701//4245
f 2542//6764 3688//6764 2555//6764
f 3688//4245 3689//4245 3700//4245
f 3688//6764 3699//6764 2555//6764
f 3688//4245 3700//4245 3699//4245
f 3697//6765 2557//6765 3702//6765
f 2551//6763 2557//6763 3697//6763
f 3697//4221 3703//4221 3698//4221
f 3697//4221 3702//4221 3703//4221
f 2557//6765 2558//6765 3702//6765
f 3702//4221 3704//4221 3703//4221
f 2554//6765 3705//6765 2559//6765
f 3699//6763 3705//6763 2554//6763
f 3699//4245 3701//4245 3705//4245
f 3705//4245 3701//4245 3706//4245
f 3705//6765 3707//6765 2559//6765
f 3705//4245 3706//4245 3707//4245
f 3690//4266 2562//4266 2545//4266
f 3690//4221 3692//4221 3708//4221
f 3690//4221 3708//4221 3709//4221
f 3690//6766 3709//6766 2562//6766
f 3709//6767 2563//6767 2562//6767
f 3709//4221 3708//4221 3710//4221
f 2547//6768 3711//6768 3693//6768
f 3693//4245 3711//4245 3694//4245
f 2547//6768 2566//6768 3711//6768
f 3711//4245 3712//4245 3694//4245
f 2566//6769 3713//6769 3711//6769
f 3711//4245 3713//4245 3712//4245
f 3709//4221 3710//4221 3714//4221
f 3709//6770 3714//6770 2563//6770
f 3714//6771 2568//6771 2563//6771
f 3714//4221 3710//4221 3715//4221
f 3714//6772 3716//6772 2568//6772
f 3714//4221 3715//4221 3716//4221
f 2566//6769 2570//6769 3713//6769
f 3713//4245 3717//4245 3712//4245
f 2570//6772 3718//6772 3713//6772
f 3713//4245 3718//4245 3717//4245
f 2570//6772 2572//6772 3718//6772
f 3718//4245 3719//4245 3717//4245
f 3702//6773 2558//6773 3720//6773
f 3702//4221 3720//4221 3704//4221
f 3720//4221 3721//4221 3704//4221
f 2558//6773 2574//6773 3720//6773
f 3720//4221 3722//4221 3721//4221
f 3720//6774 2574//6774 3722//6774
f 3707//4245 3706//4245 3723//4245
f 2559//6773 3707//6773 2575//6773
f 3707//4245 3723//4245 3724//4245
f 3707//6773 3724//6773 2575//6773
f 2575//6774 3724//6774 2577//6774
f 3724//4245 3723//4245 3725//4245
f 2574//6774 2579//6774 3722//6774
f 3722//4221 3726//4221 3721//4221
f 3722//4221 3727//4221 3726//4221
f 3722//6775 2579//6775 3727//6775
f 2579//6775 2581//6775 3727//6775
f 3727//4221 3728//4221 3726//4221
f 3724//6774 3729//6774 2577//6774
f 3724//4245 3725//4245 3729//4245
f 3729//4245 3725//4245 3730//4245
f 2577//6775 3729//6775 2583//6775
f 3729//6775 3731//6775 2583//6775
f 3729//4245 3730//4245 3731//4245
f 3727//4221 3732//4221 3728//4221
f 3727//6776 2581//6776 3732//6776
f 2583//6777 3731//6777 2586//6777
f 3731//4245 3730//4245 3733//4245
f 2581//6778 2587//6778 3732//6778
f 3732//4221 3734//4221 3728//4221
f 3732//4221 3735//4221 3734//4221
f 3732//6779 2587//6779 3735//6779
f 3731//6777 3736//6777 2586//6777
f 3731//4245 3733//4245 3736//4245
f 3736//4245 3733//4245 3737//4245
f 2586//6780 3736//6780 2590//6780
f 3735//4221 3738//4221 3734//4221
f 2587//6781 2591//6781 3735//6781
f 3736//4245 3737//4245 3739//4245
f 3736//6780 3739//6780 2590//6780
f 3735//4221 3740//4221 3738//4221
f 3735//6782 2591//6782 3740//6782
f 2591//6782 2594//6782 3740//6782
f 3740//4221 3741//4221 3738//4221
f 3740//4221 3742//4221 3741//4221
f 3740//6783 2594//6783 3742//6783
f 3739//4245 3737//4245 3743//4245
f 2590//4489 3739//4489 2597//4489
f 3739//6784 3744//6784 2597//6784
f 3739//4245 3743//4245 3744//4245
f 3744//4245 3743//4245 3745//4245
f 2597//6785 3744//6785 2598//6785
f 3742//4221 3746//4221 3741//4221
f 2594//6783 2600//6783 3742//6783
f 3742//6786 2600//6786 3747//6786
f 3742//4221 3747//4221 3746//4221
f 2600//6786 2602//6786 3747//6786
f 3747//4221 3748//4221 3746//4221
f 3744//6787 3749//6787 2598//6787
f 3744//4245 3745//4245 3749//4245
f 2598//6788 3749//6788 2603//6788
f 3749//4245 3745//4245 3750//4245
f 3749//4245 3750//4245 3751//4245
f 3749//6786 3751//6786 2603//6786
f 3716//4221 3715//4221 3752//4221
f 3716//6789 2605//6789 2568//6789
f 3716//4221 3752//4221 3753//4221
f 3716//6789 3753//6789 2605//6789
f 3753//6790 2607//6790 2605//6790
f 3753//4221 3752//4221 3754//4221
f 2572//6789 3755//6789 3718//6789
f 3718//4245 3755//4245 3719//4245
f 3755//4245 3756//4245 3719//4245
f 2572//6791 2609//6791 3755//6791
f 2609//6792 3757//6792 3755//6792
f 3755//4245 3757//4245 3756//4245
f 3753//6790 3758//6790 2607//6790
f 3753//4221 3754//4221 3758//4221
f 3758//4221 3754//4221 3759//4221
f 3758//6793 2611//6793 2607//6793
f 3758//6793 3760//6793 2611//6793
f 3758//4221 3759//4221 3760//4221
f 2609//6794 2614//6794 3757//6794
f 3757//4245 3761//4245 3756//4245
f 2614//6795 3762//6795 3757//6795
f 3757//4245 3762//4245 3761//4245
f 2614//4642 2616//4642 3762//4642
f 3762//4245 3763//4245 3761//4245
f 3760//4221 3759//4221 3764//4221
f 3760//6796 2617//6796 2611//6796
f 2616//6797 3765//6797 3762//6797
f 3762//4245 3765//4245 3763//4245
f 3760//6798 3766//6798 2617//6798
f 3760//4221 3764//4221 3766//4221
f 3766//4221 3764//4221 3767//4221
f 3766//6799 2620//6799 2617//6799
f 2616//6797 2621//6797 3765//6797
f 3765//4245 3768//4245 3763//4245
f 3765//4245 3769//4245 3768//4245
f 2621//6800 3769//6800 3765//6800
f 3766//4221 3767//4221 3770//4221
f 3766//6801 3770//6801 2620//6801
f 2621//6800 2624//6800 3769//6800
f 3769//4245 3771//4245 3768//4245
f 3770//4221 3767//4221 3772//4221
f 3770//6802 2625//6802 2620//6802
f 3770//4221 3772//4221 3773//4221
f 3770//6802 3773//6802 2625//6802
f 3773//4221 3772//4221 3774//4221
f 3773//6803 2627//6803 2625//6803
f 3769//4245 3775//4245 3771//4245
f 2624//6802 3775//6802 3769//6802
f 2624//6802 2630//6802 3775//6802
f 3775//4245 3776//4245 3771//4245
f 3775//4245 3777//4245 3776//4245
f 2630//6803 3777//6803 3775//6803
f 3773//4221 3774//4221 3778//4221
f 3773//6803 3778//6803 2627//6803
f 3778//6804 2632//6804 2627//6804
f 3778//4221 3774//4221 3779//4221
f 3778//4221 3779//4221 3780//4221
f 3778//6804 3780//6804 2632//6804
f 3777//4245 3781//4245 3776//4245
f 2630//6803 2634//6803 3777//6803
f 2634//6804 3782//6804 3777//6804
f 3777//4245 3782//4245 3781//4245
f 2634//6804 2636//6804 3782//6804
f 3782//4245 3783//4245 3781//4245
f 3747//4221 3784//4221 3748//4221
f 3747//6805 2602//6805 3784//6805
f 3784//4221 3785//4221 3748//4221
f 2602//6806 2638//6806 3784//6806
f 3784//4221 3786//4221 3785//4221
f 3784//6807 2638//6807 3786//6807
f 3751//4245 3750//4245 3787//4245
f 2603//6805 3751//6805 2639//6805
f 3751//4245 3787//4245 3788//4245
f 3751//6805 3788//6805 2639//6805
f 3788//4245 3787//4245 3789//4245
f 2639//6808 3788//6808 2641//6808
f 3786//4221 3790//4221 3785//4221
f 2638//6809 2643//6809 3786//6809
f 3786//4221 3791//4221 3790//4221
f 3786//6810 2643//6810 3791//6810
f 3791//4221 3792//4221 3790//4221
f 2643//4868 2645//4868 3791//4868
f 3788//4245 3789//4245 3793//4245
f 3788//6808 3793//6808 2641//6808
f 3793//4245 3789//4245 3794//4245
f 2641//6811 3793//6811 2647//6811
f 3793//4245 3794//4245 3795//4245
f 3793//6811 3795//6811 2647//6811
f 3780//4221 3779//4221 3796//4221
f 3780//6812 2649//6812 2632//6812
f 3780//4221 3796//4221 3797//4221
f 3797//4221 3796//4221 3798//4221
f 3797//6813 2650//6813 2649//6813
f 3780//6812 3797//6812 2649//6812
f 3782//4245 3799//4245 3783//4245
f 2636//6812 3799//6812 3782//6812
f 3799//4245 3800//4245 3783//4245
f 2653//6813 3801//6813 3799//6813
f 3799//4245 3801//4245 3800//4245
f 2636//6812 2653//6812 3799//6812
f 3802//4221 3798//4221 3803//4221
f 3802//6814 2654//6814 2650//6814
f 3802//4221 3803//4221 3804//4221
f 3802//6814 3804//6814 2654//6814
f 3797//4221 3798//4221 3802//4221
f 3797//6813 3802//6813 2650//6813
f 2657//6814 3805//6814 3801//6814
f 3801//4245 3805//4245 3806//4245
f 3805//4245 3807//4245 3806//4245
f 2657//6814 2660//6814 3805//6814
f 3801//4245 3806//4245 3800//4245
f 2653//6813 2657//6813 3801//6813
f 3808//4221 3809//4221 3792//4221
f 3808//6815 2645//6815 2661//6815
f 3808//4221 3804//4221 3809//4221
f 3808//6816 2661//6816 3804//6816
f 3810//4245 3795//4245 3811//4245
f 2664//6817 3795//6817 3810//6817
f 3810//4245 3811//4245 3807//4245
f 2664//6818 3810//6818 2660//6818
f 3808//4221 3792//4221 3791//4221
f 3808//6815 3791//6815 2645//6815
f 2664//6819 2647//6819 3795//6819
f 3795//4245 3794//4245 3811//4245
f 3804//4221 3803//4221 3809//4221
f 2661//6816 2654//6816 3804//6816
f 3810//4245 3807//4245 3805//4245
f 3810//6820 3805//6820 2660//6820
f 3812//6821 3813//6821 3814//6821
f 3812//6822 3815//6822 3813//6822
f 3816//6823 3814//6823 3813//6823
f 3816//6824 3813//6824 3817//6824
f 3818//6825 3813//6825 3815//6825
f 3818//6826 3817//6826 3813//6826
f 3819//6827 3686//6827 3685//6827
f 3820//6827 3689//6827 3821//6827
f 3822//6828 3692//6828 3823//6828
f 3824//6829 3695//6829 3694//6829
f 3819//6827 3823//6827 3686//6827
f 3823//6828 3692//6828 3686//6828
f 3812//6830 3814//6830 3819//6830
f 3819//6831 3814//6831 3823//6831
f 3816//6832 3822//6832 3814//6832
f 3822//6833 3823//6833 3814//6833
f 3821//6834 3689//6834 3695//6834
f 3824//6835 3821//6835 3695//6835
f 3820//6836 3821//6836 3825//6836
f 3820//6837 3825//6837 3826//6837
f 3824//6838 3825//6838 3821//6838
f 3824//6839 3827//6839 3825//6839
f 3812//6840 3828//6840 3815//6840
f 3828//6841 3829//6841 3815//6841
f 3830//6842 3829//6842 3831//6842
f 3828//6843 3832//6843 3829//6843
f 3832//6844 3833//6844 3831//6844
f 3829//6845 3832//6845 3831//6845
f 3834//6846 3831//6846 3835//6846
f 3834//6847 3835//6847 3836//6847
f 3831//6848 3833//6848 3835//6848
f 3818//6849 3837//6849 3838//6849
f 3837//6850 3830//6850 3839//6850
f 3838//6851 3837//6851 3839//6851
f 3837//6852 3815//6852 3829//6852
f 3837//6853 3829//6853 3830//6853
f 3818//6854 3815//6854 3837//6854
f 3834//6855 3840//6855 3830//6855
f 3834//6856 3836//6856 3841//6856
f 3834//6857 3841//6857 3840//6857
f 3830//6858 3840//6858 3839//6858
f 3840//6859 3842//6859 3839//6859
f 3840//6860 3841//6860 3843//6860
f 3834//6861 3830//6861 3831//6861
f 3828//6862 3844//6862 3845//6862
f 3844//6863 3698//6863 3845//6863
f 3812//6864 3844//6864 3828//6864
f 3819//6865 3685//6865 3844//6865
f 3844//6865 3685//6865 3698//6865
f 3812//6866 3819//6866 3844//6866
f 3846//6863 3701//6863 3700//6863
f 3846//6867 3847//6867 3848//6867
f 3820//6865 3700//6865 3689//6865
f 3820//6865 3846//6865 3700//6865
f 3826//6868 3847//6868 3846//6868
f 3820//6869 3826//6869 3846//6869
f 3828//6870 3845//6870 3832//6870
f 3845//6863 3698//6863 3703//6863
f 3832//6871 3849//6871 3833//6871
f 3845//6872 3703//6872 3849//6872
f 3849//6872 3703//6872 3704//6872
f 3832//6873 3845//6873 3849//6873
f 3846//6863 3848//6863 3701//6863
f 3847//6874 3850//6874 3848//6874
f 3848//6872 3706//6872 3701//6872
f 3848//6872 3851//6872 3706//6872
f 3848//6875 3850//6875 3851//6875
f 3850//6876 3852//6876 3851//6876
f 3816//6877 3817//6877 3853//6877
f 3853//6878 3817//6878 3854//6878
f 3855//6879 3856//6879 3854//6879
f 3853//6880 3854//6880 3857//6880
f 3818//6881 3858//6881 3859//6881
f 3860//6882 3859//6882 3858//6882
f 3860//6883 3855//6883 3859//6883
f 3860//6884 3861//6884 3855//6884
f 3859//6885 3854//6885 3817//6885
f 3818//6886 3859//6886 3817//6886
f 3859//6887 3855//6887 3854//6887
f 3854//6888 3856//6888 3857//6888
f 3857//6889 3856//6889 3862//6889
f 3863//6890 3864//6890 3856//6890
f 3863//6891 3865//6891 3864//6891
f 3856//6892 3864//6892 3862//6892
f 3855//6893 3861//6893 3863//6893
f 3863//6894 3861//6894 3866//6894
f 3861//6895 3867//6895 3866//6895
f 3863//6896 3866//6896 3865//6896
f 3866//6897 3868//6897 3865//6897
f 3869//6898 3870//6898 3868//6898
f 3866//6899 3869//6899 3868//6899
f 3855//6900 3863//6900 3856//6900
f 3816//6901 3853//6901 3871//6901
f 3822//6902 3708//6902 3692//6902
f 3816//6903 3871//6903 3822//6903
f 3822//6902 3871//6902 3708//6902
f 3853//6904 3872//6904 3871//6904
f 3871//6905 3710//6905 3708//6905
f 3824//6902 3694//6902 3873//6902
f 3873//6902 3694//6902 3712//6902
f 3824//6906 3873//6906 3827//6906
f 3827//6907 3873//6907 3874//6907
f 3873//6905 3712//6905 3875//6905
f 3873//6908 3875//6908 3874//6908
f 3853//6909 3857//6909 3872//6909
f 3871//6905 3872//6905 3710//6905
f 3857//6910 3862//6910 3876//6910
f 3872//6911 3715//6911 3710//6911
f 3857//6912 3876//6912 3872//6912
f 3872//6911 3876//6911 3715//6911
f 3875//6905 3712//6905 3717//6905
f 3874//6913 3875//6913 3877//6913
f 3875//6911 3717//6911 3878//6911
f 3878//6911 3717//6911 3719//6911
f 3875//6914 3878//6914 3877//6914
f 3877//6915 3878//6915 3879//6915
f 3818//6916 3838//6916 3858//6916
f 3838//6917 3880//6917 3881//6917
f 3838//6918 3881//6918 3858//6918
f 3860//6919 3882//6919 3883//6919
f 3860//6920 3858//6920 3882//6920
f 3860//6921 3883//6921 3861//6921
f 3858//6922 3881//6922 3882//6922
f 3883//6923 3882//6923 3884//6923
f 3839//6924 3842//6924 3880//6924
f 3838//6925 3839//6925 3880//6925
f 3840//6926 3843//6926 3842//6926
f 3880//6927 3842//6927 3885//6927
f 3842//6928 3843//6928 3886//6928
f 3881//6929 3880//6929 3887//6929
f 3881//6930 3888//6930 3882//6930
f 3881//6931 3887//6931 3888//6931
f 3880//6932 3885//6932 3887//6932
f 3842//6933 3886//6933 3885//6933
f 3861//6934 3883//6934 3867//6934
f 3866//6935 3867//6935 3869//6935
f 3883//6936 3889//6936 3867//6936
f 3883//6937 3884//6937 3889//6937
f 3867//6938 3889//6938 3890//6938
f 3869//6939 3891//6939 3870//6939
f 3869//6940 3890//6940 3891//6940
f 3867//6941 3890//6941 3869//6941
f 3891//6942 3892//6942 3870//6942
f 3882//6943 3888//6943 3884//6943
f 3884//6944 3888//6944 3893//6944
f 3884//6945 3894//6945 3889//6945
f 3887//6946 3895//6946 3888//6946
f 3887//6947 3885//6947 3896//6947
f 3885//6948 3886//6948 3897//6948
f 3888//6949 3895//6949 3893//6949
f 3887//6950 3896//6950 3895//6950
f 3885//6951 3897//6951 3896//6951
f 3890//6952 3889//6952 3898//6952
f 3890//6953 3899//6953 3891//6953
f 3889//6954 3894//6954 3898//6954
f 3890//6955 3898//6955 3899//6955
f 3891//6956 3900//6956 3892//6956
f 3891//6957 3899//6957 3900//6957
f 3900//6958 3901//6958 3892//6958
f 3884//6959 3893//6959 3894//6959
f 3896//4221 3902//4221 3895//4221
f 3893//4221 3895//4221 3903//4221
f 3894//4221 3893//4221 3904//4221
f 3894//4221 3905//4221 3898//4221
f 3898//4221 3906//4221 3899//4221
f 3899//4221 3907//4221 3900//4221
f 3900//4221 3908//4221 3901//4221
f 3826//6960 3825//6960 3909//6960
f 3826//6961 3909//6961 3910//6961
f 3827//6962 3909//6962 3825//6962
f 3827//6963 3911//6963 3909//6963
f 3909//6964 3912//6964 3910//6964
f 3909//6965 3911//6965 3912//6965
f 3826//6966 3910//6966 3847//6966
f 3847//6967 3910//6967 3913//6967
f 3847//6968 3913//6968 3850//6968
f 3913//6969 3914//6969 3915//6969
f 3850//6970 3915//6970 3852//6970
f 3913//6971 3915//6971 3850//6971
f 3915//6972 3916//6972 3852//6972
f 3915//6973 3917//6973 3916//6973
f 3917//6974 3918//6974 3916//6974
f 3913//6975 3910//6975 3919//6975
f 3913//6976 3919//6976 3914//6976
f 3912//6977 3919//6977 3910//6977
f 3912//6978 3920//6978 3919//6978
f 3919//6979 3921//6979 3914//6979
f 3919//6980 3920//6980 3921//6980
f 3915//6981 3914//6981 3917//6981
f 3917//6982 3914//6982 3922//6982
f 3917//6983 3923//6983 3918//6983
f 3917//6984 3922//6984 3923//6984
f 3914//6985 3921//6985 3922//6985
f 3922//6986 3921//6986 3924//6986
f 3922//6987 3925//6987 3923//6987
f 3827//6988 3874//6988 3911//6988
f 3874//6989 3926//6989 3911//6989
f 3874//6990 3877//6990 3926//6990
f 3926//6991 3927//6991 3928//6991
f 3926//6992 3929//6992 3911//6992
f 3912//6993 3911//6993 3929//6993
f 3926//6994 3928//6994 3929//6994
f 3912//6995 3929//6995 3930//6995
f 3929//6996 3931//6996 3930//6996
f 3929//6997 3928//6997 3931//6997
f 3928//6998 3932//6998 3931//6998
f 3926//6999 3877//6999 3927//6999
f 3877//7000 3879//7000 3927//7000
f 3927//7001 3879//7001 3933//7001
f 3927//7002 3933//7002 3934//7002
f 3934//7003 3933//7003 3935//7003
f 3927//7004 3934//7004 3928//7004
f 3928//7005 3934//7005 3932//7005
f 3934//7006 3936//7006 3932//7006
f 3932//7007 3936//7007 3937//7007
f 3934//7008 3935//7008 3936//7008
f 3936//7009 3935//7009 3938//7009
f 3936//7010 3938//7010 3939//7010
f 3939//7011 3938//7011 3940//7011
f 3912//7012 3930//7012 3920//7012
f 3920//7013 3930//7013 3941//7013
f 3920//7014 3941//7014 3942//7014
f 3931//7015 3943//7015 3930//7015
f 3931//7016 3932//7016 3944//7016
f 3931//7017 3944//7017 3943//7017
f 3930//7018 3943//7018 3941//7018
f 3944//7019 3945//7019 3943//7019
f 3920//7020 3942//7020 3921//7020
f 3921//7021 3942//7021 3924//7021
f 3922//7022 3924//7022 3925//7022
f 3942//7023 3946//7023 3924//7023
f 3924//7024 3947//7024 3925//7024
f 3941//7025 3948//7025 3942//7025
f 3941//7026 3943//7026 3949//7026
f 3941//7027 3949//7027 3948//7027
f 3942//7028 3948//7028 3946//7028
f 3924//7029 3946//7029 3947//7029
f 3932//7030 3937//7030 3944//7030
f 3936//7031 3939//7031 3937//7031
f 3944//7032 3937//7032 3950//7032
f 3944//7033 3950//7033 3945//7033
f 3937//7034 3951//7034 3950//7034
f 3939//7035 3940//7035 3952//7035
f 3937//7036 3939//7036 3951//7036
f 3939//7037 3952//7037 3951//7037
f 3952//7038 3940//7038 3953//7038
f 3943//7039 3945//7039 3949//7039
f 3945//7040 3954//7040 3949//7040
f 3945//7041 3950//7041 3955//7041
f 3948//7042 3949//7042 3956//7042
f 3948//7043 3957//7043 3946//7043
f 3946//7044 3958//7044 3947//7044
f 3948//7045 3956//7045 3957//7045
f 3949//7046 3954//7046 3956//7046
f 3946//7047 3957//7047 3958//7047
f 3947//7048 3958//7048 3959//7048
f 3951//7049 3960//7049 3950//7049
f 3945//7050 3955//7050 3954//7050
f 3950//7051 3960//7051 3955//7051
f 3951//7052 3952//7052 3961//7052
f 3952//7053 3953//7053 3962//7053
f 3951//7054 3961//7054 3960//7054
f 3952//7055 3962//7055 3961//7055
f 3833//7056 3963//7056 3964//7056
f 3836//7057 3835//7057 3965//7057
f 3965//7058 3835//7058 3964//7058
f 3835//7059 3833//7059 3964//7059
f 3963//7060 3966//7060 3964//7060
f 3967//7061 3964//7061 3966//7061
f 3963//7062 3968//7062 3966//7062
f 3968//7063 3969//7063 3966//7063
f 3968//7064 3970//7064 3969//7064
f 3836//7065 3965//7065 3841//7065
f 3965//7066 3971//7066 3841//7066
f 3965//7067 3967//7067 3971//7067
f 3841//7068 3971//7068 3843//7068
f 3971//7069 3967//7069 3972//7069
f 3971//7070 3972//7070 3973//7070
f 3965//7071 3964//7071 3967//7071
f 3972//7072 3967//7072 3974//7072
f 3972//7073 3974//7073 3975//7073
f 3975//7074 3974//7074 3976//7074
f 3967//7075 3966//7075 3974//7075
f 3974//7076 3966//7076 3969//7076
f 3974//7077 3969//7077 3976//7077
f 3833//7078 3849//7078 3963//7078
f 3849//7079 3704//7079 3977//7079
f 3977//7079 3704//7079 3721//7079
f 3963//7080 3849//7080 3977//7080
f 3963//7081 3977//7081 3968//7081
f 3977//7082 3721//7082 3978//7082
f 3851//7079 3723//7079 3706//7079
f 3851//7079 3979//7079 3723//7079
f 3851//7083 3852//7083 3980//7083
f 3851//7084 3980//7084 3979//7084
f 3979//7082 3725//7082 3723//7082
f 3979//7085 3980//7085 3981//7085
f 3977//7086 3978//7086 3968//7086
f 3978//7082 3721//7082 3726//7082
f 3968//7087 3978//7087 3970//7087
f 3978//7088 3726//7088 3982//7088
f 3982//7088 3726//7088 3728//7088
f 3978//7089 3982//7089 3970//7089
f 3979//7082 3983//7082 3725//7082
f 3979//7090 3981//7090 3983//7090
f 3983//7088 3730//7088 3725//7088
f 3983//7088 3984//7088 3730//7088
f 3983//7091 3981//7091 3985//7091
f 3983//7092 3985//7092 3984//7092
f 3969//7093 3970//7093 3986//7093
f 3970//7093 3987//7093 3986//7093
f 3969//7094 3986//7094 3976//7094
f 3976//7095 3986//7095 3988//7095
f 3986//7096 3987//7096 3989//7096
f 3986//7097 3989//7097 3988//7097
f 3982//7098 3728//7098 3990//7098
f 3984//7098 3733//7098 3730//7098
f 3970//7099 3982//7099 3987//7099
f 3982//7100 3990//7100 3987//7100
f 3990//7101 3728//7101 3734//7101
f 3990//7102 3734//7102 3991//7102
f 3987//7103 3991//7103 3989//7103
f 3987//7104 3990//7104 3991//7104
f 3984//7105 3985//7105 3992//7105
f 3984//7106 3992//7106 3993//7106
f 3984//7098 3993//7098 3733//7098
f 3993//7107 3737//7107 3733//7107
f 3993//7108 3992//7108 3994//7108
f 3992//7109 3995//7109 3994//7109
f 3991//7110 3734//7110 3738//7110
f 3993//7107 3994//7107 3737//7107
f 3971//7111 3973//7111 3843//7111
f 3843//7112 3973//7112 3886//7112
f 3973//7113 3996//7113 3997//7113
f 3972//7114 3996//7114 3973//7114
f 3972//7115 3975//7115 3996//7115
f 3973//7116 3997//7116 3886//7116
f 3996//7117 3998//7117 3997//7117
f 3996//7118 3999//7118 3998//7118
f 3998//7119 3999//7119 4000//7119
f 3999//7120 4001//7120 4000//7120
f 3975//7121 3999//7121 3996//7121
f 3975//7122 4002//7122 3999//7122
f 3975//7123 3976//7123 4002//7123
f 3999//7124 4002//7124 4001//7124
f 4001//7125 4003//7125 4004//7125
f 4001//7126 4005//7126 4003//7126
f 4002//7127 4005//7127 4001//7127
f 4003//7128 4005//7128 4006//7128
f 3886//7129 3997//7129 3897//7129
f 3997//7130 3998//7130 4007//7130
f 3998//7131 4000//7131 3902//7131
f 3997//7132 4007//7132 3897//7132
f 3998//7133 3902//7133 4007//7133
f 4000//7134 3903//7134 3902//7134
f 4001//7135 4004//7135 4000//7135
f 4000//7136 4004//7136 3903//7136
f 4004//7137 4008//7137 3904//7137
f 3896//4221 3897//4221 4007//4221
f 3896//4221 4007//4221 3902//4221
f 3895//4221 3902//4221 3903//4221
f 3893//4221 3903//4221 3904//4221
f 4004//7138 3904//7138 3903//7138
f 3894//4221 3904//4221 3905//4221
f 3898//4221 3905//4221 3906//4221
f 3899//4221 3906//4221 3907//4221
f 3900//4221 3907//4221 3908//4221
f 4008//7139 3905//7139 3904//7139
f 3905//7140 4009//7140 3906//7140
f 4008//7141 4009//7141 3905//7141
f 3906//7142 4009//7142 4010//7142
f 3906//7142 4010//7142 3907//7142
f 3907//7143 4011//7143 3908//7143
f 3907//7144 4010//7144 4011//7144
f 4003//7145 4008//7145 4004//7145
f 4003//7146 4012//7146 4008//7146
f 4008//7147 4012//7147 4009//7147
f 4003//7148 4006//7148 4012//7148
f 4012//7149 4013//7149 4014//7149
f 4009//7150 4014//7150 4010//7150
f 4012//7151 4014//7151 4009//7151
f 4010//7152 4015//7152 4011//7152
f 4010//7153 4014//7153 4015//7153
f 3976//7154 4016//7154 4002//7154
f 4002//7155 4016//7155 4005//7155
f 4005//7156 4016//7156 4017//7156
f 4005//7157 4017//7157 4006//7157
f 3976//7158 3988//7158 4016//7158
f 4016//7159 3988//7159 4018//7159
f 4016//7160 4018//7160 4017//7160
f 3989//7161 4019//7161 3988//7161
f 3988//7162 4019//7162 4018//7162
f 4017//7163 4018//7163 4020//7163
f 4018//7164 4019//7164 4021//7164
f 4012//7165 4006//7165 4013//7165
f 4017//7166 4022//7166 4006//7166
f 4006//7167 4022//7167 4013//7167
f 4014//7168 4023//7168 4015//7168
f 4014//7169 4013//7169 4023//7169
f 4013//7170 4022//7170 4024//7170
f 4013//7171 4024//7171 4023//7171
f 4017//7172 4020//7172 4022//7172
f 4018//7173 4021//7173 4020//7173
f 4022//7174 4020//7174 4025//7174
f 4022//7175 4025//7175 4024//7175
f 4020//7176 4026//7176 4025//7176
f 4020//7177 4021//7177 4026//7177
f 3989//7178 4027//7178 4019//7178
f 3989//7179 3991//7179 4027//7179
f 3991//7180 3738//7180 4027//7180
f 4027//7180 3738//7180 3741//7180
f 4019//7181 4027//7181 4028//7181
f 4027//7182 3741//7182 4028//7182
f 3994//7180 3743//7180 3737//7180
f 3994//7180 4029//7180 3743//7180
f 3994//7183 3995//7183 4029//7183
f 3995//7184 4030//7184 4029//7184
f 4029//7182 3745//7182 3743//7182
f 4029//7185 4030//7185 4031//7185
f 4019//7186 4028//7186 4021//7186
f 4028//7182 3741//7182 3746//7182
f 4021//7187 4032//7187 4026//7187
f 4021//7188 4028//7188 4032//7188
f 4028//7189 3746//7189 4032//7189
f 4032//7189 3746//7189 3748//7189
f 4029//7182 4031//7182 3745//7182
f 4030//7190 4033//7190 4031//7190
f 4031//7189 3750//7189 3745//7189
f 4031//7189 4034//7189 3750//7189
f 4031//7191 4033//7191 4034//7191
f 4033//7192 4035//7192 4034//7192
f 3852//7193 4036//7193 3980//7193
f 3852//7194 3916//7194 4036//7194
f 3916//7195 3918//7195 4037//7195
f 3916//7196 4037//7196 4036//7196
f 3980//7197 4036//7197 4038//7197
f 3980//7198 4038//7198 3981//7198
f 4036//7199 4039//7199 4038//7199
f 3981//7200 4038//7200 4040//7200
f 3981//7201 4040//7201 3985//7201
f 4036//7202 4037//7202 4039//7202
f 3918//7203 3923//7203 4037//7203
f 4037//7204 3923//7204 4041//7204
f 4037//7205 4041//7205 4039//7205
f 3923//7206 3925//7206 4041//7206
f 4041//7207 4042//7207 4039//7207
f 4041//7208 4043//7208 4042//7208
f 4038//7209 4039//7209 4044//7209
f 4038//7210 4044//7210 4040//7210
f 4040//7211 4044//7211 4045//7211
f 4042//7212 4044//7212 4039//7212
f 4042//7213 4046//7213 4044//7213
f 4044//7214 4046//7214 4045//7214
f 4040//7215 4047//7215 3985//7215
f 3985//7216 4047//7216 3992//7216
f 4040//7217 4045//7217 4047//7217
f 4047//7218 4045//7218 4048//7218
f 3992//7219 4047//7219 3995//7219
f 4047//7220 4048//7220 3995//7220
f 4041//7221 3925//7221 4043//7221
f 3925//7222 3947//7222 4043//7222
f 4043//7223 4049//7223 4050//7223
f 4042//7224 4043//7224 4050//7224
f 4042//7225 4050//7225 4046//7225
f 4043//7226 3947//7226 4049//7226
f 4050//7227 4049//7227 4051//7227
f 4050//7228 4051//7228 4052//7228
f 4051//7228 4053//7228 4052//7228
f 4052//7229 4053//7229 4054//7229
f 4046//7230 4050//7230 4052//7230
f 4046//7231 4052//7231 4055//7231
f 4046//7232 4055//7232 4045//7232
f 4052//7233 4054//7233 4055//7233
f 4054//7234 4056//7234 4057//7234
f 4055//7235 4054//7235 4058//7235
f 4054//7236 4057//7236 4058//7236
f 4057//7237 4059//7237 4058//7237
f 4054//7238 4053//7238 4056//7238
f 4057//7239 4056//7239 4060//7239
f 4057//7240 4060//7240 4061//7240
f 4060//7241 4062//7241 4061//7241
f 4057//7242 4061//7242 4059//7242
f 4061//7243 4063//7243 4064//7243
f 4061//7244 4062//7244 4063//7244
f 4062//7245 4065//7245 4063//7245
f 4065//7246 4066//7246 4067//7246
f 4065//7247 4067//7247 4063//7247
f 3947//7248 3959//7248 4049//7248
f 4049//7249 4068//7249 4051//7249
f 4051//7250 4069//7250 4053//7250
f 4049//7251 3959//7251 4068//7251
f 4051//7252 4068//7252 4069//7252
f 4053//7253 4069//7253 4070//7253
f 4056//7254 4070//7254 4071//7254
f 4053//7255 4070//7255 4056//7255
f 4056//7256 4071//7256 4060//7256
f 4060//7257 4071//7257 4072//7257
f 4062//7258 4072//7258 4073//7258
f 4060//7259 4072//7259 4062//7259
f 4062//7260 4073//7260 4065//7260
f 4065//7261 4073//7261 4074//7261
f 4066//7262 4074//7262 4075//7262
f 4065//7263 4074//7263 4066//7263
f 4045//7264 4076//7264 4048//7264
f 4048//7265 4076//7265 4077//7265
f 4077//7266 4076//7266 4078//7266
f 4045//7267 4055//7267 4076//7267
f 4055//7268 4058//7268 4076//7268
f 4076//7269 4058//7269 4078//7269
f 4078//7270 4058//7270 4059//7270
f 3995//7271 4048//7271 4030//7271
f 4048//7272 4077//7272 4030//7272
f 4077//7273 4033//7273 4030//7273
f 4077//7274 4078//7274 4079//7274
f 4079//7275 4078//7275 4080//7275
f 4061//7276 4064//7276 4059//7276
f 4078//7277 4059//7277 4080//7277
f 4059//7278 4064//7278 4080//7278
f 4063//7279 4081//7279 4064//7279
f 4063//7280 4067//7280 4081//7280
f 4064//7281 4082//7281 4080//7281
f 4064//7282 4081//7282 4082//7282
f 4077//7283 4079//7283 4033//7283
f 4079//7284 4083//7284 4035//7284
f 4079//7285 4080//7285 4083//7285
f 4080//7286 4082//7286 4083//7286
f 4079//7287 4035//7287 4033//7287
f 3862//7288 4084//7288 4085//7288
f 3865//7289 4086//7289 3864//7289
f 4086//7290 4084//7290 3864//7290
f 3864//7291 4084//7291 3862//7291
f 4085//7292 4084//7292 4087//7292
f 3865//7293 3868//7293 4088//7293
f 3865//7294 4088//7294 4086//7294
f 3868//7295 3870//7295 4089//7295
f 3868//7296 4089//7296 4088//7296
f 4086//7297 4088//7297 4090//7297
f 4086//7298 4090//7298 4091//7298
f 4088//7299 4092//7299 4090//7299
f 4086//7300 4091//7300 4084//7300
f 4091//7301 4087//7301 4084//7301
f 4085//7302 4087//7302 4093//7302
f 4093//7303 4087//7303 4094//7303
f 4093//7304 4094//7304 4095//7304
f 4090//7305 4096//7305 4091//7305
f 4096//7306 4097//7306 4091//7306
f 4096//7307 4098//7307 4097//7307
f 4097//7308 4098//7308 4099//7308
f 4091//7309 4097//7309 4087//7309
f 4097//7310 4094//7310 4087//7310
f 4097//7311 4099//7311 4094//7311
f 3862//7312 4085//7312 3876//7312
f 3876//7313 3752//7313 3715//7313
f 3876//7313 4100//7313 3752//7313
f 4085//7314 4100//7314 3876//7314
f 4085//7315 4093//7315 4100//7315
f 4100//7316 3754//7316 3752//7316
f 3878//7313 3719//7313 4101//7313
f 4101//7313 3719//7313 3756//7313
f 3878//7317 4102//7317 3879//7317
f 3878//7318 4101//7318 4102//7318
f 4101//7316 3756//7316 4103//7316
f 4101//7319 4104//7319 4102//7319
f 4100//7320 4093//7320 4105//7320
f 4100//7316 4105//7316 3754//7316
f 4093//7321 4095//7321 4105//7321
f 4105//7322 3759//7322 3754//7322
f 4105//7322 4106//7322 3759//7322
f 4105//7323 4095//7323 4106//7323
f 4103//7316 3756//7316 3761//7316
f 4101//7324 4103//7324 4104//7324
f 4103//7322 3761//7322 4107//7322
f 4107//7322 3761//7322 3763//7322
f 4103//7325 4108//7325 4104//7325
f 4103//7326 4107//7326 4108//7326
f 3870//7327 4109//7327 4089//7327
f 3870//7328 3892//7328 4109//7328
f 4089//7329 4109//7329 4110//7329
f 4089//7330 4110//7330 4092//7330
f 4088//7331 4089//7331 4092//7331
f 4090//7332 4092//7332 4111//7332
f 4110//7333 4112//7333 4092//7333
f 4092//7334 4112//7334 4111//7334
f 4112//7335 4113//7335 4111//7335
f 3892//7336 4114//7336 4109//7336
f 3892//7337 3901//7337 4114//7337
f 4109//7338 4114//7338 4115//7338
f 4109//7339 4115//7339 4110//7339
f 4110//7340 4116//7340 4112//7340
f 4110//7341 4115//7341 4116//7341
f 4116//7342 4117//7342 4112//7342
f 3901//4221 4118//4221 4114//4221
f 4114//4221 4119//4221 4115//4221
f 4115//4221 4120//4221 4116//4221
f 4116//4221 4121//4221 4117//4221
f 4117//7343 4122//7343 4113//7343
f 4117//4221 4123//4221 4122//4221
f 4122//4221 4124//4221 4125//4221
f 4125//4221 4126//4221 4127//4221
f 4117//7344 4113//7344 4112//7344
f 4122//7345 4128//7345 4113//7345
f 4113//7346 4128//7346 4129//7346
f 4122//7347 4125//7347 4128//7347
f 4125//7348 4127//7348 4130//7348
f 4127//7349 4131//7349 4132//7349
f 4125//7350 4130//7350 4128//7350
f 4127//7351 4132//7351 4130//7351
f 4132//7352 4131//7352 4133//7352
f 4096//7353 4111//7353 4129//7353
f 4090//7354 4111//7354 4096//7354
f 4096//7355 4129//7355 4098//7355
f 4113//7356 4129//7356 4111//7356
f 4129//7357 4134//7357 4098//7357
f 4098//7358 4135//7358 4099//7358
f 4134//7359 4136//7359 4135//7359
f 4098//7360 4134//7360 4135//7360
f 4128//7361 4134//7361 4129//7361
f 4128//7362 4130//7362 4134//7362
f 4134//7363 4130//7363 4136//7363
f 4130//7364 4132//7364 4136//7364
f 4132//7365 4133//7365 4137//7365
f 4136//7366 4137//7366 4138//7366
f 4136//7367 4138//7367 4135//7367
f 4132//7368 4137//7368 4136//7368
f 4137//7369 4133//7369 4139//7369
f 4137//7370 4139//7370 4140//7370
f 4094//7371 4141//7371 4095//7371
f 4095//7371 4141//7371 4142//7371
f 4094//7372 4099//7372 4141//7372
f 4099//7373 4143//7373 4141//7373
f 4141//7374 4144//7374 4142//7374
f 4141//7375 4143//7375 4144//7375
f 4106//7376 3764//7376 3759//7376
f 4107//7377 3763//7377 4145//7377
f 4095//7378 4142//7378 4106//7378
f 4106//7379 4142//7379 4146//7379
f 4106//7380 4146//7380 3764//7380
f 4146//7381 3767//7381 3764//7381
f 4142//7382 4144//7382 4147//7382
f 4142//7383 4147//7383 4146//7383
f 4107//7384 4148//7384 4108//7384
f 4107//7385 4145//7385 4148//7385
f 4145//7377 3763//7377 3768//7377
f 4145//7386 3768//7386 4149//7386
f 4145//7387 4149//7387 4148//7387
f 4148//7388 4149//7388 4150//7388
f 4146//7386 4147//7386 3767//7386
f 4149//7386 3768//7386 3771//7386
f 4099//7389 4135//7389 4151//7389
f 4135//7390 4138//7390 4151//7390
f 4151//7391 4138//7391 4152//7391
f 4099//7392 4151//7392 4143//7392
f 4151//7393 4153//7393 4143//7393
f 4151//7394 4152//7394 4153//7394
f 4137//7395 4140//7395 4138//7395
f 4152//7396 4138//7396 4140//7396
f 4140//7397 4139//7397 4154//7397
f 4152//7398 4140//7398 4155//7398
f 4140//7399 4154//7399 4155//7399
f 4155//7400 4154//7400 4156//7400
f 4152//7401 4155//7401 4157//7401
f 4144//7402 4143//7402 4158//7402
f 4143//7403 4153//7403 4158//7403
f 4152//7404 4157//7404 4153//7404
f 4153//7405 4159//7405 4158//7405
f 4153//7406 4157//7406 4159//7406
f 4155//7407 4160//7407 4157//7407
f 4155//7408 4156//7408 4160//7408
f 4157//7409 4160//7409 4161//7409
f 4157//7410 4161//7410 4159//7410
f 4144//7411 4158//7411 4162//7411
f 4144//7412 4162//7412 4147//7412
f 4147//7413 3772//7413 3767//7413
f 4147//7413 4162//7413 3772//7413
f 4158//7414 4163//7414 4162//7414
f 4162//7415 3774//7415 3772//7415
f 4149//7413 3771//7413 4164//7413
f 4164//7413 3771//7413 3776//7413
f 4149//7416 4164//7416 4150//7416
f 4150//7417 4164//7417 4165//7417
f 4164//7415 3776//7415 4166//7415
f 4164//7418 4166//7418 4165//7418
f 4158//7419 4159//7419 4163//7419
f 4162//7415 4163//7415 3774//7415
f 4159//7420 4161//7420 4167//7420
f 4159//7421 4167//7421 4163//7421
f 4163//7422 3779//7422 3774//7422
f 4163//7422 4167//7422 3779//7422
f 4166//7415 3776//7415 3781//7415
f 4165//7423 4166//7423 4168//7423
f 4166//7422 3781//7422 4169//7422
f 4169//7422 3781//7422 3783//7422
f 4166//7424 4169//7424 4168//7424
f 4168//7425 4169//7425 4170//7425
f 3879//7426 4102//7426 4171//7426
f 3879//7427 4171//7427 3933//7427
f 3933//7428 4172//7428 3935//7428
f 3933//7429 4171//7429 4172//7429
f 4102//7430 4173//7430 4171//7430
f 4171//7431 4174//7431 4172//7431
f 3935//7432 4172//7432 3938//7432
f 4172//7433 4175//7433 3938//7433
f 3938//7434 4175//7434 3940//7434
f 4172//7435 4176//7435 4175//7435
f 4172//7436 4174//7436 4176//7436
f 4175//7437 4176//7437 4177//7437
f 4102//7438 4104//7438 4173//7438
f 4171//7439 4173//7439 4174//7439
f 4104//7440 4178//7440 4173//7440
f 4104//7441 4108//7441 4178//7441
f 4173//7442 4179//7442 4174//7442
f 4173//7443 4178//7443 4179//7443
f 4178//7444 4180//7444 4179//7444
f 4176//7445 4174//7445 4181//7445
f 4174//7446 4179//7446 4181//7446
f 4179//7447 4182//7447 4181//7447
f 4179//7448 4180//7448 4182//7448
f 3940//7449 4183//7449 3953//7449
f 4175//7450 4183//7450 3940//7450
f 4183//7451 4184//7451 3953//7451
f 4183//7452 4185//7452 4184//7452
f 4183//7453 4177//7453 4185//7453
f 4175//7454 4177//7454 4183//7454
f 4176//7455 4186//7455 4177//7455
f 4185//7456 4177//7456 4187//7456
f 4177//7457 4186//7457 4187//7457
f 4187//7458 4186//7458 4188//7458
f 4188//7459 4189//7459 4190//7459
f 4176//7460 4181//7460 4186//7460
f 4181//7461 4189//7461 4186//7461
f 4181//7462 4182//7462 4189//7462
f 4188//7458 4186//7458 4189//7458
f 4189//7463 4182//7463 4191//7463
f 4182//7464 4180//7464 4192//7464
f 4182//7465 4192//7465 4191//7465
f 4191//7466 4192//7466 4193//7466
f 4190//7467 4189//7467 4191//7467
f 4190//7468 4191//7468 4194//7468
f 4191//7469 4193//7469 4194//7469
f 4194//7470 4193//7470 4195//7470
f 4195//7471 4196//7471 4197//7471
f 4193//7472 4192//7472 4198//7472
f 4193//7473 4198//7473 4196//7473
f 4195//7474 4193//7474 4196//7474
f 4196//7475 4199//7475 4197//7475
f 4196//7476 4200//7476 4199//7476
f 3953//7477 4184//7477 4201//7477
f 3953//7478 4201//7478 3962//7478
f 4184//7479 4202//7479 4201//7479
f 4184//7480 4185//7480 4202//7480
f 4185//7481 4187//7481 4203//7481
f 4185//7482 4203//7482 4202//7482
f 4187//7483 4204//7483 4203//7483
f 4187//7484 4188//7484 4204//7484
f 4188//7485 4190//7485 4205//7485
f 4188//7486 4205//7486 4204//7486
f 4190//7487 4206//7487 4205//7487
f 4194//7488 4207//7488 4206//7488
f 4195//7489 4208//7489 4207//7489
f 4190//7490 4194//7490 4206//7490
f 4194//7491 4195//7491 4207//7491
f 4195//7492 4197//7492 4208//7492
f 4178//7493 4108//7493 4209//7493
f 4108//7494 4148//7494 4209//7494
f 4178//7495 4209//7495 4180//7495
f 4209//7496 4210//7496 4180//7496
f 4148//7497 4150//7497 4209//7497
f 4209//7498 4150//7498 4210//7498
f 4180//7499 4210//7499 4211//7499
f 4210//7500 4212//7500 4211//7500
f 4212//7501 4213//7501 4211//7501
f 4180//7502 4211//7502 4192//7502
f 4211//7503 4198//7503 4192//7503
f 4211//7504 4213//7504 4198//7504
f 4214//7505 4215//7505 4213//7505
f 4213//7506 4200//7506 4198//7506
f 4196//7507 4198//7507 4200//7507
f 4200//7508 4216//7508 4199//7508
f 4213//7509 4215//7509 4200//7509
f 4200//7510 4215//7510 4216//7510
f 4215//7511 4217//7511 4216//7511
f 4150//7512 4165//7512 4210//7512
f 4210//7513 4165//7513 4212//7513
f 4212//7514 4165//7514 4168//7514
f 4212//7515 4214//7515 4213//7515
f 4212//7516 4168//7516 4214//7516
f 4214//7517 4170//7517 4218//7517
f 4214//7518 4218//7518 4215//7518
f 4215//7519 4218//7519 4217//7519
f 4214//7520 4168//7520 4170//7520
f 3901//4221 3908//4221 4118//4221
f 4114//4221 4118//4221 4119//4221
f 4115//4221 4119//4221 4120//4221
f 4116//4221 4120//4221 4121//4221
f 4117//4221 4121//4221 4123//4221
f 4122//4221 4123//4221 4124//4221
f 4125//4221 4124//4221 4126//4221
f 4127//4221 4126//4221 4131//4221
f 4123//7521 4121//7521 4219//7521
f 3908//7522 4220//7522 4118//7522
f 4118//7523 4220//7523 4119//7523
f 3908//7524 4011//7524 4220//7524
f 4119//7525 4221//7525 4120//7525
f 4120//7526 4222//7526 4121//7526
f 4119//7523 4220//7523 4221//7523
f 4120//7527 4221//7527 4222//7527
f 4131//7528 4126//7528 4223//7528
f 4124//7529 4224//7529 4126//7529
f 4124//7530 4123//7530 4225//7530
f 4131//7531 4223//7531 4133//7531
f 4126//7532 4224//7532 4223//7532
f 4124//7533 4225//7533 4224//7533
f 4121//7534 4222//7534 4219//7534
f 4123//7535 4219//7535 4225//7535
f 4225//7536 4219//7536 4226//7536
f 4011//7537 4227//7537 4220//7537
f 4220//7538 4227//7538 4221//7538
f 4221//7539 4227//7539 4228//7539
f 4011//7540 4015//7540 4227//7540
f 4015//7541 4229//7541 4227//7541
f 4222//7542 4221//7542 4228//7542
f 4222//7543 4230//7543 4219//7543
f 4222//7544 4228//7544 4230//7544
f 4227//7545 4229//7545 4228//7545
f 4228//7546 4231//7546 4230//7546
f 4133//7547 4223//7547 4232//7547
f 4223//7548 4224//7548 4233//7548
f 4225//7549 4234//7549 4224//7549
f 4225//7550 4226//7550 4234//7550
f 4224//7551 4234//7551 4233//7551
f 4133//7552 4232//7552 4139//7552
f 4223//7553 4233//7553 4232//7553
f 4139//7554 4232//7554 4235//7554
f 4232//7555 4233//7555 4236//7555
f 4233//7556 4237//7556 4236//7556
f 4219//7557 4230//7557 4226//7557
f 4226//7558 4238//7558 4234//7558
f 4226//7559 4230//7559 4239//7559
f 4230//7560 4231//7560 4239//7560
f 4226//7561 4239//7561 4238//7561
f 4233//7562 4234//7562 4237//7562
f 4234//7563 4238//7563 4237//7563
f 4238//7564 4240//7564 4237//7564
f 4015//7565 4023//7565 4229//7565
f 4023//7566 4024//7566 4241//7566
f 4023//7567 4241//7567 4229//7567
f 4228//7568 4229//7568 4231//7568
f 4229//7569 4241//7569 4231//7569
f 4231//7570 4241//7570 4242//7570
f 4241//7571 4243//7571 4242//7571
f 4024//7572 4025//7572 4241//7572
f 4241//7573 4025//7573 4243//7573
f 4025//7574 4026//7574 4243//7574
f 4026//7575 4244//7575 4243//7575
f 4243//7576 4244//7576 4245//7576
f 4231//7577 4242//7577 4239//7577
f 4239//7578 4242//7578 4246//7578
f 4238//7579 4239//7579 4246//7579
f 4238//7580 4246//7580 4240//7580
f 4242//7581 4245//7581 4246//7581
f 4246//7582 4247//7582 4240//7582
f 4246//7583 4245//7583 4247//7583
f 4242//7584 4243//7584 4245//7584
f 4244//7585 4248//7585 4245//7585
f 4247//7586 4245//7586 4248//7586
f 4247//7587 4248//7587 4249//7587
f 4026//7588 4032//7588 4244//7588
f 4032//7589 3748//7589 4250//7589
f 4244//7590 4032//7590 4250//7590
f 4250//7589 3748//7589 3785//7589
f 4244//7591 4250//7591 4248//7591
f 4250//7592 3785//7592 4251//7592
f 4034//7589 3787//7589 3750//7589
f 4034//7589 4252//7589 3787//7589
f 4034//7593 4035//7593 4253//7593
f 4034//7594 4253//7594 4252//7594
f 4252//7592 3789//7592 3787//7592
f 4252//7595 4253//7595 4254//7595
f 4250//7596 4251//7596 4248//7596
f 4251//7592 3785//7592 3790//7592
f 4248//7597 4251//7597 4249//7597
f 4251//7598 3790//7598 4255//7598
f 4251//7599 4255//7599 4249//7599
f 4255//7598 3790//7598 3792//7598
f 4252//7592 4256//7592 3789//7592
f 4252//7600 4254//7600 4256//7600
f 4256//7598 3794//7598 3789//7598
f 4256//7598 4257//7598 3794//7598
f 4256//7601 4254//7601 4258//7601
f 4256//7602 4258//7602 4257//7602
f 4139//7603 4235//7603 4154//7603
f 4232//7604 4236//7604 4235//7604
f 4236//7605 4259//7605 4235//7605
f 4154//7606 4235//7606 4260//7606
f 4154//7607 4260//7607 4156//7607
f 4235//7608 4259//7608 4260//7608
f 4259//7609 4261//7609 4260//7609
f 4236//7610 4237//7610 4262//7610
f 4236//7611 4262//7611 4259//7611
f 4237//7612 4240//7612 4262//7612
f 4262//7613 4240//7613 4263//7613
f 4259//7614 4262//7614 4264//7614
f 4262//7615 4263//7615 4264//7615
f 4156//7616 4260//7616 4160//7616
f 4260//7617 4261//7617 4160//7617
f 4261//7618 4161//7618 4160//7618
f 4261//7619 4264//7619 4265//7619
f 4261//7620 4265//7620 4161//7620
f 4259//7621 4264//7621 4261//7621
f 4265//7622 4264//7622 4266//7622
f 4263//7623 4266//7623 4264//7623
f 4263//7624 4267//7624 4266//7624
f 4161//7625 4265//7625 4167//7625
f 4265//7626 4268//7626 4167//7626
f 4167//7627 3796//7627 3779//7627
f 4167//7627 4268//7627 3796//7627
f 4265//7628 4266//7628 4268//7628
f 4268//7629 3798//7629 3796//7629
f 4169//7627 3783//7627 4269//7627
f 4269//7627 3783//7627 3800//7627
f 4169//7630 4270//7630 4170//7630
f 4169//7631 4269//7631 4270//7631
f 4269//7629 3800//7629 4271//7629
f 4269//7632 4272//7632 4270//7632
f 4266//7633 4267//7633 4273//7633
f 4273//7634 4267//7634 4274//7634
f 4273//7635 3803//7635 3798//7635
f 4273//7635 4274//7635 3803//7635
f 4268//7636 4266//7636 4273//7636
f 4268//7629 4273//7629 3798//7629
f 4271//7635 3806//7635 4275//7635
f 4275//7635 3806//7635 3807//7635
f 4271//7637 4275//7637 4276//7637
f 4271//7638 4276//7638 4272//7638
f 4271//7629 3800//7629 3806//7629
f 4269//7639 4271//7639 4272//7639
f 4247//7640 4277//7640 4240//7640
f 4263//7641 4240//7641 4277//7641
f 4247//7642 4249//7642 4277//7642
f 4277//7643 4249//7643 4278//7643
f 4263//7644 4277//7644 4267//7644
f 4277//7645 4278//7645 4267//7645
f 4278//7646 4249//7646 4255//7646
f 4278//7647 4255//7647 4279//7647
f 4278//7648 4274//7648 4267//7648
f 4278//7649 4279//7649 4274//7649
f 4279//7650 3792//7650 3809//7650
f 4279//7651 3809//7651 4274//7651
f 4280//7652 4257//7652 4258//7652
f 4281//7653 4257//7653 4280//7653
f 4280//7654 4276//7654 4275//7654
f 4281//7655 4280//7655 4275//7655
f 4281//7656 3811//7656 4257//7656
f 4281//7657 3807//7657 3811//7657
f 4279//7650 4255//7650 3792//7650
f 4257//7658 3811//7658 3794//7658
f 4274//7651 3809//7651 3803//7651
f 4281//7651 4275//7651 3807//7651
f 4282//7659 4283//7659 4284//7659
f 4066//7660 4285//7660 4067//7660
f 4285//7661 4286//7661 4287//7661
f 4286//7662 4288//7662 4287//7662
f 4285//7663 4287//7663 4067//7663
f 4289//7664 4288//7664 4286//7664
f 4289//7665 4284//7665 4290//7665
f 4289//7666 4290//7666 4288//7666
f 4287//7667 4288//7667 4291//7667
f 4288//7668 4290//7668 4292//7668
f 4197//7669 4293//7669 4294//7669
f 4294//7670 4295//7670 4296//7670
f 4282//7671 4296//7671 4297//7671
f 4282//7672 4297//7672 4283//7672
f 4296//7673 4295//7673 4297//7673
f 4197//7674 4199//7674 4293//7674
f 4294//7675 4293//7675 4295//7675
f 4199//7676 4298//7676 4293//7676
f 4293//7677 4299//7677 4295//7677
f 4295//7678 4299//7678 4300//7678
f 4284//7665 4283//7665 4290//7665
f 4283//7679 4297//7679 4301//7679
f 4283//7680 4302//7680 4290//7680
f 4290//7681 4302//7681 4292//7681
f 4283//7682 4301//7682 4302//7682
f 4295//7683 4300//7683 4297//7683
f 4297//7684 4300//7684 4301//7684
f 4301//7685 4300//7685 4303//7685
f 4285//7686 4075//7686 4304//7686
f 4286//7687 4304//7687 4305//7687
f 4066//7688 4075//7688 4285//7688
f 4285//7689 4304//7689 4286//7689
f 4289//7690 4305//7690 4306//7690
f 4284//7691 4306//7691 4307//7691
f 4289//7692 4286//7692 4305//7692
f 4197//7693 4308//7693 4208//7693
f 4294//7694 4309//7694 4308//7694
f 4282//7695 4307//7695 4310//7695
f 4296//7696 4310//7696 4309//7696
f 4197//7697 4294//7697 4308//7697
f 4294//7698 4296//7698 4309//7698
f 4282//7699 4310//7699 4296//7699
f 4289//7700 4306//7700 4284//7700
f 4282//7701 4284//7701 4307//7701
f 4311//7702 4312//7702 4313//7702
f 4067//7703 4287//7703 4081//7703
f 4287//7704 4291//7704 4081//7704
f 4081//7705 4291//7705 4082//7705
f 4291//7706 4312//7706 4082//7706
f 4288//7707 4292//7707 4291//7707
f 4291//7708 4292//7708 4312//7708
f 4292//7709 4313//7709 4312//7709
f 4035//7710 4083//7710 4311//7710
f 4083//7711 4082//7711 4312//7711
f 4083//7712 4312//7712 4311//7712
f 4035//7713 4311//7713 4253//7713
f 4311//7714 4314//7714 4253//7714
f 4314//7715 4313//7715 4315//7715
f 4316//7716 4315//7716 4303//7716
f 4316//7717 4314//7717 4315//7717
f 4292//7718 4302//7718 4313//7718
f 4313//7719 4302//7719 4315//7719
f 4301//7720 4315//7720 4302//7720
f 4301//7721 4303//7721 4315//7721
f 4253//7722 4314//7722 4254//7722
f 4311//7723 4313//7723 4314//7723
f 4316//7724 4254//7724 4314//7724
f 4316//7725 4258//7725 4254//7725
f 4317//7726 4318//7726 4319//7726
f 4199//7727 4216//7727 4298//7727
f 4299//7728 4298//7728 4318//7728
f 4293//7729 4298//7729 4299//7729
f 4216//7730 4319//7730 4298//7730
f 4216//7731 4217//7731 4319//7731
f 4298//7732 4319//7732 4318//7732
f 4320//7733 4303//7733 4321//7733
f 4322//7734 4321//7734 4318//7734
f 4320//7735 4321//7735 4322//7735
f 4299//7736 4321//7736 4300//7736
f 4299//7737 4318//7737 4321//7737
f 4321//7738 4303//7738 4300//7738
f 4317//7739 4218//7739 4170//7739
f 4218//7740 4319//7740 4217//7740
f 4317//7741 4319//7741 4218//7741
f 4317//7742 4270//7742 4322//7742
f 4317//7743 4170//7743 4270//7743
f 4270//7744 4272//7744 4322//7744
f 4317//7745 4322//7745 4318//7745
f 4320//7746 4322//7746 4272//7746
f 4320//7747 4272//7747 4276//7747
f 4316//7748 4303//7748 4323//7748
f 4320//7749 4323//7749 4303//7749
f 4316//7750 4323//7750 4258//7750
f 4280//7751 4258//7751 4323//7751
f 4320//7752 4276//7752 4323//7752
f 4280//7753 4323//7753 4276//7753
f 4324//7754 3956//7754 3954//7754
f 4325//7755 3954//7755 3955//7755
f 4325//7756 4324//7756 3954//7756
f 4325//7757 3955//7757 4326//7757
f 4327//7758 3958//7758 3957//7758
f 4324//7759 3957//7759 3956//7759
f 4328//7760 3959//7760 3958//7760
f 4324//7761 4327//7761 3957//7761
f 4329//7762 3958//7762 4327//7762
f 4329//7763 4328//7763 3958//7763
f 4324//4245 4330//4245 4327//4245
f 4329//4245 4327//4245 4331//4245
f 4325//4245 4332//4245 4324//4245
f 4325//4245 4326//4245 4333//4245
f 4326//7764 3955//7764 3960//7764
f 4334//7765 3960//7765 3961//7765
f 4335//7766 3961//7766 3962//7766
f 4326//7767 3960//7767 4334//7767
f 4334//7768 3961//7768 4335//7768
f 4335//7769 3962//7769 4336//7769
f 4334//4245 4335//4245 2687//4245
f 4335//4245 4336//4245 2681//4245
f 4334//4245 2687//4245 2665//4245
f 4334//4245 2665//4245 2667//4245
f 4334//4245 2667//4245 2669//4245
f 4334//4245 2669//4245 2671//4245
f 4326//4245 4334//4245 4337//4245
f 4334//4245 2671//4245 4337//4245
f 4335//4245 2675//4245 2687//4245
f 4335//4245 2676//4245 2675//4245
f 4335//4245 2681//4245 2676//4245
f 2681//4245 4336//4245 2683//4245
f 4331//7770 4068//7770 3959//7770
f 4330//7771 4069//7771 4068//7771
f 4332//7772 4070//7772 4069//7772
f 4328//7773 4331//7773 3959//7773
f 4331//7774 4330//7774 4068//7774
f 4329//4245 4331//4245 4328//4245
f 4330//7775 4332//7775 4069//7775
f 4327//4245 4330//4245 4331//4245
f 4324//4245 4332//4245 4330//4245
f 4325//4245 4333//4245 4332//4245
f 4333//7776 4071//7776 4070//7776
f 4333//7777 4072//7777 4071//7777
f 4332//7778 4333//7778 4070//7778
f 4333//7779 4337//7779 4072//7779
f 4326//4245 4337//4245 4333//4245
f 2671//4245 2693//4245 4337//4245
f 2693//4245 2694//4245 4337//4245
f 2694//4245 2696//4245 4338//4245
f 2696//4245 2699//4245 4338//4245
f 2694//4245 4338//4245 4337//4245
f 2699//4245 2701//4245 4338//4245
f 2701//4245 2706//4245 4338//4245
f 2706//4245 2708//4245 4339//4245
f 2708//4245 2710//4245 4339//4245
f 4337//7780 4073//7780 4072//7780
f 4338//7781 4074//7781 4073//7781
f 4340//7782 4075//7782 4074//7782
f 4337//7783 4338//7783 4073//7783
f 2706//4245 4339//4245 4338//4245
f 4339//4245 2710//4245 4340//4245
f 4338//7784 4339//7784 4074//7784
f 4339//7785 4340//7785 4074//7785
f 4336//7786 3962//7786 4201//7786
f 4341//7787 4201//7787 4202//7787
f 4342//7788 4202//7788 4203//7788
f 4336//7789 4201//7789 4343//7789
f 4343//7790 4201//7790 4341//7790
f 4336//4245 4343//4245 2683//4245
f 4343//4245 4341//4245 2717//4245
f 4341//7791 4202//7791 4342//7791
f 4343//4245 2714//4245 2683//4245
f 4343//4245 2717//4245 2714//4245
f 4341//4245 2720//4245 2717//4245
f 4341//4245 2723//4245 2720//4245
f 4341//4245 4342//4245 2726//4245
f 4341//4245 2725//4245 2723//4245
f 4341//4245 2726//4245 2725//4245
f 4342//4245 2728//4245 2726//4245
f 4342//4245 2730//4245 2728//4245
f 4342//4245 4344//4245 4345//4245
f 4344//7792 4203//7792 4204//7792
f 4344//7793 4204//7793 4205//7793
f 4342//7794 4203//7794 4344//7794
f 4344//7795 4205//7795 4346//7795
f 4346//7796 4205//7796 4206//7796
f 4347//7797 4206//7797 4207//7797
f 4348//7798 4207//7798 4208//7798
f 4344//4245 4346//4245 4349//4245
f 4346//4245 4347//4245 4350//4245
f 4347//4245 4348//4245 4351//4245
f 4346//7799 4206//7799 4347//7799
f 4347//7800 4207//7800 4348//7800
f 4348//7801 4208//7801 4352//7801
f 2710//4245 2738//4245 4340//4245
f 2738//4245 2742//4245 4353//4245
f 2742//4245 2733//4245 4353//4245
f 2732//4245 4353//4245 2733//4245
f 4342//4245 4354//4245 2730//4245
f 4342//4245 4345//4245 4354//4245
f 2730//4245 4354//4245 2744//4245
f 2744//4245 4354//4245 2746//4245
f 2746//4245 4354//4245 2735//4245
f 2732//4245 2735//4245 4354//4245
f 4353//7802 4304//7802 4075//7802
f 4354//7803 4305//7803 4304//7803
f 4345//7804 4306//7804 4305//7804
f 2738//4245 4353//4245 4340//4245
f 2732//4245 4354//4245 4353//4245
f 4340//7805 4353//7805 4075//7805
f 4353//7806 4354//7806 4304//7806
f 4354//7807 4345//7807 4305//7807
f 4352//7808 4208//7808 4308//7808
f 4350//7809 4309//7809 4310//7809
f 4351//7810 4308//7810 4309//7810
f 4344//4245 4349//4245 4345//4245
f 4346//4245 4350//4245 4349//4245
f 4348//4245 4355//4245 4351//4245
f 4347//4245 4351//4245 4350//4245
f 4352//7811 4308//7811 4355//7811
f 4351//7812 4355//7812 4308//7812
f 4348//4245 4352//4245 4355//4245
f 4351//7813 4309//7813 4350//7813
f 4349//7814 4307//7814 4306//7814
f 4350//7815 4310//7815 4307//7815
f 4345//7816 4349//7816 4306//7816
f 4350//7817 4307//7817 4349//7817
# Vertices: 4355, normals: 7817, texture coordinates: 0, faces: 8706

